-- The CXX compiler identification is Clang 23.0.0
-- Detecting CXX compiler ABI info
-- Detecting CXX compiler ABI info - done
-- Check for working CXX compiler: /work1/lmeadows/therock/stable-plain-multiarch/bin/amdclang++ - skipped
-- Detecting CXX compile features
-- Detecting CXX compile features - done
-- Found GTest: /usr/lib/x86_64-linux-gnu/cmake/GTest/GTestConfig.cmake (found suitable version "1.11.0", minimum required is "1.11")  
CMake Deprecation Warning at /work1/lmeadows/therock/stable-plain-multiarch/share/rocm/cmake/ROCMConfig.cmake:12 (message):
  Use of find_package(ROCM) is deprecated as of ROCm 6.4.  Please use
  find_package(ROCmCMakeBuildTools)
Call Stack (most recent call first):
  cmake/Dependencies.cmake:83 (find_package)
  CMakeLists.txt:173 (include)


-- Checking for ROCm support for GPU targets: gfx950
-- Performing Test COMPILER_HAS_TARGET_ID_gfx950
-- Performing Test COMPILER_HAS_TARGET_ID_gfx950 - Success
-- Compiling for gfx950
CMake Deprecation Warning at /work1/lmeadows/therock/stable-plain-multiarch/share/rocm/cmake/ROCMConfig.cmake:12 (message):
  Use of find_package(ROCM) is deprecated as of ROCm 6.4.  Please use
  find_package(ROCmCMakeBuildTools)
Call Stack (most recent call first):
  cmake/Dependencies.cmake:83 (find_package)
  CMakeLists.txt:264 (include)


-- ROCM_PATH found: /work1/lmeadows/therock/stable-plain-multiarch
-- Compiling with amdclang++
-- Found Threads: TRUE  
-- HIP: Using hipcc from relative path: /work1/lmeadows/therock/stable-plain-multiarch/bin/hipcc
-- HIP_PLATFORM using hip_HIPCONFIG_EXECUTABLE: amd
-- Performing Test HIP_CLANG_SUPPORTS_PARALLEL_JOBS
-- Performing Test HIP_CLANG_SUPPORTS_PARALLEL_JOBS - Success
-- HIP compiler:     clang
-- HIP runtime:      rocclr
-- amdclang++ executable: /work1/lmeadows/therock/stable-plain-multiarch/bin/amdclang++
-- amdclang++ version:    23.0.0git
-- hipconfig executable: /work1/lmeadows/therock/stable-plain-multiarch/bin/hipconfig
-- amdclang++ HIP version:    7.15.26333
-- Reading ROCM version from /work1/lmeadows/therock/stable-plain-multiarch/.info/version
-- ROCm version: 10.0.0

*******************************************************************************
*------------------------------- ROCMChecks WARNING --------------------------*
  Options and properties should be set on a cmake target where possible. The
  variable 'CMAKE_CXX_FLAGS' may be set by the cmake toolchain, either by
  calling 'cmake -DCMAKE_CXX_FLAGS=""'
  or set in a toolchain file and added with
  'cmake -DCMAKE_TOOLCHAIN_FILE=<toolchain-file>'. ROCMChecks now calling:
CMake Warning at /work1/lmeadows/therock/stable-plain-multiarch/share/rocmcmakebuildtools/cmake/ROCMChecks.cmake:46 (message):
  'CMAKE_CXX_FLAGS' is set at
  /work1/lmeadows/rccl-work/rccl-fakes/projects/rccl/CMakeLists.txt:<line#>
  shown below:
Call Stack (most recent call first):
  /usr/share/cmake-3.22/Modules/CheckSymbolExists.cmake:9223372036854775807 (rocm_check_toolchain_var)
  /usr/share/cmake-3.22/Modules/CheckSymbolExists.cmake:84 (string)
  /usr/share/cmake-3.22/Modules/CheckSymbolExists.cmake:74 (__CHECK_SYMBOL_EXISTS_FILTER_FLAGS)
  cmake/CheckSymbolExistsNoWarn.cmake:38 (_check_symbol_exists)
  CMakeLists.txt:456 (check_symbol_exists)


*-----------------------------------------------------------------------------*
*******************************************************************************


*******************************************************************************
*------------------------------- ROCMChecks WARNING --------------------------*
  Options and properties should be set on a cmake target where possible. The
  variable 'CMAKE_CXX_FLAGS' may be set by the cmake toolchain, either by
  calling 'cmake -DCMAKE_CXX_FLAGS=""'
  or set in a toolchain file and added with
  'cmake -DCMAKE_TOOLCHAIN_FILE=<toolchain-file>'. ROCMChecks now calling:
CMake Warning at /work1/lmeadows/therock/stable-plain-multiarch/share/rocmcmakebuildtools/cmake/ROCMChecks.cmake:46 (message):
  'CMAKE_CXX_FLAGS' is set at
  /work1/lmeadows/rccl-work/rccl-fakes/projects/rccl/CMakeLists.txt:<line#>
  shown below:
Call Stack (most recent call first):
  /usr/share/cmake-3.22/Modules/CheckSymbolExists.cmake:9223372036854775807 (rocm_check_toolchain_var)
  /usr/share/cmake-3.22/Modules/CheckSymbolExists.cmake:84 (string)
  /usr/share/cmake-3.22/Modules/CheckSymbolExists.cmake:74 (__CHECK_SYMBOL_EXISTS_FILTER_FLAGS)
  cmake/CheckSymbolExistsNoWarn.cmake:38 (_check_symbol_exists)
  CMakeLists.txt:456 (check_symbol_exists)


*-----------------------------------------------------------------------------*
*******************************************************************************


*******************************************************************************
*------------------------------- ROCMChecks WARNING --------------------------*
  Options and properties should be set on a cmake target where possible. The
  variable 'CMAKE_CXX_FLAGS' may be set by the cmake toolchain, either by
  calling 'cmake -DCMAKE_CXX_FLAGS=""'
  or set in a toolchain file and added with
  'cmake -DCMAKE_TOOLCHAIN_FILE=<toolchain-file>'. ROCMChecks now calling:
CMake Warning at /work1/lmeadows/therock/stable-plain-multiarch/share/rocmcmakebuildtools/cmake/ROCMChecks.cmake:46 (message):
  'CMAKE_CXX_FLAGS' is set at
  /work1/lmeadows/rccl-work/rccl-fakes/projects/rccl/CMakeLists.txt:<line#>
  shown below:
Call Stack (most recent call first):
  /usr/share/cmake-3.22/Modules/CheckSymbolExists.cmake:9223372036854775807 (rocm_check_toolchain_var)
  /usr/share/cmake-3.22/Modules/CheckSymbolExists.cmake:85 (string)
  /usr/share/cmake-3.22/Modules/CheckSymbolExists.cmake:74 (__CHECK_SYMBOL_EXISTS_FILTER_FLAGS)
  cmake/CheckSymbolExistsNoWarn.cmake:38 (_check_symbol_exists)
  CMakeLists.txt:456 (check_symbol_exists)


*-----------------------------------------------------------------------------*
*******************************************************************************


*******************************************************************************
*------------------------------- ROCMChecks WARNING --------------------------*
  Options and properties should be set on a cmake target where possible. The
  variable 'CMAKE_CXX_FLAGS' may be set by the cmake toolchain, either by
  calling 'cmake -DCMAKE_CXX_FLAGS=""'
  or set in a toolchain file and added with
  'cmake -DCMAKE_TOOLCHAIN_FILE=<toolchain-file>'. ROCMChecks now calling:
CMake Warning at /work1/lmeadows/therock/stable-plain-multiarch/share/rocmcmakebuildtools/cmake/ROCMChecks.cmake:46 (message):
  'CMAKE_CXX_FLAGS' is set at
  /work1/lmeadows/rccl-work/rccl-fakes/projects/rccl/CMakeLists.txt:<line#>
  shown below:
Call Stack (most recent call first):
  /usr/share/cmake-3.22/Modules/CheckSymbolExists.cmake:9223372036854775807 (rocm_check_toolchain_var)
  /usr/share/cmake-3.22/Modules/CheckSymbolExists.cmake:85 (string)
  /usr/share/cmake-3.22/Modules/CheckSymbolExists.cmake:74 (__CHECK_SYMBOL_EXISTS_FILTER_FLAGS)
  cmake/CheckSymbolExistsNoWarn.cmake:38 (_check_symbol_exists)
  CMakeLists.txt:456 (check_symbol_exists)


*-----------------------------------------------------------------------------*
*******************************************************************************

-- Looking for hipDeviceMallocUncached
-- Looking for hipDeviceMallocUncached - found

*******************************************************************************
*------------------------------- ROCMChecks WARNING --------------------------*
  Options and properties should be set on a cmake target where possible. The
  variable 'CMAKE_CXX_FLAGS' may be set by the cmake toolchain, either by
  calling 'cmake -DCMAKE_CXX_FLAGS=""'
  or set in a toolchain file and added with
  'cmake -DCMAKE_TOOLCHAIN_FILE=<toolchain-file>'. ROCMChecks now calling:
CMake Warning at /work1/lmeadows/therock/stable-plain-multiarch/share/rocmcmakebuildtools/cmake/ROCMChecks.cmake:46 (message):
  'CMAKE_CXX_FLAGS' is set at
  /work1/lmeadows/rccl-work/rccl-fakes/projects/rccl/CMakeLists.txt:<line#>
  shown below:
Call Stack (most recent call first):
  /usr/share/cmake-3.22/Modules/CheckSymbolExists.cmake:9223372036854775807 (rocm_check_toolchain_var)
  /usr/share/cmake-3.22/Modules/CheckSymbolExists.cmake:89 (set)
  /usr/share/cmake-3.22/Modules/CheckSymbolExists.cmake:76 (__CHECK_SYMBOL_EXISTS_RESTORE_FLAGS)
  cmake/CheckSymbolExistsNoWarn.cmake:38 (_check_symbol_exists)
  CMakeLists.txt:456 (check_symbol_exists)


*-----------------------------------------------------------------------------*
*******************************************************************************


*******************************************************************************
*------------------------------- ROCMChecks WARNING --------------------------*
  Options and properties should be set on a cmake target where possible. The
  variable 'CMAKE_CXX_FLAGS' may be set by the cmake toolchain, either by
  calling 'cmake -DCMAKE_CXX_FLAGS=""'
  or set in a toolchain file and added with
  'cmake -DCMAKE_TOOLCHAIN_FILE=<toolchain-file>'. ROCMChecks now calling:
CMake Warning at /work1/lmeadows/therock/stable-plain-multiarch/share/rocmcmakebuildtools/cmake/ROCMChecks.cmake:46 (message):
  'CMAKE_CXX_FLAGS' is set at
  /work1/lmeadows/rccl-work/rccl-fakes/projects/rccl/CMakeLists.txt:<line#>
  shown below:
Call Stack (most recent call first):
  /usr/share/cmake-3.22/Modules/CheckSymbolExists.cmake:9223372036854775807 (rocm_check_toolchain_var)
  /usr/share/cmake-3.22/Modules/CheckSymbolExists.cmake:89 (set)
  /usr/share/cmake-3.22/Modules/CheckSymbolExists.cmake:76 (__CHECK_SYMBOL_EXISTS_RESTORE_FLAGS)
  cmake/CheckSymbolExistsNoWarn.cmake:38 (_check_symbol_exists)
  CMakeLists.txt:456 (check_symbol_exists)


*-----------------------------------------------------------------------------*
*******************************************************************************


*******************************************************************************
*------------------------------- ROCMChecks WARNING --------------------------*
  Options and properties should be set on a cmake target where possible. The
  variable 'CMAKE_CXX_FLAGS' may be set by the cmake toolchain, either by
  calling 'cmake -DCMAKE_CXX_FLAGS=""'
  or set in a toolchain file and added with
  'cmake -DCMAKE_TOOLCHAIN_FILE=<toolchain-file>'. ROCMChecks now calling:
CMake Warning at /work1/lmeadows/therock/stable-plain-multiarch/share/rocmcmakebuildtools/cmake/ROCMChecks.cmake:46 (message):
  'CMAKE_CXX_FLAGS' is set at
  /work1/lmeadows/rccl-work/rccl-fakes/projects/rccl/CMakeLists.txt:<line#>
  shown below:
Call Stack (most recent call first):
  /usr/share/cmake-3.22/Modules/CheckSymbolExists.cmake:9223372036854775807 (rocm_check_toolchain_var)
  /usr/share/cmake-3.22/Modules/CheckSymbolExists.cmake:84 (string)
  /usr/share/cmake-3.22/Modules/CheckSymbolExists.cmake:74 (__CHECK_SYMBOL_EXISTS_FILTER_FLAGS)
  cmake/CheckSymbolExistsNoWarn.cmake:38 (_check_symbol_exists)
  CMakeLists.txt:459 (check_symbol_exists)


*-----------------------------------------------------------------------------*
*******************************************************************************


*******************************************************************************
*------------------------------- ROCMChecks WARNING --------------------------*
  Options and properties should be set on a cmake target where possible. The
  variable 'CMAKE_CXX_FLAGS' may be set by the cmake toolchain, either by
  calling 'cmake -DCMAKE_CXX_FLAGS=""'
  or set in a toolchain file and added with
  'cmake -DCMAKE_TOOLCHAIN_FILE=<toolchain-file>'. ROCMChecks now calling:
CMake Warning at /work1/lmeadows/therock/stable-plain-multiarch/share/rocmcmakebuildtools/cmake/ROCMChecks.cmake:46 (message):
  'CMAKE_CXX_FLAGS' is set at
  /work1/lmeadows/rccl-work/rccl-fakes/projects/rccl/CMakeLists.txt:<line#>
  shown below:
Call Stack (most recent call first):
  /usr/share/cmake-3.22/Modules/CheckSymbolExists.cmake:9223372036854775807 (rocm_check_toolchain_var)
  /usr/share/cmake-3.22/Modules/CheckSymbolExists.cmake:84 (string)
  /usr/share/cmake-3.22/Modules/CheckSymbolExists.cmake:74 (__CHECK_SYMBOL_EXISTS_FILTER_FLAGS)
  cmake/CheckSymbolExistsNoWarn.cmake:38 (_check_symbol_exists)
  CMakeLists.txt:459 (check_symbol_exists)


*-----------------------------------------------------------------------------*
*******************************************************************************


*******************************************************************************
*------------------------------- ROCMChecks WARNING --------------------------*
  Options and properties should be set on a cmake target where possible. The
  variable 'CMAKE_CXX_FLAGS' may be set by the cmake toolchain, either by
  calling 'cmake -DCMAKE_CXX_FLAGS=""'
  or set in a toolchain file and added with
  'cmake -DCMAKE_TOOLCHAIN_FILE=<toolchain-file>'. ROCMChecks now calling:
CMake Warning at /work1/lmeadows/therock/stable-plain-multiarch/share/rocmcmakebuildtools/cmake/ROCMChecks.cmake:46 (message):
  'CMAKE_CXX_FLAGS' is set at
  /work1/lmeadows/rccl-work/rccl-fakes/projects/rccl/CMakeLists.txt:<line#>
  shown below:
Call Stack (most recent call first):
  /usr/share/cmake-3.22/Modules/CheckSymbolExists.cmake:9223372036854775807 (rocm_check_toolchain_var)
  /usr/share/cmake-3.22/Modules/CheckSymbolExists.cmake:85 (string)
  /usr/share/cmake-3.22/Modules/CheckSymbolExists.cmake:74 (__CHECK_SYMBOL_EXISTS_FILTER_FLAGS)
  cmake/CheckSymbolExistsNoWarn.cmake:38 (_check_symbol_exists)
  CMakeLists.txt:459 (check_symbol_exists)


*-----------------------------------------------------------------------------*
*******************************************************************************


*******************************************************************************
*------------------------------- ROCMChecks WARNING --------------------------*
  Options and properties should be set on a cmake target where possible. The
  variable 'CMAKE_CXX_FLAGS' may be set by the cmake toolchain, either by
  calling 'cmake -DCMAKE_CXX_FLAGS=""'
  or set in a toolchain file and added with
  'cmake -DCMAKE_TOOLCHAIN_FILE=<toolchain-file>'. ROCMChecks now calling:
CMake Warning at /work1/lmeadows/therock/stable-plain-multiarch/share/rocmcmakebuildtools/cmake/ROCMChecks.cmake:46 (message):
  'CMAKE_CXX_FLAGS' is set at
  /work1/lmeadows/rccl-work/rccl-fakes/projects/rccl/CMakeLists.txt:<line#>
  shown below:
Call Stack (most recent call first):
  /usr/share/cmake-3.22/Modules/CheckSymbolExists.cmake:9223372036854775807 (rocm_check_toolchain_var)
  /usr/share/cmake-3.22/Modules/CheckSymbolExists.cmake:85 (string)
  /usr/share/cmake-3.22/Modules/CheckSymbolExists.cmake:74 (__CHECK_SYMBOL_EXISTS_FILTER_FLAGS)
  cmake/CheckSymbolExistsNoWarn.cmake:38 (_check_symbol_exists)
  CMakeLists.txt:459 (check_symbol_exists)


*-----------------------------------------------------------------------------*
*******************************************************************************

-- Looking for hipHostMallocUncached
-- Looking for hipHostMallocUncached - found

*******************************************************************************
*------------------------------- ROCMChecks WARNING --------------------------*
  Options and properties should be set on a cmake target where possible. The
  variable 'CMAKE_CXX_FLAGS' may be set by the cmake toolchain, either by
  calling 'cmake -DCMAKE_CXX_FLAGS=""'
  or set in a toolchain file and added with
  'cmake -DCMAKE_TOOLCHAIN_FILE=<toolchain-file>'. ROCMChecks now calling:
CMake Warning at /work1/lmeadows/therock/stable-plain-multiarch/share/rocmcmakebuildtools/cmake/ROCMChecks.cmake:46 (message):
  'CMAKE_CXX_FLAGS' is set at
  /work1/lmeadows/rccl-work/rccl-fakes/projects/rccl/CMakeLists.txt:<line#>
  shown below:
Call Stack (most recent call first):
  /usr/share/cmake-3.22/Modules/CheckSymbolExists.cmake:9223372036854775807 (rocm_check_toolchain_var)
  /usr/share/cmake-3.22/Modules/CheckSymbolExists.cmake:89 (set)
  /usr/share/cmake-3.22/Modules/CheckSymbolExists.cmake:76 (__CHECK_SYMBOL_EXISTS_RESTORE_FLAGS)
  cmake/CheckSymbolExistsNoWarn.cmake:38 (_check_symbol_exists)
  CMakeLists.txt:459 (check_symbol_exists)


*-----------------------------------------------------------------------------*
*******************************************************************************


*******************************************************************************
*------------------------------- ROCMChecks WARNING --------------------------*
  Options and properties should be set on a cmake target where possible. The
  variable 'CMAKE_CXX_FLAGS' may be set by the cmake toolchain, either by
  calling 'cmake -DCMAKE_CXX_FLAGS=""'
  or set in a toolchain file and added with
  'cmake -DCMAKE_TOOLCHAIN_FILE=<toolchain-file>'. ROCMChecks now calling:
CMake Warning at /work1/lmeadows/therock/stable-plain-multiarch/share/rocmcmakebuildtools/cmake/ROCMChecks.cmake:46 (message):
  'CMAKE_CXX_FLAGS' is set at
  /work1/lmeadows/rccl-work/rccl-fakes/projects/rccl/CMakeLists.txt:<line#>
  shown below:
Call Stack (most recent call first):
  /usr/share/cmake-3.22/Modules/CheckSymbolExists.cmake:9223372036854775807 (rocm_check_toolchain_var)
  /usr/share/cmake-3.22/Modules/CheckSymbolExists.cmake:89 (set)
  /usr/share/cmake-3.22/Modules/CheckSymbolExists.cmake:76 (__CHECK_SYMBOL_EXISTS_RESTORE_FLAGS)
  cmake/CheckSymbolExistsNoWarn.cmake:38 (_check_symbol_exists)
  CMakeLists.txt:459 (check_symbol_exists)


*-----------------------------------------------------------------------------*
*******************************************************************************


*******************************************************************************
*------------------------------- ROCMChecks WARNING --------------------------*
  Options and properties should be set on a cmake target where possible. The
  variable 'CMAKE_CXX_FLAGS' may be set by the cmake toolchain, either by
  calling 'cmake -DCMAKE_CXX_FLAGS=""'
  or set in a toolchain file and added with
  'cmake -DCMAKE_TOOLCHAIN_FILE=<toolchain-file>'. ROCMChecks now calling:
CMake Warning at /work1/lmeadows/therock/stable-plain-multiarch/share/rocmcmakebuildtools/cmake/ROCMChecks.cmake:46 (message):
  'CMAKE_CXX_FLAGS' is set at
  /work1/lmeadows/rccl-work/rccl-fakes/projects/rccl/CMakeLists.txt:<line#>
  shown below:
Call Stack (most recent call first):
  /usr/share/cmake-3.22/Modules/CheckSymbolExists.cmake:9223372036854775807 (rocm_check_toolchain_var)
  /usr/share/cmake-3.22/Modules/CheckSymbolExists.cmake:84 (string)
  /usr/share/cmake-3.22/Modules/CheckSymbolExists.cmake:74 (__CHECK_SYMBOL_EXISTS_FILTER_FLAGS)
  cmake/CheckSymbolExistsNoWarn.cmake:38 (_check_symbol_exists)
  CMakeLists.txt:462 (check_symbol_exists)


*-----------------------------------------------------------------------------*
*******************************************************************************


*******************************************************************************
*------------------------------- ROCMChecks WARNING --------------------------*
  Options and properties should be set on a cmake target where possible. The
  variable 'CMAKE_CXX_FLAGS' may be set by the cmake toolchain, either by
  calling 'cmake -DCMAKE_CXX_FLAGS=""'
  or set in a toolchain file and added with
  'cmake -DCMAKE_TOOLCHAIN_FILE=<toolchain-file>'. ROCMChecks now calling:
CMake Warning at /work1/lmeadows/therock/stable-plain-multiarch/share/rocmcmakebuildtools/cmake/ROCMChecks.cmake:46 (message):
  'CMAKE_CXX_FLAGS' is set at
  /work1/lmeadows/rccl-work/rccl-fakes/projects/rccl/CMakeLists.txt:<line#>
  shown below:
Call Stack (most recent call first):
  /usr/share/cmake-3.22/Modules/CheckSymbolExists.cmake:9223372036854775807 (rocm_check_toolchain_var)
  /usr/share/cmake-3.22/Modules/CheckSymbolExists.cmake:84 (string)
  /usr/share/cmake-3.22/Modules/CheckSymbolExists.cmake:74 (__CHECK_SYMBOL_EXISTS_FILTER_FLAGS)
  cmake/CheckSymbolExistsNoWarn.cmake:38 (_check_symbol_exists)
  CMakeLists.txt:462 (check_symbol_exists)


*-----------------------------------------------------------------------------*
*******************************************************************************


*******************************************************************************
*------------------------------- ROCMChecks WARNING --------------------------*
  Options and properties should be set on a cmake target where possible. The
  variable 'CMAKE_CXX_FLAGS' may be set by the cmake toolchain, either by
  calling 'cmake -DCMAKE_CXX_FLAGS=""'
  or set in a toolchain file and added with
  'cmake -DCMAKE_TOOLCHAIN_FILE=<toolchain-file>'. ROCMChecks now calling:
CMake Warning at /work1/lmeadows/therock/stable-plain-multiarch/share/rocmcmakebuildtools/cmake/ROCMChecks.cmake:46 (message):
  'CMAKE_CXX_FLAGS' is set at
  /work1/lmeadows/rccl-work/rccl-fakes/projects/rccl/CMakeLists.txt:<line#>
  shown below:
Call Stack (most recent call first):
  /usr/share/cmake-3.22/Modules/CheckSymbolExists.cmake:9223372036854775807 (rocm_check_toolchain_var)
  /usr/share/cmake-3.22/Modules/CheckSymbolExists.cmake:85 (string)
  /usr/share/cmake-3.22/Modules/CheckSymbolExists.cmake:74 (__CHECK_SYMBOL_EXISTS_FILTER_FLAGS)
  cmake/CheckSymbolExistsNoWarn.cmake:38 (_check_symbol_exists)
  CMakeLists.txt:462 (check_symbol_exists)


*-----------------------------------------------------------------------------*
*******************************************************************************


*******************************************************************************
*------------------------------- ROCMChecks WARNING --------------------------*
  Options and properties should be set on a cmake target where possible. The
  variable 'CMAKE_CXX_FLAGS' may be set by the cmake toolchain, either by
  calling 'cmake -DCMAKE_CXX_FLAGS=""'
  or set in a toolchain file and added with
  'cmake -DCMAKE_TOOLCHAIN_FILE=<toolchain-file>'. ROCMChecks now calling:
CMake Warning at /work1/lmeadows/therock/stable-plain-multiarch/share/rocmcmakebuildtools/cmake/ROCMChecks.cmake:46 (message):
  'CMAKE_CXX_FLAGS' is set at
  /work1/lmeadows/rccl-work/rccl-fakes/projects/rccl/CMakeLists.txt:<line#>
  shown below:
Call Stack (most recent call first):
  /usr/share/cmake-3.22/Modules/CheckSymbolExists.cmake:9223372036854775807 (rocm_check_toolchain_var)
  /usr/share/cmake-3.22/Modules/CheckSymbolExists.cmake:85 (string)
  /usr/share/cmake-3.22/Modules/CheckSymbolExists.cmake:74 (__CHECK_SYMBOL_EXISTS_FILTER_FLAGS)
  cmake/CheckSymbolExistsNoWarn.cmake:38 (_check_symbol_exists)
  CMakeLists.txt:462 (check_symbol_exists)


*-----------------------------------------------------------------------------*
*******************************************************************************

-- Looking for hipDeviceMallocContiguous
-- Looking for hipDeviceMallocContiguous - found

*******************************************************************************
*------------------------------- ROCMChecks WARNING --------------------------*
  Options and properties should be set on a cmake target where possible. The
  variable 'CMAKE_CXX_FLAGS' may be set by the cmake toolchain, either by
  calling 'cmake -DCMAKE_CXX_FLAGS=""'
  or set in a toolchain file and added with
  'cmake -DCMAKE_TOOLCHAIN_FILE=<toolchain-file>'. ROCMChecks now calling:
CMake Warning at /work1/lmeadows/therock/stable-plain-multiarch/share/rocmcmakebuildtools/cmake/ROCMChecks.cmake:46 (message):
  'CMAKE_CXX_FLAGS' is set at
  /work1/lmeadows/rccl-work/rccl-fakes/projects/rccl/CMakeLists.txt:<line#>
  shown below:
Call Stack (most recent call first):
  /usr/share/cmake-3.22/Modules/CheckSymbolExists.cmake:9223372036854775807 (rocm_check_toolchain_var)
  /usr/share/cmake-3.22/Modules/CheckSymbolExists.cmake:89 (set)
  /usr/share/cmake-3.22/Modules/CheckSymbolExists.cmake:76 (__CHECK_SYMBOL_EXISTS_RESTORE_FLAGS)
  cmake/CheckSymbolExistsNoWarn.cmake:38 (_check_symbol_exists)
  CMakeLists.txt:462 (check_symbol_exists)


*-----------------------------------------------------------------------------*
*******************************************************************************


*******************************************************************************
*------------------------------- ROCMChecks WARNING --------------------------*
  Options and properties should be set on a cmake target where possible. The
  variable 'CMAKE_CXX_FLAGS' may be set by the cmake toolchain, either by
  calling 'cmake -DCMAKE_CXX_FLAGS=""'
  or set in a toolchain file and added with
  'cmake -DCMAKE_TOOLCHAIN_FILE=<toolchain-file>'. ROCMChecks now calling:
CMake Warning at /work1/lmeadows/therock/stable-plain-multiarch/share/rocmcmakebuildtools/cmake/ROCMChecks.cmake:46 (message):
  'CMAKE_CXX_FLAGS' is set at
  /work1/lmeadows/rccl-work/rccl-fakes/projects/rccl/CMakeLists.txt:<line#>
  shown below:
Call Stack (most recent call first):
  /usr/share/cmake-3.22/Modules/CheckSymbolExists.cmake:9223372036854775807 (rocm_check_toolchain_var)
  /usr/share/cmake-3.22/Modules/CheckSymbolExists.cmake:89 (set)
  /usr/share/cmake-3.22/Modules/CheckSymbolExists.cmake:76 (__CHECK_SYMBOL_EXISTS_RESTORE_FLAGS)
  cmake/CheckSymbolExistsNoWarn.cmake:38 (_check_symbol_exists)
  CMakeLists.txt:462 (check_symbol_exists)


*-----------------------------------------------------------------------------*
*******************************************************************************


*******************************************************************************
*------------------------------- ROCMChecks WARNING --------------------------*
  Options and properties should be set on a cmake target where possible. The
  variable 'CMAKE_CXX_FLAGS' may be set by the cmake toolchain, either by
  calling 'cmake -DCMAKE_CXX_FLAGS=""'
  or set in a toolchain file and added with
  'cmake -DCMAKE_TOOLCHAIN_FILE=<toolchain-file>'. ROCMChecks now calling:
CMake Warning at /work1/lmeadows/therock/stable-plain-multiarch/share/rocmcmakebuildtools/cmake/ROCMChecks.cmake:46 (message):
  'CMAKE_CXX_FLAGS' is set at
  /work1/lmeadows/rccl-work/rccl-fakes/projects/rccl/CMakeLists.txt:<line#>
  shown below:
Call Stack (most recent call first):
  /usr/share/cmake-3.22/Modules/CheckSymbolExists.cmake:9223372036854775807 (rocm_check_toolchain_var)
  /usr/share/cmake-3.22/Modules/CheckSymbolExists.cmake:84 (string)
  /usr/share/cmake-3.22/Modules/CheckSymbolExists.cmake:74 (__CHECK_SYMBOL_EXISTS_FILTER_FLAGS)
  cmake/CheckSymbolExistsNoWarn.cmake:38 (_check_symbol_exists)
  CMakeLists.txt:465 (check_symbol_exists)


*-----------------------------------------------------------------------------*
*******************************************************************************


*******************************************************************************
*------------------------------- ROCMChecks WARNING --------------------------*
  Options and properties should be set on a cmake target where possible. The
  variable 'CMAKE_CXX_FLAGS' may be set by the cmake toolchain, either by
  calling 'cmake -DCMAKE_CXX_FLAGS=""'
  or set in a toolchain file and added with
  'cmake -DCMAKE_TOOLCHAIN_FILE=<toolchain-file>'. ROCMChecks now calling:
CMake Warning at /work1/lmeadows/therock/stable-plain-multiarch/share/rocmcmakebuildtools/cmake/ROCMChecks.cmake:46 (message):
  'CMAKE_CXX_FLAGS' is set at
  /work1/lmeadows/rccl-work/rccl-fakes/projects/rccl/CMakeLists.txt:<line#>
  shown below:
Call Stack (most recent call first):
  /usr/share/cmake-3.22/Modules/CheckSymbolExists.cmake:9223372036854775807 (rocm_check_toolchain_var)
  /usr/share/cmake-3.22/Modules/CheckSymbolExists.cmake:84 (string)
  /usr/share/cmake-3.22/Modules/CheckSymbolExists.cmake:74 (__CHECK_SYMBOL_EXISTS_FILTER_FLAGS)
  cmake/CheckSymbolExistsNoWarn.cmake:38 (_check_symbol_exists)
  CMakeLists.txt:465 (check_symbol_exists)


*-----------------------------------------------------------------------------*
*******************************************************************************


*******************************************************************************
*------------------------------- ROCMChecks WARNING --------------------------*
  Options and properties should be set on a cmake target where possible. The
  variable 'CMAKE_CXX_FLAGS' may be set by the cmake toolchain, either by
  calling 'cmake -DCMAKE_CXX_FLAGS=""'
  or set in a toolchain file and added with
  'cmake -DCMAKE_TOOLCHAIN_FILE=<toolchain-file>'. ROCMChecks now calling:
CMake Warning at /work1/lmeadows/therock/stable-plain-multiarch/share/rocmcmakebuildtools/cmake/ROCMChecks.cmake:46 (message):
  'CMAKE_CXX_FLAGS' is set at
  /work1/lmeadows/rccl-work/rccl-fakes/projects/rccl/CMakeLists.txt:<line#>
  shown below:
Call Stack (most recent call first):
  /usr/share/cmake-3.22/Modules/CheckSymbolExists.cmake:9223372036854775807 (rocm_check_toolchain_var)
  /usr/share/cmake-3.22/Modules/CheckSymbolExists.cmake:85 (string)
  /usr/share/cmake-3.22/Modules/CheckSymbolExists.cmake:74 (__CHECK_SYMBOL_EXISTS_FILTER_FLAGS)
  cmake/CheckSymbolExistsNoWarn.cmake:38 (_check_symbol_exists)
  CMakeLists.txt:465 (check_symbol_exists)


*-----------------------------------------------------------------------------*
*******************************************************************************


*******************************************************************************
*------------------------------- ROCMChecks WARNING --------------------------*
  Options and properties should be set on a cmake target where possible. The
  variable 'CMAKE_CXX_FLAGS' may be set by the cmake toolchain, either by
  calling 'cmake -DCMAKE_CXX_FLAGS=""'
  or set in a toolchain file and added with
  'cmake -DCMAKE_TOOLCHAIN_FILE=<toolchain-file>'. ROCMChecks now calling:
CMake Warning at /work1/lmeadows/therock/stable-plain-multiarch/share/rocmcmakebuildtools/cmake/ROCMChecks.cmake:46 (message):
  'CMAKE_CXX_FLAGS' is set at
  /work1/lmeadows/rccl-work/rccl-fakes/projects/rccl/CMakeLists.txt:<line#>
  shown below:
Call Stack (most recent call first):
  /usr/share/cmake-3.22/Modules/CheckSymbolExists.cmake:9223372036854775807 (rocm_check_toolchain_var)
  /usr/share/cmake-3.22/Modules/CheckSymbolExists.cmake:85 (string)
  /usr/share/cmake-3.22/Modules/CheckSymbolExists.cmake:74 (__CHECK_SYMBOL_EXISTS_FILTER_FLAGS)
  cmake/CheckSymbolExistsNoWarn.cmake:38 (_check_symbol_exists)
  CMakeLists.txt:465 (check_symbol_exists)


*-----------------------------------------------------------------------------*
*******************************************************************************

-- Looking for hipMemImportFromShareableHandle
-- Looking for hipMemImportFromShareableHandle - found

*******************************************************************************
*------------------------------- ROCMChecks WARNING --------------------------*
  Options and properties should be set on a cmake target where possible. The
  variable 'CMAKE_CXX_FLAGS' may be set by the cmake toolchain, either by
  calling 'cmake -DCMAKE_CXX_FLAGS=""'
  or set in a toolchain file and added with
  'cmake -DCMAKE_TOOLCHAIN_FILE=<toolchain-file>'. ROCMChecks now calling:
CMake Warning at /work1/lmeadows/therock/stable-plain-multiarch/share/rocmcmakebuildtools/cmake/ROCMChecks.cmake:46 (message):
  'CMAKE_CXX_FLAGS' is set at
  /work1/lmeadows/rccl-work/rccl-fakes/projects/rccl/CMakeLists.txt:<line#>
  shown below:
Call Stack (most recent call first):
  /usr/share/cmake-3.22/Modules/CheckSymbolExists.cmake:9223372036854775807 (rocm_check_toolchain_var)
  /usr/share/cmake-3.22/Modules/CheckSymbolExists.cmake:89 (set)
  /usr/share/cmake-3.22/Modules/CheckSymbolExists.cmake:76 (__CHECK_SYMBOL_EXISTS_RESTORE_FLAGS)
  cmake/CheckSymbolExistsNoWarn.cmake:38 (_check_symbol_exists)
  CMakeLists.txt:465 (check_symbol_exists)


*-----------------------------------------------------------------------------*
*******************************************************************************


*******************************************************************************
*------------------------------- ROCMChecks WARNING --------------------------*
  Options and properties should be set on a cmake target where possible. The
  variable 'CMAKE_CXX_FLAGS' may be set by the cmake toolchain, either by
  calling 'cmake -DCMAKE_CXX_FLAGS=""'
  or set in a toolchain file and added with
  'cmake -DCMAKE_TOOLCHAIN_FILE=<toolchain-file>'. ROCMChecks now calling:
CMake Warning at /work1/lmeadows/therock/stable-plain-multiarch/share/rocmcmakebuildtools/cmake/ROCMChecks.cmake:46 (message):
  'CMAKE_CXX_FLAGS' is set at
  /work1/lmeadows/rccl-work/rccl-fakes/projects/rccl/CMakeLists.txt:<line#>
  shown below:
Call Stack (most recent call first):
  /usr/share/cmake-3.22/Modules/CheckSymbolExists.cmake:9223372036854775807 (rocm_check_toolchain_var)
  /usr/share/cmake-3.22/Modules/CheckSymbolExists.cmake:89 (set)
  /usr/share/cmake-3.22/Modules/CheckSymbolExists.cmake:76 (__CHECK_SYMBOL_EXISTS_RESTORE_FLAGS)
  cmake/CheckSymbolExistsNoWarn.cmake:38 (_check_symbol_exists)
  CMakeLists.txt:465 (check_symbol_exists)


*-----------------------------------------------------------------------------*
*******************************************************************************

-- Performing Test HIP_FABRIC_HANDLE_TYPE
-- Performing Test HIP_FABRIC_HANDLE_TYPE - Success

*******************************************************************************
*------------------------------- ROCMChecks WARNING --------------------------*
  Options and properties should be set on a cmake target where possible. The
  variable 'CMAKE_CXX_FLAGS' may be set by the cmake toolchain, either by
  calling 'cmake -DCMAKE_CXX_FLAGS=""'
  or set in a toolchain file and added with
  'cmake -DCMAKE_TOOLCHAIN_FILE=<toolchain-file>'. ROCMChecks now calling:
CMake Warning at /work1/lmeadows/therock/stable-plain-multiarch/share/rocmcmakebuildtools/cmake/ROCMChecks.cmake:46 (message):
  'CMAKE_CXX_FLAGS' is set at
  /work1/lmeadows/rccl-work/rccl-fakes/projects/rccl/CMakeLists.txt:<line#>
  shown below:
Call Stack (most recent call first):
  /usr/share/cmake-3.22/Modules/CheckSymbolExists.cmake:9223372036854775807 (rocm_check_toolchain_var)
  /usr/share/cmake-3.22/Modules/CheckSymbolExists.cmake:84 (string)
  /usr/share/cmake-3.22/Modules/CheckSymbolExists.cmake:74 (__CHECK_SYMBOL_EXISTS_FILTER_FLAGS)
  cmake/CheckSymbolExistsNoWarn.cmake:38 (_check_symbol_exists)
  CMakeLists.txt:479 (check_symbol_exists)


*-----------------------------------------------------------------------------*
*******************************************************************************


*******************************************************************************
*------------------------------- ROCMChecks WARNING --------------------------*
  Options and properties should be set on a cmake target where possible. The
  variable 'CMAKE_CXX_FLAGS' may be set by the cmake toolchain, either by
  calling 'cmake -DCMAKE_CXX_FLAGS=""'
  or set in a toolchain file and added with
  'cmake -DCMAKE_TOOLCHAIN_FILE=<toolchain-file>'. ROCMChecks now calling:
CMake Warning at /work1/lmeadows/therock/stable-plain-multiarch/share/rocmcmakebuildtools/cmake/ROCMChecks.cmake:46 (message):
  'CMAKE_CXX_FLAGS' is set at
  /work1/lmeadows/rccl-work/rccl-fakes/projects/rccl/CMakeLists.txt:<line#>
  shown below:
Call Stack (most recent call first):
  /usr/share/cmake-3.22/Modules/CheckSymbolExists.cmake:9223372036854775807 (rocm_check_toolchain_var)
  /usr/share/cmake-3.22/Modules/CheckSymbolExists.cmake:84 (string)
  /usr/share/cmake-3.22/Modules/CheckSymbolExists.cmake:74 (__CHECK_SYMBOL_EXISTS_FILTER_FLAGS)
  cmake/CheckSymbolExistsNoWarn.cmake:38 (_check_symbol_exists)
  CMakeLists.txt:479 (check_symbol_exists)


*-----------------------------------------------------------------------------*
*******************************************************************************


*******************************************************************************
*------------------------------- ROCMChecks WARNING --------------------------*
  Options and properties should be set on a cmake target where possible. The
  variable 'CMAKE_CXX_FLAGS' may be set by the cmake toolchain, either by
  calling 'cmake -DCMAKE_CXX_FLAGS=""'
  or set in a toolchain file and added with
  'cmake -DCMAKE_TOOLCHAIN_FILE=<toolchain-file>'. ROCMChecks now calling:
CMake Warning at /work1/lmeadows/therock/stable-plain-multiarch/share/rocmcmakebuildtools/cmake/ROCMChecks.cmake:46 (message):
  'CMAKE_CXX_FLAGS' is set at
  /work1/lmeadows/rccl-work/rccl-fakes/projects/rccl/CMakeLists.txt:<line#>
  shown below:
Call Stack (most recent call first):
  /usr/share/cmake-3.22/Modules/CheckSymbolExists.cmake:9223372036854775807 (rocm_check_toolchain_var)
  /usr/share/cmake-3.22/Modules/CheckSymbolExists.cmake:85 (string)
  /usr/share/cmake-3.22/Modules/CheckSymbolExists.cmake:74 (__CHECK_SYMBOL_EXISTS_FILTER_FLAGS)
  cmake/CheckSymbolExistsNoWarn.cmake:38 (_check_symbol_exists)
  CMakeLists.txt:479 (check_symbol_exists)


*-----------------------------------------------------------------------------*
*******************************************************************************


*******************************************************************************
*------------------------------- ROCMChecks WARNING --------------------------*
  Options and properties should be set on a cmake target where possible. The
  variable 'CMAKE_CXX_FLAGS' may be set by the cmake toolchain, either by
  calling 'cmake -DCMAKE_CXX_FLAGS=""'
  or set in a toolchain file and added with
  'cmake -DCMAKE_TOOLCHAIN_FILE=<toolchain-file>'. ROCMChecks now calling:
CMake Warning at /work1/lmeadows/therock/stable-plain-multiarch/share/rocmcmakebuildtools/cmake/ROCMChecks.cmake:46 (message):
  'CMAKE_CXX_FLAGS' is set at
  /work1/lmeadows/rccl-work/rccl-fakes/projects/rccl/CMakeLists.txt:<line#>
  shown below:
Call Stack (most recent call first):
  /usr/share/cmake-3.22/Modules/CheckSymbolExists.cmake:9223372036854775807 (rocm_check_toolchain_var)
  /usr/share/cmake-3.22/Modules/CheckSymbolExists.cmake:85 (string)
  /usr/share/cmake-3.22/Modules/CheckSymbolExists.cmake:74 (__CHECK_SYMBOL_EXISTS_FILTER_FLAGS)
  cmake/CheckSymbolExistsNoWarn.cmake:38 (_check_symbol_exists)
  CMakeLists.txt:479 (check_symbol_exists)


*-----------------------------------------------------------------------------*
*******************************************************************************

-- Looking for hipMemcpyBatchAsync
-- Looking for hipMemcpyBatchAsync - found

*******************************************************************************
*------------------------------- ROCMChecks WARNING --------------------------*
  Options and properties should be set on a cmake target where possible. The
  variable 'CMAKE_CXX_FLAGS' may be set by the cmake toolchain, either by
  calling 'cmake -DCMAKE_CXX_FLAGS=""'
  or set in a toolchain file and added with
  'cmake -DCMAKE_TOOLCHAIN_FILE=<toolchain-file>'. ROCMChecks now calling:
CMake Warning at /work1/lmeadows/therock/stable-plain-multiarch/share/rocmcmakebuildtools/cmake/ROCMChecks.cmake:46 (message):
  'CMAKE_CXX_FLAGS' is set at
  /work1/lmeadows/rccl-work/rccl-fakes/projects/rccl/CMakeLists.txt:<line#>
  shown below:
Call Stack (most recent call first):
  /usr/share/cmake-3.22/Modules/CheckSymbolExists.cmake:9223372036854775807 (rocm_check_toolchain_var)
  /usr/share/cmake-3.22/Modules/CheckSymbolExists.cmake:89 (set)
  /usr/share/cmake-3.22/Modules/CheckSymbolExists.cmake:76 (__CHECK_SYMBOL_EXISTS_RESTORE_FLAGS)
  cmake/CheckSymbolExistsNoWarn.cmake:38 (_check_symbol_exists)
  CMakeLists.txt:479 (check_symbol_exists)


*-----------------------------------------------------------------------------*
*******************************************************************************


*******************************************************************************
*------------------------------- ROCMChecks WARNING --------------------------*
  Options and properties should be set on a cmake target where possible. The
  variable 'CMAKE_CXX_FLAGS' may be set by the cmake toolchain, either by
  calling 'cmake -DCMAKE_CXX_FLAGS=""'
  or set in a toolchain file and added with
  'cmake -DCMAKE_TOOLCHAIN_FILE=<toolchain-file>'. ROCMChecks now calling:
CMake Warning at /work1/lmeadows/therock/stable-plain-multiarch/share/rocmcmakebuildtools/cmake/ROCMChecks.cmake:46 (message):
  'CMAKE_CXX_FLAGS' is set at
  /work1/lmeadows/rccl-work/rccl-fakes/projects/rccl/CMakeLists.txt:<line#>
  shown below:
Call Stack (most recent call first):
  /usr/share/cmake-3.22/Modules/CheckSymbolExists.cmake:9223372036854775807 (rocm_check_toolchain_var)
  /usr/share/cmake-3.22/Modules/CheckSymbolExists.cmake:89 (set)
  /usr/share/cmake-3.22/Modules/CheckSymbolExists.cmake:76 (__CHECK_SYMBOL_EXISTS_RESTORE_FLAGS)
  cmake/CheckSymbolExistsNoWarn.cmake:38 (_check_symbol_exists)
  CMakeLists.txt:479 (check_symbol_exists)


*-----------------------------------------------------------------------------*
*******************************************************************************


*******************************************************************************
*------------------------------- ROCMChecks WARNING --------------------------*
  Options and properties should be set on a cmake target where possible. The
  variable 'CMAKE_CXX_FLAGS' may be set by the cmake toolchain, either by
  calling 'cmake -DCMAKE_CXX_FLAGS=""'
  or set in a toolchain file and added with
  'cmake -DCMAKE_TOOLCHAIN_FILE=<toolchain-file>'. ROCMChecks now calling:
CMake Warning at /work1/lmeadows/therock/stable-plain-multiarch/share/rocmcmakebuildtools/cmake/ROCMChecks.cmake:46 (message):
  'CMAKE_CXX_FLAGS' is set at
  /work1/lmeadows/rccl-work/rccl-fakes/projects/rccl/CMakeLists.txt:<line#>
  shown below:
Call Stack (most recent call first):
  /usr/share/cmake-3.22/Modules/CheckSymbolExists.cmake:9223372036854775807 (rocm_check_toolchain_var)
  /usr/share/cmake-3.22/Modules/CheckSymbolExists.cmake:84 (string)
  /usr/share/cmake-3.22/Modules/CheckSymbolExists.cmake:74 (__CHECK_SYMBOL_EXISTS_FILTER_FLAGS)
  cmake/CheckSymbolExistsNoWarn.cmake:38 (_check_symbol_exists)
  CMakeLists.txt:482 (check_symbol_exists)


*-----------------------------------------------------------------------------*
*******************************************************************************


*******************************************************************************
*------------------------------- ROCMChecks WARNING --------------------------*
  Options and properties should be set on a cmake target where possible. The
  variable 'CMAKE_CXX_FLAGS' may be set by the cmake toolchain, either by
  calling 'cmake -DCMAKE_CXX_FLAGS=""'
  or set in a toolchain file and added with
  'cmake -DCMAKE_TOOLCHAIN_FILE=<toolchain-file>'. ROCMChecks now calling:
CMake Warning at /work1/lmeadows/therock/stable-plain-multiarch/share/rocmcmakebuildtools/cmake/ROCMChecks.cmake:46 (message):
  'CMAKE_CXX_FLAGS' is set at
  /work1/lmeadows/rccl-work/rccl-fakes/projects/rccl/CMakeLists.txt:<line#>
  shown below:
Call Stack (most recent call first):
  /usr/share/cmake-3.22/Modules/CheckSymbolExists.cmake:9223372036854775807 (rocm_check_toolchain_var)
  /usr/share/cmake-3.22/Modules/CheckSymbolExists.cmake:84 (string)
  /usr/share/cmake-3.22/Modules/CheckSymbolExists.cmake:74 (__CHECK_SYMBOL_EXISTS_FILTER_FLAGS)
  cmake/CheckSymbolExistsNoWarn.cmake:38 (_check_symbol_exists)
  CMakeLists.txt:482 (check_symbol_exists)


*-----------------------------------------------------------------------------*
*******************************************************************************


*******************************************************************************
*------------------------------- ROCMChecks WARNING --------------------------*
  Options and properties should be set on a cmake target where possible. The
  variable 'CMAKE_CXX_FLAGS' may be set by the cmake toolchain, either by
  calling 'cmake -DCMAKE_CXX_FLAGS=""'
  or set in a toolchain file and added with
  'cmake -DCMAKE_TOOLCHAIN_FILE=<toolchain-file>'. ROCMChecks now calling:
CMake Warning at /work1/lmeadows/therock/stable-plain-multiarch/share/rocmcmakebuildtools/cmake/ROCMChecks.cmake:46 (message):
  'CMAKE_CXX_FLAGS' is set at
  /work1/lmeadows/rccl-work/rccl-fakes/projects/rccl/CMakeLists.txt:<line#>
  shown below:
Call Stack (most recent call first):
  /usr/share/cmake-3.22/Modules/CheckSymbolExists.cmake:9223372036854775807 (rocm_check_toolchain_var)
  /usr/share/cmake-3.22/Modules/CheckSymbolExists.cmake:85 (string)
  /usr/share/cmake-3.22/Modules/CheckSymbolExists.cmake:74 (__CHECK_SYMBOL_EXISTS_FILTER_FLAGS)
  cmake/CheckSymbolExistsNoWarn.cmake:38 (_check_symbol_exists)
  CMakeLists.txt:482 (check_symbol_exists)


*-----------------------------------------------------------------------------*
*******************************************************************************


*******************************************************************************
*------------------------------- ROCMChecks WARNING --------------------------*
  Options and properties should be set on a cmake target where possible. The
  variable 'CMAKE_CXX_FLAGS' may be set by the cmake toolchain, either by
  calling 'cmake -DCMAKE_CXX_FLAGS=""'
  or set in a toolchain file and added with
  'cmake -DCMAKE_TOOLCHAIN_FILE=<toolchain-file>'. ROCMChecks now calling:
CMake Warning at /work1/lmeadows/therock/stable-plain-multiarch/share/rocmcmakebuildtools/cmake/ROCMChecks.cmake:46 (message):
  'CMAKE_CXX_FLAGS' is set at
  /work1/lmeadows/rccl-work/rccl-fakes/projects/rccl/CMakeLists.txt:<line#>
  shown below:
Call Stack (most recent call first):
  /usr/share/cmake-3.22/Modules/CheckSymbolExists.cmake:9223372036854775807 (rocm_check_toolchain_var)
  /usr/share/cmake-3.22/Modules/CheckSymbolExists.cmake:85 (string)
  /usr/share/cmake-3.22/Modules/CheckSymbolExists.cmake:74 (__CHECK_SYMBOL_EXISTS_FILTER_FLAGS)
  cmake/CheckSymbolExistsNoWarn.cmake:38 (_check_symbol_exists)
  CMakeLists.txt:482 (check_symbol_exists)


*-----------------------------------------------------------------------------*
*******************************************************************************

-- Looking for hipMemGetHandleForAddressRange
-- Looking for hipMemGetHandleForAddressRange - found

*******************************************************************************
*------------------------------- ROCMChecks WARNING --------------------------*
  Options and properties should be set on a cmake target where possible. The
  variable 'CMAKE_CXX_FLAGS' may be set by the cmake toolchain, either by
  calling 'cmake -DCMAKE_CXX_FLAGS=""'
  or set in a toolchain file and added with
  'cmake -DCMAKE_TOOLCHAIN_FILE=<toolchain-file>'. ROCMChecks now calling:
CMake Warning at /work1/lmeadows/therock/stable-plain-multiarch/share/rocmcmakebuildtools/cmake/ROCMChecks.cmake:46 (message):
  'CMAKE_CXX_FLAGS' is set at
  /work1/lmeadows/rccl-work/rccl-fakes/projects/rccl/CMakeLists.txt:<line#>
  shown below:
Call Stack (most recent call first):
  /usr/share/cmake-3.22/Modules/CheckSymbolExists.cmake:9223372036854775807 (rocm_check_toolchain_var)
  /usr/share/cmake-3.22/Modules/CheckSymbolExists.cmake:89 (set)
  /usr/share/cmake-3.22/Modules/CheckSymbolExists.cmake:76 (__CHECK_SYMBOL_EXISTS_RESTORE_FLAGS)
  cmake/CheckSymbolExistsNoWarn.cmake:38 (_check_symbol_exists)
  CMakeLists.txt:482 (check_symbol_exists)


*-----------------------------------------------------------------------------*
*******************************************************************************


*******************************************************************************
*------------------------------- ROCMChecks WARNING --------------------------*
  Options and properties should be set on a cmake target where possible. The
  variable 'CMAKE_CXX_FLAGS' may be set by the cmake toolchain, either by
  calling 'cmake -DCMAKE_CXX_FLAGS=""'
  or set in a toolchain file and added with
  'cmake -DCMAKE_TOOLCHAIN_FILE=<toolchain-file>'. ROCMChecks now calling:
CMake Warning at /work1/lmeadows/therock/stable-plain-multiarch/share/rocmcmakebuildtools/cmake/ROCMChecks.cmake:46 (message):
  'CMAKE_CXX_FLAGS' is set at
  /work1/lmeadows/rccl-work/rccl-fakes/projects/rccl/CMakeLists.txt:<line#>
  shown below:
Call Stack (most recent call first):
  /usr/share/cmake-3.22/Modules/CheckSymbolExists.cmake:9223372036854775807 (rocm_check_toolchain_var)
  /usr/share/cmake-3.22/Modules/CheckSymbolExists.cmake:89 (set)
  /usr/share/cmake-3.22/Modules/CheckSymbolExists.cmake:76 (__CHECK_SYMBOL_EXISTS_RESTORE_FLAGS)
  cmake/CheckSymbolExistsNoWarn.cmake:38 (_check_symbol_exists)
  CMakeLists.txt:482 (check_symbol_exists)


*-----------------------------------------------------------------------------*
*******************************************************************************

-- Performing Test HIP_VMM_UNCACHED_MEMORY_AVAILABLE
-- Performing Test HIP_VMM_UNCACHED_MEMORY_AVAILABLE - Success
-- RCCL LL128 protocol enabled
-- Copy Engine (CE) batch API enabled
-- cuMem DMA-BUF export enabled - hipMemGetHandleForAddressRange found
-- HSA runtime: /work1/lmeadows/therock/stable-plain-multiarch/include
-- amd_smi_INCLUDE_DIR: /work1/lmeadows/therock/stable-plain-multiarch/include
-- amd_smi_LIB_DIR: /work1/lmeadows/therock/stable-plain-multiarch/lib
-- Found amd_smi at /work1/lmeadows/therock/stable-plain-multiarch/include
-- Performing Test AMDSMI_HEADER_HAS_FABRIC_TELEMETRY
-- Performing Test AMDSMI_HEADER_HAS_FABRIC_TELEMETRY - Success
-- Performing Test AMDSMI_FABRIC_API
-- Performing Test AMDSMI_FABRIC_API - Failed
-- amdsmi fabric telemetry types found (no AMDSMI_FABRIC_MAX_LOCAL_GPUS) - enabling AMDSMI_FABRIC_DIRECT
-- Performing Test HAVE_KERNARG_PRELOAD
-- Performing Test HAVE_KERNARG_PRELOAD - Success
-- Kernarg preloading to SGPR enabled
-- Performing Test HAVE_PARALLEL_JOBS
-- Performing Test HAVE_PARALLEL_JOBS - Success
-- Parallel jobs enabled
-- ROCTX include directory found: /work1/lmeadows/therock/stable-plain-multiarch/include
-- ROCTX library found: /work1/lmeadows/therock/stable-plain-multiarch/lib/libroctx64.so
-- Found Python3: /usr/bin/python3.10 (found version "3.10.12") found components: Interpreter 
-- Generating /work1/lmeadows/rccl-work/rccl-fakes/projects/rccl/build/release/hipify/gensrc/device_table.h
-- Generating /work1/lmeadows/rccl-work/rccl-fakes/projects/rccl/build/release/hipify/gensrc/host_table.cpp
-- Generating /work1/lmeadows/rccl-work/rccl-fakes/projects/rccl/build/release/hipify/gensrc/broadcast_sum_i8.cpp
-- Generating /work1/lmeadows/rccl-work/rccl-fakes/projects/rccl/build/release/hipify/gensrc/reduce_sum_u8.cpp
-- Generating /work1/lmeadows/rccl-work/rccl-fakes/projects/rccl/build/release/hipify/gensrc/reduce_sum_u32.cpp
-- Generating /work1/lmeadows/rccl-work/rccl-fakes/projects/rccl/build/release/hipify/gensrc/reduce_sum_u64.cpp
-- Generating /work1/lmeadows/rccl-work/rccl-fakes/projects/rccl/build/release/hipify/gensrc/reduce_sum_f16.cpp
-- Generating /work1/lmeadows/rccl-work/rccl-fakes/projects/rccl/build/release/hipify/gensrc/reduce_sum_f32.cpp
-- Generating /work1/lmeadows/rccl-work/rccl-fakes/projects/rccl/build/release/hipify/gensrc/reduce_sum_f64.cpp
-- Generating /work1/lmeadows/rccl-work/rccl-fakes/projects/rccl/build/release/hipify/gensrc/reduce_sum_bf16.cpp
-- Generating /work1/lmeadows/rccl-work/rccl-fakes/projects/rccl/build/release/hipify/gensrc/reduce_sum_f8e4m3.cpp
-- Generating /work1/lmeadows/rccl-work/rccl-fakes/projects/rccl/build/release/hipify/gensrc/reduce_sum_f8e5m2.cpp
-- Generating /work1/lmeadows/rccl-work/rccl-fakes/projects/rccl/build/release/hipify/gensrc/reduce_prod_u8.cpp
-- Generating /work1/lmeadows/rccl-work/rccl-fakes/projects/rccl/build/release/hipify/gensrc/reduce_prod_u32.cpp
-- Generating /work1/lmeadows/rccl-work/rccl-fakes/projects/rccl/build/release/hipify/gensrc/reduce_prod_u64.cpp
-- Generating /work1/lmeadows/rccl-work/rccl-fakes/projects/rccl/build/release/hipify/gensrc/reduce_prod_f16.cpp
-- Generating /work1/lmeadows/rccl-work/rccl-fakes/projects/rccl/build/release/hipify/gensrc/reduce_prod_f32.cpp
-- Generating /work1/lmeadows/rccl-work/rccl-fakes/projects/rccl/build/release/hipify/gensrc/reduce_prod_f64.cpp
-- Generating /work1/lmeadows/rccl-work/rccl-fakes/projects/rccl/build/release/hipify/gensrc/reduce_prod_bf16.cpp
-- Generating /work1/lmeadows/rccl-work/rccl-fakes/projects/rccl/build/release/hipify/gensrc/reduce_prod_f8e4m3.cpp
-- Generating /work1/lmeadows/rccl-work/rccl-fakes/projects/rccl/build/release/hipify/gensrc/reduce_prod_f8e5m2.cpp
-- Generating /work1/lmeadows/rccl-work/rccl-fakes/projects/rccl/build/release/hipify/gensrc/reduce_minmax_u8.cpp
-- Generating /work1/lmeadows/rccl-work/rccl-fakes/projects/rccl/build/release/hipify/gensrc/reduce_minmax_u32.cpp
-- Generating /work1/lmeadows/rccl-work/rccl-fakes/projects/rccl/build/release/hipify/gensrc/reduce_minmax_u64.cpp
-- Generating /work1/lmeadows/rccl-work/rccl-fakes/projects/rccl/build/release/hipify/gensrc/reduce_minmax_f16.cpp
-- Generating /work1/lmeadows/rccl-work/rccl-fakes/projects/rccl/build/release/hipify/gensrc/reduce_minmax_f32.cpp
-- Generating /work1/lmeadows/rccl-work/rccl-fakes/projects/rccl/build/release/hipify/gensrc/reduce_minmax_f64.cpp
-- Generating /work1/lmeadows/rccl-work/rccl-fakes/projects/rccl/build/release/hipify/gensrc/reduce_minmax_bf16.cpp
-- Generating /work1/lmeadows/rccl-work/rccl-fakes/projects/rccl/build/release/hipify/gensrc/reduce_minmax_f8e4m3.cpp
-- Generating /work1/lmeadows/rccl-work/rccl-fakes/projects/rccl/build/release/hipify/gensrc/reduce_minmax_f8e5m2.cpp
-- Generating /work1/lmeadows/rccl-work/rccl-fakes/projects/rccl/build/release/hipify/gensrc/reduce_premulsum_u8.cpp
-- Generating /work1/lmeadows/rccl-work/rccl-fakes/projects/rccl/build/release/hipify/gensrc/reduce_premulsum_u32.cpp
-- Generating /work1/lmeadows/rccl-work/rccl-fakes/projects/rccl/build/release/hipify/gensrc/reduce_premulsum_u64.cpp
-- Generating /work1/lmeadows/rccl-work/rccl-fakes/projects/rccl/build/release/hipify/gensrc/reduce_premulsum_f16.cpp
-- Generating /work1/lmeadows/rccl-work/rccl-fakes/projects/rccl/build/release/hipify/gensrc/reduce_premulsum_f32.cpp
-- Generating /work1/lmeadows/rccl-work/rccl-fakes/projects/rccl/build/release/hipify/gensrc/reduce_premulsum_f64.cpp
-- Generating /work1/lmeadows/rccl-work/rccl-fakes/projects/rccl/build/release/hipify/gensrc/reduce_premulsum_bf16.cpp
-- Generating /work1/lmeadows/rccl-work/rccl-fakes/projects/rccl/build/release/hipify/gensrc/reduce_premulsum_f8e4m3.cpp
-- Generating /work1/lmeadows/rccl-work/rccl-fakes/projects/rccl/build/release/hipify/gensrc/reduce_premulsum_f8e5m2.cpp
-- Generating /work1/lmeadows/rccl-work/rccl-fakes/projects/rccl/build/release/hipify/gensrc/reduce_sumpostdiv_u8.cpp
-- Generating /work1/lmeadows/rccl-work/rccl-fakes/projects/rccl/build/release/hipify/gensrc/reduce_sumpostdiv_u32.cpp
-- Generating /work1/lmeadows/rccl-work/rccl-fakes/projects/rccl/build/release/hipify/gensrc/reduce_sumpostdiv_u64.cpp
-- Generating /work1/lmeadows/rccl-work/rccl-fakes/projects/rccl/build/release/hipify/gensrc/all_gather_sum_i8.cpp
-- Generating /work1/lmeadows/rccl-work/rccl-fakes/projects/rccl/build/release/hipify/gensrc/reduce_scatter_sum_u8.cpp
-- Generating /work1/lmeadows/rccl-work/rccl-fakes/projects/rccl/build/release/hipify/gensrc/reduce_scatter_sum_u32.cpp
-- Generating /work1/lmeadows/rccl-work/rccl-fakes/projects/rccl/build/release/hipify/gensrc/reduce_scatter_sum_u64.cpp
-- Generating /work1/lmeadows/rccl-work/rccl-fakes/projects/rccl/build/release/hipify/gensrc/reduce_scatter_sum_f16.cpp
-- Generating /work1/lmeadows/rccl-work/rccl-fakes/projects/rccl/build/release/hipify/gensrc/reduce_scatter_sum_f32.cpp
-- Generating /work1/lmeadows/rccl-work/rccl-fakes/projects/rccl/build/release/hipify/gensrc/reduce_scatter_sum_f64.cpp
-- Generating /work1/lmeadows/rccl-work/rccl-fakes/projects/rccl/build/release/hipify/gensrc/reduce_scatter_sum_bf16.cpp
-- Generating /work1/lmeadows/rccl-work/rccl-fakes/projects/rccl/build/release/hipify/gensrc/reduce_scatter_sum_f8e4m3.cpp
-- Generating /work1/lmeadows/rccl-work/rccl-fakes/projects/rccl/build/release/hipify/gensrc/reduce_scatter_sum_f8e5m2.cpp
-- Generating /work1/lmeadows/rccl-work/rccl-fakes/projects/rccl/build/release/hipify/gensrc/reduce_scatter_prod_u8.cpp
-- Generating /work1/lmeadows/rccl-work/rccl-fakes/projects/rccl/build/release/hipify/gensrc/reduce_scatter_prod_u32.cpp
-- Generating /work1/lmeadows/rccl-work/rccl-fakes/projects/rccl/build/release/hipify/gensrc/reduce_scatter_prod_u64.cpp
-- Generating /work1/lmeadows/rccl-work/rccl-fakes/projects/rccl/build/release/hipify/gensrc/reduce_scatter_prod_f16.cpp
-- Generating /work1/lmeadows/rccl-work/rccl-fakes/projects/rccl/build/release/hipify/gensrc/reduce_scatter_prod_f32.cpp
-- Generating /work1/lmeadows/rccl-work/rccl-fakes/projects/rccl/build/release/hipify/gensrc/reduce_scatter_prod_f64.cpp
-- Generating /work1/lmeadows/rccl-work/rccl-fakes/projects/rccl/build/release/hipify/gensrc/reduce_scatter_prod_bf16.cpp
-- Generating /work1/lmeadows/rccl-work/rccl-fakes/projects/rccl/build/release/hipify/gensrc/reduce_scatter_prod_f8e4m3.cpp
-- Generating /work1/lmeadows/rccl-work/rccl-fakes/projects/rccl/build/release/hipify/gensrc/reduce_scatter_prod_f8e5m2.cpp
-- Generating /work1/lmeadows/rccl-work/rccl-fakes/projects/rccl/build/release/hipify/gensrc/reduce_scatter_minmax_u8.cpp
-- Generating /work1/lmeadows/rccl-work/rccl-fakes/projects/rccl/build/release/hipify/gensrc/reduce_scatter_minmax_u32.cpp
-- Generating /work1/lmeadows/rccl-work/rccl-fakes/projects/rccl/build/release/hipify/gensrc/reduce_scatter_minmax_u64.cpp
-- Generating /work1/lmeadows/rccl-work/rccl-fakes/projects/rccl/build/release/hipify/gensrc/reduce_scatter_minmax_f16.cpp
-- Generating /work1/lmeadows/rccl-work/rccl-fakes/projects/rccl/build/release/hipify/gensrc/reduce_scatter_minmax_f32.cpp
-- Generating /work1/lmeadows/rccl-work/rccl-fakes/projects/rccl/build/release/hipify/gensrc/reduce_scatter_minmax_f64.cpp
-- Generating /work1/lmeadows/rccl-work/rccl-fakes/projects/rccl/build/release/hipify/gensrc/reduce_scatter_minmax_bf16.cpp
-- Generating /work1/lmeadows/rccl-work/rccl-fakes/projects/rccl/build/release/hipify/gensrc/reduce_scatter_minmax_f8e4m3.cpp
-- Generating /work1/lmeadows/rccl-work/rccl-fakes/projects/rccl/build/release/hipify/gensrc/reduce_scatter_minmax_f8e5m2.cpp
-- Generating /work1/lmeadows/rccl-work/rccl-fakes/projects/rccl/build/release/hipify/gensrc/reduce_scatter_premulsum_u8.cpp
-- Generating /work1/lmeadows/rccl-work/rccl-fakes/projects/rccl/build/release/hipify/gensrc/reduce_scatter_premulsum_u32.cpp
-- Generating /work1/lmeadows/rccl-work/rccl-fakes/projects/rccl/build/release/hipify/gensrc/reduce_scatter_premulsum_u64.cpp
-- Generating /work1/lmeadows/rccl-work/rccl-fakes/projects/rccl/build/release/hipify/gensrc/reduce_scatter_premulsum_f16.cpp
-- Generating /work1/lmeadows/rccl-work/rccl-fakes/projects/rccl/build/release/hipify/gensrc/reduce_scatter_premulsum_f32.cpp
-- Generating /work1/lmeadows/rccl-work/rccl-fakes/projects/rccl/build/release/hipify/gensrc/reduce_scatter_premulsum_f64.cpp
-- Generating /work1/lmeadows/rccl-work/rccl-fakes/projects/rccl/build/release/hipify/gensrc/reduce_scatter_premulsum_bf16.cpp
-- Generating /work1/lmeadows/rccl-work/rccl-fakes/projects/rccl/build/release/hipify/gensrc/reduce_scatter_premulsum_f8e4m3.cpp
-- Generating /work1/lmeadows/rccl-work/rccl-fakes/projects/rccl/build/release/hipify/gensrc/reduce_scatter_premulsum_f8e5m2.cpp
-- Generating /work1/lmeadows/rccl-work/rccl-fakes/projects/rccl/build/release/hipify/gensrc/reduce_scatter_sumpostdiv_u8.cpp
-- Generating /work1/lmeadows/rccl-work/rccl-fakes/projects/rccl/build/release/hipify/gensrc/reduce_scatter_sumpostdiv_u32.cpp
-- Generating /work1/lmeadows/rccl-work/rccl-fakes/projects/rccl/build/release/hipify/gensrc/reduce_scatter_sumpostdiv_u64.cpp
-- Generating /work1/lmeadows/rccl-work/rccl-fakes/projects/rccl/build/release/hipify/gensrc/all_reduce_sum_u8.cpp
-- Generating /work1/lmeadows/rccl-work/rccl-fakes/projects/rccl/build/release/hipify/gensrc/all_reduce_sum_u32.cpp
-- Generating /work1/lmeadows/rccl-work/rccl-fakes/projects/rccl/build/release/hipify/gensrc/all_reduce_sum_u64.cpp
-- Generating /work1/lmeadows/rccl-work/rccl-fakes/projects/rccl/build/release/hipify/gensrc/all_reduce_sum_f16.cpp
-- Generating /work1/lmeadows/rccl-work/rccl-fakes/projects/rccl/build/release/hipify/gensrc/all_reduce_sum_f32.cpp
-- Generating /work1/lmeadows/rccl-work/rccl-fakes/projects/rccl/build/release/hipify/gensrc/all_reduce_sum_f64.cpp
-- Generating /work1/lmeadows/rccl-work/rccl-fakes/projects/rccl/build/release/hipify/gensrc/all_reduce_sum_bf16.cpp
-- Generating /work1/lmeadows/rccl-work/rccl-fakes/projects/rccl/build/release/hipify/gensrc/all_reduce_sum_f8e4m3.cpp
-- Generating /work1/lmeadows/rccl-work/rccl-fakes/projects/rccl/build/release/hipify/gensrc/all_reduce_sum_f8e5m2.cpp
-- Generating /work1/lmeadows/rccl-work/rccl-fakes/projects/rccl/build/release/hipify/gensrc/all_reduce_prod_u8.cpp
-- Generating /work1/lmeadows/rccl-work/rccl-fakes/projects/rccl/build/release/hipify/gensrc/all_reduce_prod_u32.cpp
-- Generating /work1/lmeadows/rccl-work/rccl-fakes/projects/rccl/build/release/hipify/gensrc/all_reduce_prod_u64.cpp
-- Generating /work1/lmeadows/rccl-work/rccl-fakes/projects/rccl/build/release/hipify/gensrc/all_reduce_prod_f16.cpp
-- Generating /work1/lmeadows/rccl-work/rccl-fakes/projects/rccl/build/release/hipify/gensrc/all_reduce_prod_f32.cpp
-- Generating /work1/lmeadows/rccl-work/rccl-fakes/projects/rccl/build/release/hipify/gensrc/all_reduce_prod_f64.cpp
-- Generating /work1/lmeadows/rccl-work/rccl-fakes/projects/rccl/build/release/hipify/gensrc/all_reduce_prod_bf16.cpp
-- Generating /work1/lmeadows/rccl-work/rccl-fakes/projects/rccl/build/release/hipify/gensrc/all_reduce_prod_f8e4m3.cpp
-- Generating /work1/lmeadows/rccl-work/rccl-fakes/projects/rccl/build/release/hipify/gensrc/all_reduce_prod_f8e5m2.cpp
-- Generating /work1/lmeadows/rccl-work/rccl-fakes/projects/rccl/build/release/hipify/gensrc/all_reduce_minmax_u8.cpp
-- Generating /work1/lmeadows/rccl-work/rccl-fakes/projects/rccl/build/release/hipify/gensrc/all_reduce_minmax_u32.cpp
-- Generating /work1/lmeadows/rccl-work/rccl-fakes/projects/rccl/build/release/hipify/gensrc/all_reduce_minmax_u64.cpp
-- Generating /work1/lmeadows/rccl-work/rccl-fakes/projects/rccl/build/release/hipify/gensrc/all_reduce_minmax_f16.cpp
-- Generating /work1/lmeadows/rccl-work/rccl-fakes/projects/rccl/build/release/hipify/gensrc/all_reduce_minmax_f32.cpp
-- Generating /work1/lmeadows/rccl-work/rccl-fakes/projects/rccl/build/release/hipify/gensrc/all_reduce_minmax_f64.cpp
-- Generating /work1/lmeadows/rccl-work/rccl-fakes/projects/rccl/build/release/hipify/gensrc/all_reduce_minmax_bf16.cpp
-- Generating /work1/lmeadows/rccl-work/rccl-fakes/projects/rccl/build/release/hipify/gensrc/all_reduce_minmax_f8e4m3.cpp
-- Generating /work1/lmeadows/rccl-work/rccl-fakes/projects/rccl/build/release/hipify/gensrc/all_reduce_minmax_f8e5m2.cpp
-- Generating /work1/lmeadows/rccl-work/rccl-fakes/projects/rccl/build/release/hipify/gensrc/all_reduce_premulsum_u8.cpp
-- Generating /work1/lmeadows/rccl-work/rccl-fakes/projects/rccl/build/release/hipify/gensrc/all_reduce_premulsum_u32.cpp
-- Generating /work1/lmeadows/rccl-work/rccl-fakes/projects/rccl/build/release/hipify/gensrc/all_reduce_premulsum_u64.cpp
-- Generating /work1/lmeadows/rccl-work/rccl-fakes/projects/rccl/build/release/hipify/gensrc/all_reduce_premulsum_f16.cpp
-- Generating /work1/lmeadows/rccl-work/rccl-fakes/projects/rccl/build/release/hipify/gensrc/all_reduce_premulsum_f32.cpp
-- Generating /work1/lmeadows/rccl-work/rccl-fakes/projects/rccl/build/release/hipify/gensrc/all_reduce_premulsum_f64.cpp
-- Generating /work1/lmeadows/rccl-work/rccl-fakes/projects/rccl/build/release/hipify/gensrc/all_reduce_premulsum_bf16.cpp
-- Generating /work1/lmeadows/rccl-work/rccl-fakes/projects/rccl/build/release/hipify/gensrc/all_reduce_premulsum_f8e4m3.cpp
-- Generating /work1/lmeadows/rccl-work/rccl-fakes/projects/rccl/build/release/hipify/gensrc/all_reduce_premulsum_f8e5m2.cpp
-- Generating /work1/lmeadows/rccl-work/rccl-fakes/projects/rccl/build/release/hipify/gensrc/all_reduce_sumpostdiv_u8.cpp
-- Generating /work1/lmeadows/rccl-work/rccl-fakes/projects/rccl/build/release/hipify/gensrc/all_reduce_sumpostdiv_u32.cpp
-- Generating /work1/lmeadows/rccl-work/rccl-fakes/projects/rccl/build/release/hipify/gensrc/all_reduce_sumpostdiv_u64.cpp
-- Generating /work1/lmeadows/rccl-work/rccl-fakes/projects/rccl/build/release/hipify/gensrc/sendrecv_sum_i8.cpp
-- Generating /work1/lmeadows/rccl-work/rccl-fakes/projects/rccl/build/release/hipify/gensrc/alltoall_pivot_sum_i8.cpp
-- Generating /work1/lmeadows/rccl-work/rccl-fakes/projects/rccl/build/release/hipify/gensrc/all_gather_v_sum_i8.cpp
-- Generated 4084 specialized kernel files in /work1/lmeadows/rccl-work/rccl-fakes/projects/rccl/build/release/hipify/gensrc/specialized
-- Generating /work1/lmeadows/rccl-work/rccl-fakes/projects/rccl/build/release/hipify/gensrc/symmetric/all_gather.cpp
-- Generating /work1/lmeadows/rccl-work/rccl-fakes/projects/rccl/build/release/hipify/gensrc/symmetric/all_gather_profile.cpp
-- Generating /work1/lmeadows/rccl-work/rccl-fakes/projects/rccl/build/release/hipify/gensrc/symmetric/all_reduce_sum_f32.cpp
-- Generating /work1/lmeadows/rccl-work/rccl-fakes/projects/rccl/build/release/hipify/gensrc/symmetric/all_reduce_sum_f32_profile.cpp
-- Generating /work1/lmeadows/rccl-work/rccl-fakes/projects/rccl/build/release/hipify/gensrc/symmetric/reduce_scatter_sum_f32.cpp
-- Generating /work1/lmeadows/rccl-work/rccl-fakes/projects/rccl/build/release/hipify/gensrc/symmetric/reduce_scatter_sum_f32_profile.cpp
-- Generating /work1/lmeadows/rccl-work/rccl-fakes/projects/rccl/build/release/hipify/gensrc/symmetric/reduce_scatter_gin_sum_f32.cpp
-- Generating /work1/lmeadows/rccl-work/rccl-fakes/projects/rccl/build/release/hipify/gensrc/symmetric/reduce_scatter_gin_sum_f32_profile.cpp
-- Generating /work1/lmeadows/rccl-work/rccl-fakes/projects/rccl/build/release/hipify/gensrc/symmetric/all_reduce_sum_f16.cpp
-- Generating /work1/lmeadows/rccl-work/rccl-fakes/projects/rccl/build/release/hipify/gensrc/symmetric/all_reduce_sum_f16_profile.cpp
-- Generating /work1/lmeadows/rccl-work/rccl-fakes/projects/rccl/build/release/hipify/gensrc/symmetric/reduce_scatter_sum_f16.cpp
-- Generating /work1/lmeadows/rccl-work/rccl-fakes/projects/rccl/build/release/hipify/gensrc/symmetric/reduce_scatter_sum_f16_profile.cpp
-- Generating /work1/lmeadows/rccl-work/rccl-fakes/projects/rccl/build/release/hipify/gensrc/symmetric/reduce_scatter_gin_sum_f16.cpp
-- Generating /work1/lmeadows/rccl-work/rccl-fakes/projects/rccl/build/release/hipify/gensrc/symmetric/reduce_scatter_gin_sum_f16_profile.cpp
-- Generating /work1/lmeadows/rccl-work/rccl-fakes/projects/rccl/build/release/hipify/gensrc/symmetric/all_reduce_sum_bf16.cpp
-- Generating /work1/lmeadows/rccl-work/rccl-fakes/projects/rccl/build/release/hipify/gensrc/symmetric/all_reduce_sum_bf16_profile.cpp
-- Generating /work1/lmeadows/rccl-work/rccl-fakes/projects/rccl/build/release/hipify/gensrc/symmetric/reduce_scatter_sum_bf16.cpp
-- Generating /work1/lmeadows/rccl-work/rccl-fakes/projects/rccl/build/release/hipify/gensrc/symmetric/reduce_scatter_sum_bf16_profile.cpp
-- Generating /work1/lmeadows/rccl-work/rccl-fakes/projects/rccl/build/release/hipify/gensrc/symmetric/reduce_scatter_gin_sum_bf16.cpp
-- Generating /work1/lmeadows/rccl-work/rccl-fakes/projects/rccl/build/release/hipify/gensrc/symmetric/reduce_scatter_gin_sum_bf16_profile.cpp
-- Generating /work1/lmeadows/rccl-work/rccl-fakes/projects/rccl/build/release/hipify/gensrc/symmetric/all_reduce_sum_f8e4m3.cpp
-- Generating /work1/lmeadows/rccl-work/rccl-fakes/projects/rccl/build/release/hipify/gensrc/symmetric/all_reduce_sum_f8e4m3_profile.cpp
-- Generating /work1/lmeadows/rccl-work/rccl-fakes/projects/rccl/build/release/hipify/gensrc/symmetric/reduce_scatter_sum_f8e4m3.cpp
-- Generating /work1/lmeadows/rccl-work/rccl-fakes/projects/rccl/build/release/hipify/gensrc/symmetric/reduce_scatter_sum_f8e4m3_profile.cpp
-- Generating /work1/lmeadows/rccl-work/rccl-fakes/projects/rccl/build/release/hipify/gensrc/symmetric/reduce_scatter_gin_sum_f8e4m3.cpp
-- Generating /work1/lmeadows/rccl-work/rccl-fakes/projects/rccl/build/release/hipify/gensrc/symmetric/reduce_scatter_gin_sum_f8e4m3_profile.cpp
-- Generating /work1/lmeadows/rccl-work/rccl-fakes/projects/rccl/build/release/hipify/gensrc/symmetric/all_reduce_sum_f8e5m2.cpp
-- Generating /work1/lmeadows/rccl-work/rccl-fakes/projects/rccl/build/release/hipify/gensrc/symmetric/all_reduce_sum_f8e5m2_profile.cpp
-- Generating /work1/lmeadows/rccl-work/rccl-fakes/projects/rccl/build/release/hipify/gensrc/symmetric/reduce_scatter_sum_f8e5m2.cpp
-- Generating /work1/lmeadows/rccl-work/rccl-fakes/projects/rccl/build/release/hipify/gensrc/symmetric/reduce_scatter_sum_f8e5m2_profile.cpp
-- Generating /work1/lmeadows/rccl-work/rccl-fakes/projects/rccl/build/release/hipify/gensrc/symmetric/reduce_scatter_gin_sum_f8e5m2.cpp
-- Generating /work1/lmeadows/rccl-work/rccl-fakes/projects/rccl/build/release/hipify/gensrc/symmetric/reduce_scatter_gin_sum_f8e5m2_profile.cpp
-- Generating /work1/lmeadows/rccl-work/rccl-fakes/projects/rccl/build/release/hipify/gensrc/symmetric/reduce_scatter_avg_f32.cpp
-- Generating /work1/lmeadows/rccl-work/rccl-fakes/projects/rccl/build/release/hipify/gensrc/symmetric/reduce_scatter_avg_f32_profile.cpp
-- Generating /work1/lmeadows/rccl-work/rccl-fakes/projects/rccl/build/release/hipify/gensrc/symmetric/reduce_scatter_gin_avg_f32.cpp
-- Generating /work1/lmeadows/rccl-work/rccl-fakes/projects/rccl/build/release/hipify/gensrc/symmetric/reduce_scatter_gin_avg_f32_profile.cpp
-- Generating /work1/lmeadows/rccl-work/rccl-fakes/projects/rccl/build/release/hipify/gensrc/symmetric/reduce_scatter_avg_f16.cpp
-- Generating /work1/lmeadows/rccl-work/rccl-fakes/projects/rccl/build/release/hipify/gensrc/symmetric/reduce_scatter_avg_f16_profile.cpp
-- Generating /work1/lmeadows/rccl-work/rccl-fakes/projects/rccl/build/release/hipify/gensrc/symmetric/reduce_scatter_gin_avg_f16.cpp
-- Generating /work1/lmeadows/rccl-work/rccl-fakes/projects/rccl/build/release/hipify/gensrc/symmetric/reduce_scatter_gin_avg_f16_profile.cpp
-- Generating /work1/lmeadows/rccl-work/rccl-fakes/projects/rccl/build/release/hipify/gensrc/symmetric/reduce_scatter_avg_bf16.cpp
-- Generating /work1/lmeadows/rccl-work/rccl-fakes/projects/rccl/build/release/hipify/gensrc/symmetric/reduce_scatter_avg_bf16_profile.cpp
-- Generating /work1/lmeadows/rccl-work/rccl-fakes/projects/rccl/build/release/hipify/gensrc/symmetric/reduce_scatter_gin_avg_bf16.cpp
-- Generating /work1/lmeadows/rccl-work/rccl-fakes/projects/rccl/build/release/hipify/gensrc/symmetric/reduce_scatter_gin_avg_bf16_profile.cpp
-- Generating /work1/lmeadows/rccl-work/rccl-fakes/projects/rccl/build/release/hipify/gensrc/symmetric/reduce_scatter_avg_f8e4m3.cpp
-- Generating /work1/lmeadows/rccl-work/rccl-fakes/projects/rccl/build/release/hipify/gensrc/symmetric/reduce_scatter_avg_f8e4m3_profile.cpp
-- Generating /work1/lmeadows/rccl-work/rccl-fakes/projects/rccl/build/release/hipify/gensrc/symmetric/reduce_scatter_gin_avg_f8e4m3.cpp
-- Generating /work1/lmeadows/rccl-work/rccl-fakes/projects/rccl/build/release/hipify/gensrc/symmetric/reduce_scatter_gin_avg_f8e4m3_profile.cpp
-- Generating /work1/lmeadows/rccl-work/rccl-fakes/projects/rccl/build/release/hipify/gensrc/symmetric/reduce_scatter_avg_f8e5m2.cpp
-- Generating /work1/lmeadows/rccl-work/rccl-fakes/projects/rccl/build/release/hipify/gensrc/symmetric/reduce_scatter_avg_f8e5m2_profile.cpp
-- Generating /work1/lmeadows/rccl-work/rccl-fakes/projects/rccl/build/release/hipify/gensrc/symmetric/reduce_scatter_gin_avg_f8e5m2.cpp
-- Generating /work1/lmeadows/rccl-work/rccl-fakes/projects/rccl/build/release/hipify/gensrc/symmetric/reduce_scatter_gin_avg_f8e5m2_profile.cpp
-- Generating /work1/lmeadows/rccl-work/rccl-fakes/projects/rccl/build/release/hipify/gensrc/symmetric/all_reduce.cpp
-- Generating /work1/lmeadows/rccl-work/rccl-fakes/projects/rccl/build/release/hipify/gensrc/symmetric/reduce_scatter.cpp
-- Generating /work1/lmeadows/rccl-work/rccl-fakes/projects/rccl/build/release/hipify/gensrc/symmetric/symmetric_kernels.cc
-- Generated 40 CE-reduce kernel TUs in /work1/lmeadows/rccl-work/rccl-fakes/projects/rccl/build/release/hipify/gensrc/ce_reduce
-- Device Linker: filtered HIP_SOURCES (removed device .cpp under gensrc/ + subdirs, common.cu, onerank.cu, collectives.cc, dda_all_reduce_ipc.cu.cpp, dda_reduce_scatter_ipc.cu.cpp, dda_all_gather_ipc.cu.cpp, dda_alltoall_ipc.cu.cpp, dda_all_reduce_fabric.cu.cpp, dda_all_reduce_fabric_ll.cu.cpp, dda_reduce_scatter_fabric.cu.cpp, dda_all_gather_fabric.cu.cpp, dda_all_gather_fabric_ll.cu.cpp, dda_alltoall_fabric.cu.cpp)
-- HIP_VMM_UNCACHED_MEMORY enabled
-- HIP_CONTIGUOUS_MEMORY enabled
-- HIP_UNCACHED_MEMORY enabled
-- HIP_HOST_UNCACHED_MEMORY enabled
-- HIP Fabric API enabled (hipMemImportFromShareableHandle and hipMemFabricHandle_t found)
-- CE_BATCH_ASYNC_SUPPORTED compile definition enabled
-- RCCL_CUMEM_DMABUF_EXPORT_SUPPORTED compile definition enabled
-- --offload-compress enabled - ROCm version >= 6.2.0
-- Fault injection enabled
-- Found rocprofiler-register: /work1/lmeadows/therock/stable-plain-multiarch (found version "0.6.0")  
-- Device Linker: assembly-extract pipeline enabled (RCCLDEV language)
-- RCCLDEV compiler works: /work1/lmeadows/rccl-work/rccl-fakes/projects/rccl/tools/rccl-device-compile
-- Device Linker: no --hip-path/--hip-device-lib-path in CMAKE_CXX_FLAGS (standard ROCm install)
-- Device Linker: inherited compile options: -fvisibility=hidden;-mllvm;--amdgpu-kernarg-preload-count=16
-- Device Linker: GPU targets = gfx950
-- Device Linker: 4084 specialized kernels
-- Device Linker [gfx950]: 3064 kernels to build, 1020 skipped (arch guard)
-- Use 16 jobs for linking
-- RCCL: .hip_fatbin will be placed at end of librccl.so (/work1/lmeadows/rccl-work/rccl-fakes/projects/rccl/cmake/linker_scripts/hip_fatbin_tail.ld)
-- Building shared RCCL library
Building rccl RAS client executable
Building rccl unit tests (Installed in /test/rccl-UnitTests)
hsa-runtime64 found @  /work1/lmeadows/therock/stable-plain-multiarch/lib/cmake/hsa-runtime64 
-- Applying test categories for rccl-UnitTests
-- Generated test category configuration: /work1/lmeadows/rccl-work/rccl-fakes/projects/rccl/build/release/test/test_categories.cmake
-- Applying test categories for rccl-UnitTestsFixtures
-- Generated test category configuration: /work1/lmeadows/rccl-work/rccl-fakes/projects/rccl/build/release/test/test_categories.cmake
-- Applying test categories for rccl-UnitTestsAmdSmi
-- Generated test category configuration: /work1/lmeadows/rccl-work/rccl-fakes/projects/rccl/build/release/test/test_categories.cmake
-- Applying test categories for rccl-UnitTestsMicro
-- Generated test category configuration: /work1/lmeadows/rccl-work/rccl-fakes/projects/rccl/build/release/test/host/test_categories.cmake
-- Applying test categories for rccl-UnitTestsMicroWarpSpeed
-- Generated test category configuration: /work1/lmeadows/rccl-work/rccl-fakes/projects/rccl/build/release/test/host/test_categories.cmake
-- Applying test categories for rccl-UnitTestsMicroInit
-- Generated test category configuration: /work1/lmeadows/rccl-work/rccl-fakes/projects/rccl/build/release/test/host/test_categories.cmake
-- Applying test categories for rccl-UnitTestsMicroInit-uncached
-- Generated test category configuration: /work1/lmeadows/rccl-work/rccl-fakes/projects/rccl/build/release/test/host/test_categories.cmake
-- Applying test categories for rccl-UnitTestsMicroInit-faultinj
-- Generated test category configuration: /work1/lmeadows/rccl-work/rccl-fakes/projects/rccl/build/release/test/host/test_categories.cmake
-- Applying test categories for rccl-UnitTestsMicroEnqueue
-- Generated test category configuration: /work1/lmeadows/rccl-work/rccl-fakes/projects/rccl/build/release/test/host/test_categories.cmake
-- Applying test categories for rccl-UnitTestsMicroSymKernels
-- Generated test category configuration: /work1/lmeadows/rccl-work/rccl-fakes/projects/rccl/build/release/test/host/test_categories.cmake
-- Applying test categories for rccl-UnitTestsMicroTaskPrep
-- Generated test category configuration: /work1/lmeadows/rccl-work/rccl-fakes/projects/rccl/build/release/test/host/test_categories.cmake
-- rocm-cmake: Set license file to /work1/lmeadows/rccl-work/rccl-fakes/projects/rccl/LICENSE.txt.
-- Configuring done
CMake Warning (dev) at cmake/DeviceLinker.cmake:539 (add_custom_command):
  Policy CMP0116 is not set: Ninja generators transform DEPFILEs from
  add_custom_command().  Run "cmake --help-policy CMP0116" for policy
  details.  Use the cmake_policy command to set the policy and suppress this
  warning.
Call Stack (most recent call first):
  src/CMakeLists.txt:1411 (include)
This warning is for project developers.  Use -Wno-dev to suppress it.

-- Generating done
-- Build files have been written to: /work1/lmeadows/rccl-work/rccl-fakes/projects/rccl/build/release
[0/2] Re-checking globbed directories...
[1/4366] Updating git version information
-- Updating git_version.cpp
[2/4366] Building CXX object plugins/profiler/inspector/CMakeFiles/rccl-profiler-inspector.dir/version.cc.o
[3/4366] Building CXX object test/CMakeFiles/rccl-test-profiler-stub.dir/plugin/profiler_stub_plugin.cpp.o
[4/4366] Hipifying src/include/param/common.h -> /work1/lmeadows/rccl-work/rccl-fakes/projects/rccl/build/release/hipify/src/include/param/common_tmp.h
[5/4366] Hipifying src/include/p2p.h -> /work1/lmeadows/rccl-work/rccl-fakes/projects/rccl/build/release/hipify/src/include/p2p_tmp.h
[6/4366] Hipifying src/include/param/param.h -> /work1/lmeadows/rccl-work/rccl-fakes/projects/rccl/build/release/hipify/src/include/param/param_tmp.h
[7/4366] Hipifying src/include/nccl_device/comm.h -> /work1/lmeadows/rccl-work/rccl-fakes/projects/rccl/build/release/hipify/src/include/nccl_device/comm_tmp.h
[8/4366] Hipifying src/transport/net_ib/p2p.h -> /work1/lmeadows/rccl-work/rccl-fakes/projects/rccl/build/release/hipify/src/transport/net_ib/p2p_tmp.h
[9/4366] Hipifying src/transport/net_ib/gin.h -> /work1/lmeadows/rccl-work/rccl-fakes/projects/rccl/build/release/hipify/src/transport/net_ib/gin_tmp.h
[10/4366] Hipifying src/ras/diagnostics.h -> /work1/lmeadows/rccl-work/rccl-fakes/projects/rccl/build/release/hipify/src/ras/diagnostics_tmp.h
[11/4366] Symlinking include/param/common_tmp.h -> include/param/common.h
[12/4366] Hipifying src/include/nccl_device/core.h -> /work1/lmeadows/rccl-work/rccl-fakes/projects/rccl/build/release/hipify/src/include/nccl_device/core_tmp.h
[13/4366] Hipifying src/include/utils.h -> /work1/lmeadows/rccl-work/rccl-fakes/projects/rccl/build/release/hipify/src/include/utils_tmp.h
[14/4366] Hipifying src/include/rma/rma.h -> /work1/lmeadows/rccl-work/rccl-fakes/projects/rccl/build/release/hipify/src/include/rma/rma_tmp.h
[15/4366] Hipifying src/include/nccl_device/gin.h -> /work1/lmeadows/rccl-work/rccl-fakes/projects/rccl/build/release/hipify/src/include/nccl_device/gin_tmp.h
[16/4366] Symlinking include/p2p_tmp.h -> include/p2p.h
[17/4366] Symlinking include/param/param_tmp.h -> include/param/param.h
[18/4366] Hipifying src/transport/net_ib/common.h -> /work1/lmeadows/rccl-work/rccl-fakes/projects/rccl/build/release/hipify/src/transport/net_ib/common_tmp.h
[19/4366] Symlinking nccl_device/comm_tmp.h -> comm.h
[20/4366] Symlinking net_ib/p2p_tmp.h -> p2p.h
[21/4366] Symlinking net_ib/gin_tmp.h -> gin.h
[22/4366] Symlinking ras/diagnostics_tmp.h -> ras/diagnostics.h
[23/4366] Symlinking nccl_device/core_tmp.h -> core.h
[24/4366] Symlinking rma/rma_tmp.h -> rma/rma.h
[25/4366] Symlinking include/utils_tmp.h -> include/utils.h
[26/4366] Symlinking nccl_device/gin_tmp.h -> gin.h
[27/4366] Symlinking net_ib/common_tmp.h -> common.h
[28/4366] Building CXX object plugins/profiler/inspector/CMakeFiles/rccl-profiler-inspector.dir/inspector_cudawrap.cc.o
[29/4366] Building CXX object plugins/profiler/inspector/CMakeFiles/rccl-profiler-inspector.dir/inspector_ring.cc.o
[30/4366] Building CXX object plugins/profiler/inspector/CMakeFiles/rccl-profiler-inspector.dir/inspector_event_pool.cc.o
[31/4366] Building CXX object plugins/profiler/inspector/CMakeFiles/rccl-profiler-inspector.dir/json.cc.o
[32/4366] Linking CXX shared library test/librccl-test-profiler-stub.so
[33/4366] Hipifying src/include/nccl_device/gin/anvil_sdma/gin_anvil_sdma_device_host_common.h -> /work1/lmeadows/rccl-work/rccl-fakes/projects/rccl/build/release/hipify/src/include/nccl_device/gin/anvil_sdma/gin_anvil_sdma_device_host_common.h
[34/4366] Hipifying src/include/nccl_device/gin/gdaki/gin_gdaki.h -> /work1/lmeadows/rccl-work/rccl-fakes/projects/rccl/build/release/hipify/src/include/nccl_device/gin/gdaki/gin_gdaki.h
[35/4366] Hipifying src/include/nccl_device/gin/gdaki/gin_gdaki_device_host_common.h -> /work1/lmeadows/rccl-work/rccl-fakes/projects/rccl/build/release/hipify/src/include/nccl_device/gin/gdaki/gin_gdaki_device_host_common.h
[36/4366] Hipifying src/include/nccl_device/gin/gin_device_api.h -> /work1/lmeadows/rccl-work/rccl-fakes/projects/rccl/build/release/hipify/src/include/nccl_device/gin/gin_device_api.h
[37/4366] Hipifying src/include/nccl_device/gin/gin_device_common.h -> /work1/lmeadows/rccl-work/rccl-fakes/projects/rccl/build/release/hipify/src/include/nccl_device/gin/gin_device_common.h
[38/4366] Hipifying src/include/nccl_device/gin/gin_device_host_common.h -> /work1/lmeadows/rccl-work/rccl-fakes/projects/rccl/build/release/hipify/src/include/nccl_device/gin/gin_device_host_common.h
[39/4366] Hipifying src/include/nccl_device/gin/proxy/gin_proxy.h -> /work1/lmeadows/rccl-work/rccl-fakes/projects/rccl/build/release/hipify/src/include/nccl_device/gin/proxy/gin_proxy.h
[40/4366] Hipifying src/include/nccl_device/gin/rocshmem_gda/gin_rocshmem_gda.h -> /work1/lmeadows/rccl-work/rccl-fakes/projects/rccl/build/release/hipify/src/include/nccl_device/gin/rocshmem_gda/gin_rocshmem_gda.h
[41/4366] Hipifying src/include/nccl_device/gin_barrier.h -> /work1/lmeadows/rccl-work/rccl-fakes/projects/rccl/build/release/hipify/src/include/nccl_device/gin_barrier.h
[42/4366] Copying hip_compat.h (no hipification)
[43/4366] Hipifying src/include/nccl_device/impl/barrier__funcs.h -> /work1/lmeadows/rccl-work/rccl-fakes/projects/rccl/build/release/hipify/src/include/nccl_device/impl/barrier__funcs.h
[44/4366] Hipifying src/include/nccl_device/impl/barrier__types.h -> /work1/lmeadows/rccl-work/rccl-fakes/projects/rccl/build/release/hipify/src/include/nccl_device/impl/barrier__types.h
[45/4366] Hipifying src/include/nccl_device/impl/cft__funcs.h -> /work1/lmeadows/rccl-work/rccl-fakes/projects/rccl/build/release/hipify/src/include/nccl_device/impl/cft__funcs.h
[46/4366] Hipifying src/include/nccl_device/impl/cft__types.h -> /work1/lmeadows/rccl-work/rccl-fakes/projects/rccl/build/release/hipify/src/include/nccl_device/impl/cft__types.h
[47/4366] Hipifying src/include/nccl_device/impl/cft_barrier__funcs.h -> /work1/lmeadows/rccl-work/rccl-fakes/projects/rccl/build/release/hipify/src/include/nccl_device/impl/cft_barrier__funcs.h
[48/4366] Hipifying src/include/nccl_device/impl/cft_barrier__types.h -> /work1/lmeadows/rccl-work/rccl-fakes/projects/rccl/build/release/hipify/src/include/nccl_device/impl/cft_barrier__types.h
[49/4366] Hipifying src/include/nccl_device.h -> /work1/lmeadows/rccl-work/rccl-fakes/projects/rccl/build/release/hipify/src/include/nccl_device.h
[50/4366] Hipifying src/include/nccl_device/barrier.h -> /work1/lmeadows/rccl-work/rccl-fakes/projects/rccl/build/release/hipify/src/include/nccl_device/barrier.h
[51/4366] Hipifying src/include/nccl_device/cft.h -> /work1/lmeadows/rccl-work/rccl-fakes/projects/rccl/build/release/hipify/src/include/nccl_device/cft.h
[52/4366] Hipifying src/include/nccl_device/cft_barrier.h -> /work1/lmeadows/rccl-work/rccl-fakes/projects/rccl/build/release/hipify/src/include/nccl_device/cft_barrier.h
[53/4366] Hipifying src/include/nccl_device/gin/anvil_sdma/gin_anvil_ipc_copy.h -> /work1/lmeadows/rccl-work/rccl-fakes/projects/rccl/build/release/hipify/src/include/nccl_device/gin/anvil_sdma/gin_anvil_ipc_copy.h
[54/4366] Hipifying src/include/nccl_device/gin/anvil_sdma/gin_anvil_ipc_table.h -> /work1/lmeadows/rccl-work/rccl-fakes/projects/rccl/build/release/hipify/src/include/nccl_device/gin/anvil_sdma/gin_anvil_ipc_table.h
[55/4366] Hipifying src/include/nccl_device/gin/anvil_sdma/gin_anvil_ipc_table_device.h -> /work1/lmeadows/rccl-work/rccl-fakes/projects/rccl/build/release/hipify/src/include/nccl_device/gin/anvil_sdma/gin_anvil_ipc_table_device.h
[56/4366] Hipifying src/include/nccl_device/gin/anvil_sdma/gin_anvil_sdma.h -> /work1/lmeadows/rccl-work/rccl-fakes/projects/rccl/build/release/hipify/src/include/nccl_device/gin/anvil_sdma/gin_anvil_sdma.h
[57/4366] Hipifying src/include/nccl_device/gin/anvil_sdma/gin_anvil_sdma_put_policy.h -> /work1/lmeadows/rccl-work/rccl-fakes/projects/rccl/build/release/hipify/src/include/nccl_device/gin/anvil_sdma/gin_anvil_sdma_put_policy.h
[58/4366] Hipifying src/include/nccl_device/impl/comm__funcs.h -> /work1/lmeadows/rccl-work/rccl-fakes/projects/rccl/build/release/hipify/src/include/nccl_device/impl/comm__funcs.h
[59/4366] Hipifying src/include/nccl_device/impl/comm__types.h -> /work1/lmeadows/rccl-work/rccl-fakes/projects/rccl/build/release/hipify/src/include/nccl_device/impl/comm__types.h
[60/4366] Hipifying src/include/nccl_device/impl/core__funcs.h -> /work1/lmeadows/rccl-work/rccl-fakes/projects/rccl/build/release/hipify/src/include/nccl_device/impl/core__funcs.h
[61/4366] Hipifying src/include/nccl_device/impl/core__types.h -> /work1/lmeadows/rccl-work/rccl-fakes/projects/rccl/build/release/hipify/src/include/nccl_device/impl/core__types.h
[62/4366] Hipifying src/include/nccl_device/impl/gin__types.h -> /work1/lmeadows/rccl-work/rccl-fakes/projects/rccl/build/release/hipify/src/include/nccl_device/impl/gin__types.h
[63/4366] Hipifying src/include/nccl_device/impl/gin_barrier__types.h -> /work1/lmeadows/rccl-work/rccl-fakes/projects/rccl/build/release/hipify/src/include/nccl_device/impl/gin_barrier__types.h
[64/4366] Hipifying src/include/nccl_device/impl/ll_a2a__funcs.h -> /work1/lmeadows/rccl-work/rccl-fakes/projects/rccl/build/release/hipify/src/include/nccl_device/impl/ll_a2a__funcs.h
[65/4366] Hipifying src/include/nccl_device/impl/ll_a2a__types.h -> /work1/lmeadows/rccl-work/rccl-fakes/projects/rccl/build/release/hipify/src/include/nccl_device/impl/ll_a2a__types.h
[66/4366] Hipifying src/include/nccl_device/impl/lsa_barrier__types.h -> /work1/lmeadows/rccl-work/rccl-fakes/projects/rccl/build/release/hipify/src/include/nccl_device/impl/lsa_barrier__types.h
[67/4366] Hipifying src/include/nccl_device/impl/ptr__funcs.h -> /work1/lmeadows/rccl-work/rccl-fakes/projects/rccl/build/release/hipify/src/include/nccl_device/impl/ptr__funcs.h
[68/4366] Hipifying src/include/nccl_device/impl/ptr__types.h -> /work1/lmeadows/rccl-work/rccl-fakes/projects/rccl/build/release/hipify/src/include/nccl_device/impl/ptr__types.h
[69/4366] Hipifying src/include/nccl_device/impl/reduce_copy__types.h -> /work1/lmeadows/rccl-work/rccl-fakes/projects/rccl/build/release/hipify/src/include/nccl_device/impl/reduce_copy__types.h
[70/4366] Hipifying src/include/nccl_device/impl/vector__types.h -> /work1/lmeadows/rccl-work/rccl-fakes/projects/rccl/build/release/hipify/src/include/nccl_device/impl/vector__types.h
[71/4366] Hipifying src/include/nccl_device/lsa_barrier.h -> /work1/lmeadows/rccl-work/rccl-fakes/projects/rccl/build/release/hipify/src/include/nccl_device/lsa_barrier.h
[72/4366] Hipifying src/include/nccl_device/ptr.h -> /work1/lmeadows/rccl-work/rccl-fakes/projects/rccl/build/release/hipify/src/include/nccl_device/ptr.h
[73/4366] Building CXX object plugins/profiler/inspector/CMakeFiles/rccl-profiler-inspector.dir/inspector_plugin.cc.o
/work1/lmeadows/rccl-work/rccl-fakes/projects/rccl/plugins/profiler/inspector/inspector_plugin.cc:264:52: warning: result of comparison of constant 256 with expression of type 'uint8_t' (aka 'unsigned char') is always true [-Wtautological-constant-out-of-range-compare]
  264 |   collInfoPtr->nChannels = (eDescr->coll.nChannels < MAX_CHANNELS)
      |                             ~~~~~~~~~~~~~~~~~~~~~~ ^ ~~~~~~~~~~~~
/work1/lmeadows/rccl-work/rccl-fakes/projects/rccl/plugins/profiler/inspector/inspector_plugin.cc:298:50: warning: result of comparison of constant 256 with expression of type 'uint8_t' (aka 'unsigned char') is always true [-Wtautological-constant-out-of-range-compare]
  298 |   p2pInfoPtr->nChannels = (eDescr->p2p.nChannels < MAX_CHANNELS)
      |                            ~~~~~~~~~~~~~~~~~~~~~ ^ ~~~~~~~~~~~~
/work1/lmeadows/rccl-work/rccl-fakes/projects/rccl/plugins/profiler/inspector/inspector_plugin.cc:421:34: warning: result of comparison of constant 256 with expression of type 'uint8_t' (aka 'unsigned char') is always false [-Wtautological-constant-out-of-range-compare]
  421 |   if (eDescr->kernelCh.channelId >= MAX_CHANNELS) {
      |       ~~~~~~~~~~~~~~~~~~~~~~~~~~ ^  ~~~~~~~~~~~~
/work1/lmeadows/rccl-work/rccl-fakes/projects/rccl/plugins/profiler/inspector/inspector_plugin.cc:668:31: warning: result of comparison of constant 256 with expression of type 'uint8_t' (aka 'unsigned char') is always false [-Wtautological-constant-out-of-range-compare]
  668 |   if (kernelChInfo->channelId >= MAX_CHANNELS) return ncclSuccess;
      |       ~~~~~~~~~~~~~~~~~~~~~~~ ^  ~~~~~~~~~~~~
/work1/lmeadows/rccl-work/rccl-fakes/projects/rccl/plugins/profiler/inspector/inspector_plugin.cc:730:31: warning: result of comparison of constant 256 with expression of type 'uint8_t' (aka 'unsigned char') is always false [-Wtautological-constant-out-of-range-compare]
  730 |   if (kernelChInfo->channelId >= MAX_CHANNELS) return ncclSuccess;
      |       ~~~~~~~~~~~~~~~~~~~~~~~ ^  ~~~~~~~~~~~~
5 warnings generated.
[74/4366] Hipifying src/include/nccl_device/coop.h -> /work1/lmeadows/rccl-work/rccl-fakes/projects/rccl/build/release/hipify/src/include/nccl_device/coop.h
[75/4366] Hipifying src/include/nccl_device/impl/gin_barrier__funcs.h -> /work1/lmeadows/rccl-work/rccl-fakes/projects/rccl/build/release/hipify/src/include/nccl_device/impl/gin_barrier__funcs.h
[76/4366] Hipifying src/include/nccl_device/impl/lsa_barrier__funcs.h -> /work1/lmeadows/rccl-work/rccl-fakes/projects/rccl/build/release/hipify/src/include/nccl_device/impl/lsa_barrier__funcs.h
[77/4366] Hipifying src/include/nccl_device/impl/multimem__funcs.h -> /work1/lmeadows/rccl-work/rccl-fakes/projects/rccl/build/release/hipify/src/include/nccl_device/impl/multimem__funcs.h
[78/4366] Hipifying src/include/nccl_device/impl/reduce_copy__funcs.h -> /work1/lmeadows/rccl-work/rccl-fakes/projects/rccl/build/release/hipify/src/include/nccl_device/impl/reduce_copy__funcs.h
[79/4366] Hipifying src/include/nccl_device/impl/reduce_copy__impl.h -> /work1/lmeadows/rccl-work/rccl-fakes/projects/rccl/build/release/hipify/src/include/nccl_device/impl/reduce_copy__impl.h
[80/4366] Hipifying src/include/nccl_device/impl/vector__funcs.h -> /work1/lmeadows/rccl-work/rccl-fakes/projects/rccl/build/release/hipify/src/include/nccl_device/impl/vector__funcs.h
[81/4366] Hipifying src/include/nccl_device/ll_a2a.h -> /work1/lmeadows/rccl-work/rccl-fakes/projects/rccl/build/release/hipify/src/include/nccl_device/ll_a2a.h
[82/4366] Hipifying src/include/nccl_device/reduce_copy.h -> /work1/lmeadows/rccl-work/rccl-fakes/projects/rccl/build/release/hipify/src/include/nccl_device/reduce_copy.h
[83/4366] Hipifying src/algorithms/dda/all_gather/all_gather_dda.h -> /work1/lmeadows/rccl-work/rccl-fakes/projects/rccl/build/release/hipify/src/algorithms/dda/all_gather/all_gather_dda.h
[84/4366] Hipifying src/algorithms/dda/all_gather/all_gather_dda_fabric_ll.h -> /work1/lmeadows/rccl-work/rccl-fakes/projects/rccl/build/release/hipify/src/algorithms/dda/all_gather/all_gather_dda_fabric_ll.h
[85/4366] Hipifying src/algorithms/dda/all_gather/all_gather_dda_fabric.h -> /work1/lmeadows/rccl-work/rccl-fakes/projects/rccl/build/release/hipify/src/algorithms/dda/all_gather/all_gather_dda_fabric.h
[86/4366] Hipifying src/algorithms/dda/all_reduce/all_reduce_dda_fabric.h -> /work1/lmeadows/rccl-work/rccl-fakes/projects/rccl/build/release/hipify/src/algorithms/dda/all_reduce/all_reduce_dda_fabric.h
[87/4366] Hipifying src/algorithms/dda/all_reduce/all_reduce_dda_fabric_ll128.h -> /work1/lmeadows/rccl-work/rccl-fakes/projects/rccl/build/release/hipify/src/algorithms/dda/all_reduce/all_reduce_dda_fabric_ll128.h
[88/4366] Hipifying src/algorithms/dda/all_reduce/all_reduce_dda_ll.h -> /work1/lmeadows/rccl-work/rccl-fakes/projects/rccl/build/release/hipify/src/algorithms/dda/all_reduce/all_reduce_dda_ll.h
[89/4366] Hipifying src/algorithms/dda/all_reduce/all_reduce_dda_ll128.h -> /work1/lmeadows/rccl-work/rccl-fakes/projects/rccl/build/release/hipify/src/algorithms/dda/all_reduce/all_reduce_dda_ll128.h
[90/4366] Hipifying src/algorithms/dda/all_reduce/all_reduce_dda_ll128_twoshot.h -> /work1/lmeadows/rccl-work/rccl-fakes/projects/rccl/build/release/hipify/src/algorithms/dda/all_reduce/all_reduce_dda_ll128_twoshot.h
[91/4366] Hipifying src/algorithms/dda/all_reduce/all_reduce_dda_ll_twoshot.h -> /work1/lmeadows/rccl-work/rccl-fakes/projects/rccl/build/release/hipify/src/algorithms/dda/all_reduce/all_reduce_dda_ll_twoshot.h
[92/4366] Hipifying src/algorithms/dda/all_reduce/dda_all_reduce.h -> /work1/lmeadows/rccl-work/rccl-fakes/projects/rccl/build/release/hipify/src/algorithms/dda/all_reduce/dda_all_reduce.h
[93/4366] Hipifying src/algorithms/dda/all_reduce/dda_all_reduce_fabric.cu -> /work1/lmeadows/rccl-work/rccl-fakes/projects/rccl/build/release/hipify/src/algorithms/dda/all_reduce/dda_all_reduce_fabric.cu.cpp
[94/4366] Hipifying src/algorithms/dda/all_reduce/dda_all_reduce_fabric_ll128.cu -> /work1/lmeadows/rccl-work/rccl-fakes/projects/rccl/build/release/hipify/src/algorithms/dda/all_reduce/dda_all_reduce_fabric_ll128.cu.cpp
[95/4366] Hipifying src/algorithms/dda/alltoall/alltoall_dda.h -> /work1/lmeadows/rccl-work/rccl-fakes/projects/rccl/build/release/hipify/src/algorithms/dda/alltoall/alltoall_dda.h
[96/4366] Hipifying src/algorithms/dda/alltoall/alltoall_dda_fabric.h -> /work1/lmeadows/rccl-work/rccl-fakes/projects/rccl/build/release/hipify/src/algorithms/dda/alltoall/alltoall_dda_fabric.h
[97/4366] Hipifying src/algorithms/dda/alltoall/alltoall_dda_fabric_ll128.h -> /work1/lmeadows/rccl-work/rccl-fakes/projects/rccl/build/release/hipify/src/algorithms/dda/alltoall/alltoall_dda_fabric_ll128.h
[98/4366] Hipifying src/algorithms/dda/alltoall/dda_alltoall.h -> /work1/lmeadows/rccl-work/rccl-fakes/projects/rccl/build/release/hipify/src/algorithms/dda/alltoall/dda_alltoall.h
[99/4366] Hipifying src/algorithms/dda/alltoall/dda_alltoall_fabric.cu -> /work1/lmeadows/rccl-work/rccl-fakes/projects/rccl/build/release/hipify/src/algorithms/dda/alltoall/dda_alltoall_fabric.cu.cpp
[100/4366] Hipifying src/algorithms/dda/device/device_buffer.h -> /work1/lmeadows/rccl-work/rccl-fakes/projects/rccl/build/release/hipify/src/algorithms/dda/device/device_buffer.h
[101/4366] Building CXX object plugins/profiler/inspector/CMakeFiles/rccl-profiler-inspector.dir/inspector_json.cc.o
[102/4366] Hipifying src/include/nccl_device/gin/proxy/gin_proxy_device_host_common.h -> /work1/lmeadows/rccl-work/rccl-fakes/projects/rccl/build/release/hipify/src/include/nccl_device/gin/proxy/gin_proxy_device_host_common.h
[103/4366] Hipifying src/include/nccl_device/gin/rocshmem_gda/gin_rocshmem_device_host_common_gda.h -> /work1/lmeadows/rccl-work/rccl-fakes/projects/rccl/build/release/hipify/src/include/nccl_device/gin/rocshmem_gda/gin_rocshmem_device_host_common_gda.h
[104/4366] Hipifying src/include/nccl_device/net_device.h -> /work1/lmeadows/rccl-work/rccl-fakes/projects/rccl/build/release/hipify/src/include/nccl_device/net_device.h
[105/4366] Hipifying src/include/nccl_device/rccl_ptr.h -> /work1/lmeadows/rccl-work/rccl-fakes/projects/rccl/build/release/hipify/src/include/nccl_device/rccl_ptr.h
[106/4366] Hipifying src/include/nccl_device/utility.h -> /work1/lmeadows/rccl-work/rccl-fakes/projects/rccl/build/release/hipify/src/include/nccl_device/utility.h
[107/4366] Hipifying src/algorithms/dda/all_reduce/dda_all_reduce_fabric_ll.cu -> /work1/lmeadows/rccl-work/rccl-fakes/projects/rccl/build/release/hipify/src/algorithms/dda/all_reduce/dda_all_reduce_fabric_ll.cu.cpp
[108/4366] Hipifying src/algorithms/dda/all_reduce/dda_all_reduce_ipc.cu -> /work1/lmeadows/rccl-work/rccl-fakes/projects/rccl/build/release/hipify/src/algorithms/dda/all_reduce/dda_all_reduce_ipc.cu.cpp
[109/4366] Hipifying src/algorithms/dda/alltoall/alltoall_dda_fabric_ll.h -> /work1/lmeadows/rccl-work/rccl-fakes/projects/rccl/build/release/hipify/src/algorithms/dda/alltoall/alltoall_dda_fabric_ll.h
[110/4366] Hipifying src/algorithms/dda/alltoall/dda_alltoall_fabric_ll.cu -> /work1/lmeadows/rccl-work/rccl-fakes/projects/rccl/build/release/hipify/src/algorithms/dda/alltoall/dda_alltoall_fabric_ll.cu.cpp
[111/4366] Hipifying src/algorithms/dda/alltoall/dda_alltoall_fabric_ll128.cu -> /work1/lmeadows/rccl-work/rccl-fakes/projects/rccl/build/release/hipify/src/algorithms/dda/alltoall/dda_alltoall_fabric_ll128.cu.cpp
[112/4366] Hipifying src/algorithms/dda/alltoall/dda_alltoall_ipc.cu -> /work1/lmeadows/rccl-work/rccl-fakes/projects/rccl/build/release/hipify/src/algorithms/dda/alltoall/dda_alltoall_ipc.cu.cpp
[113/4366] Hipifying src/algorithms/dda/dda_init_detail.h -> /work1/lmeadows/rccl-work/rccl-fakes/projects/rccl/build/release/hipify/src/algorithms/dda/dda_init_detail.h
[114/4366] Hipifying src/algorithms/dda/device/CollCommon_ll128.h -> /work1/lmeadows/rccl-work/rccl-fakes/projects/rccl/build/release/hipify/src/algorithms/dda/device/CollCommon_ll128.h
[115/4366] Hipifying src/algorithms/dda/device/device_buffer.cc -> /work1/lmeadows/rccl-work/rccl-fakes/projects/rccl/build/release/hipify/src/algorithms/dda/device/device_buffer.cc
[116/4366] Hipifying src/algorithms/dda/fabric/fabric_gpu_barrier.cu -> /work1/lmeadows/rccl-work/rccl-fakes/projects/rccl/build/release/hipify/src/algorithms/dda/fabric/fabric_gpu_barrier.cu.cpp
[117/4366] Hipifying src/algorithms/dda/fabric/fabric_init.cu -> /work1/lmeadows/rccl-work/rccl-fakes/projects/rccl/build/release/hipify/src/algorithms/dda/fabric/fabric_init.cu.cpp
[118/4366] Hipifying src/algorithms/dda/fabric/fabric_init.h -> /work1/lmeadows/rccl-work/rccl-fakes/projects/rccl/build/release/hipify/src/algorithms/dda/fabric/fabric_init.h
[119/4366] Hipifying src/algorithms/dda/fabric/fabric_mem_handler.cc -> /work1/lmeadows/rccl-work/rccl-fakes/projects/rccl/build/release/hipify/src/algorithms/dda/fabric/fabric_mem_handler.cc
[120/4366] Hipifying src/algorithms/dda/ipc/ipc_gpu_barrier.h -> /work1/lmeadows/rccl-work/rccl-fakes/projects/rccl/build/release/hipify/src/algorithms/dda/ipc/ipc_gpu_barrier.h
[121/4366] Hipifying src/algorithms/dda/all_gather/all_gather_dda_fabric_ll128.h -> /work1/lmeadows/rccl-work/rccl-fakes/projects/rccl/build/release/hipify/src/algorithms/dda/all_gather/all_gather_dda_fabric_ll128.h
[122/4366] Hipifying src/algorithms/dda/all_gather/dda_all_gather_fabric_ll.cu -> /work1/lmeadows/rccl-work/rccl-fakes/projects/rccl/build/release/hipify/src/algorithms/dda/all_gather/dda_all_gather_fabric_ll.cu.cpp
[123/4366] Hipifying src/algorithms/dda/reduce_scatter/dda_reduce_scatter_fabric.cu -> /work1/lmeadows/rccl-work/rccl-fakes/projects/rccl/build/release/hipify/src/algorithms/dda/reduce_scatter/dda_reduce_scatter_fabric.cu.cpp
[124/4366] Copying proxy_trace/proxy_trace.h (no hipification)
[125/4366] Hipifying src/include/nccl_device/impl/gin__funcs.h -> /work1/lmeadows/rccl-work/rccl-fakes/projects/rccl/build/release/hipify/src/include/nccl_device/impl/gin__funcs.h
[126/4366] Hipifying src/algorithms/dda/device/CollCommon.h -> /work1/lmeadows/rccl-work/rccl-fakes/projects/rccl/build/release/hipify/src/algorithms/dda/device/CollCommon.h
[127/4366] Hipifying src/algorithms/dda/fabric/fabric_gpu_barrier.h -> /work1/lmeadows/rccl-work/rccl-fakes/projects/rccl/build/release/hipify/src/algorithms/dda/fabric/fabric_gpu_barrier.h
[128/4366] Hipifying src/algorithms/dda/fabric/fabric_mem_handler.h -> /work1/lmeadows/rccl-work/rccl-fakes/projects/rccl/build/release/hipify/src/algorithms/dda/fabric/fabric_mem_handler.h
[129/4366] Hipifying src/algorithms/dda/ipc/ipc_gpu_barrier.cu -> /work1/lmeadows/rccl-work/rccl-fakes/projects/rccl/build/release/hipify/src/algorithms/dda/ipc/ipc_gpu_barrier.cu.cpp
[130/4366] Hipifying src/algorithms/dda/ipc/ipc_init.cu -> /work1/lmeadows/rccl-work/rccl-fakes/projects/rccl/build/release/hipify/src/algorithms/dda/ipc/ipc_init.cu.cpp
[131/4366] Hipifying src/algorithms/dda/all_gather/dda_all_gather_fabric.cu -> /work1/lmeadows/rccl-work/rccl-fakes/projects/rccl/build/release/hipify/src/algorithms/dda/all_gather/dda_all_gather_fabric.cu.cpp
[132/4366] Hipifying src/algorithms/dda/all_gather/dda_all_gather_ipc.cu -> /work1/lmeadows/rccl-work/rccl-fakes/projects/rccl/build/release/hipify/src/algorithms/dda/all_gather/dda_all_gather_ipc.cu.cpp
[133/4366] Hipifying src/algorithms/dda/reduce_scatter/reduce_scatter_dda_fabric.h -> /work1/lmeadows/rccl-work/rccl-fakes/projects/rccl/build/release/hipify/src/algorithms/dda/reduce_scatter/reduce_scatter_dda_fabric.h
[134/4366] Hipifying src/algorithms/dda/ipc/ipc_mem_handler.h -> /work1/lmeadows/rccl-work/rccl-fakes/projects/rccl/build/release/hipify/src/algorithms/dda/ipc/ipc_mem_handler.h
[135/4366] Hipifying src/algorithms/dda/reduce_scatter/reduce_scatter_dda.h -> /work1/lmeadows/rccl-work/rccl-fakes/projects/rccl/build/release/hipify/src/algorithms/dda/reduce_scatter/reduce_scatter_dda.h
[136/4366] Hipifying src/algorithms/dda/all_reduce/all_reduce_dda.h -> /work1/lmeadows/rccl-work/rccl-fakes/projects/rccl/build/release/hipify/src/algorithms/dda/all_reduce/all_reduce_dda.h
[137/4366] Hipifying src/algorithms/dda/reduce_scatter/dda_reduce_scatter_ipc.cu -> /work1/lmeadows/rccl-work/rccl-fakes/projects/rccl/build/release/hipify/src/algorithms/dda/reduce_scatter/dda_reduce_scatter_ipc.cu.cpp
[138/4366] Hipifying src/commDump.cc -> /work1/lmeadows/rccl-work/rccl-fakes/projects/rccl/build/release/hipify/src/commDump.cc
[139/4366] Hipifying src/allocator.cc -> /work1/lmeadows/rccl-work/rccl-fakes/projects/rccl/build/release/hipify/src/allocator.cc
[140/4366] Hipifying src/algorithms/dda/ipc/ipc_init.h -> /work1/lmeadows/rccl-work/rccl-fakes/projects/rccl/build/release/hipify/src/algorithms/dda/ipc/ipc_init.h
[141/4366] Hipifying src/algorithms/dda/reduce_scatter/reduce_scatter_dda_fabric_ll.h -> /work1/lmeadows/rccl-work/rccl-fakes/projects/rccl/build/release/hipify/src/algorithms/dda/reduce_scatter/reduce_scatter_dda_fabric_ll.h
[142/4366] Hipifying src/algorithms/dda/ipc/ipc_mem_handler.cc -> /work1/lmeadows/rccl-work/rccl-fakes/projects/rccl/build/release/hipify/src/algorithms/dda/ipc/ipc_mem_handler.cc
[143/4366] Hipifying src/algorithms/gin/gin_all_reduce_policy.h -> /work1/lmeadows/rccl-work/rccl-fakes/projects/rccl/build/release/hipify/src/algorithms/gin/gin_all_reduce_policy.h
[144/4366] Hipifying src/algorithms/gin/gin_alltoall.h -> /work1/lmeadows/rccl-work/rccl-fakes/projects/rccl/build/release/hipify/src/algorithms/gin/gin_alltoall.h
[145/4366] Hipifying src/algorithms/gin/gin_all_reduce.h -> /work1/lmeadows/rccl-work/rccl-fakes/projects/rccl/build/release/hipify/src/algorithms/gin/gin_all_reduce.h
[146/4366] Hipifying src/algorithms/dda/all_gather/dda_all_gather.h -> /work1/lmeadows/rccl-work/rccl-fakes/projects/rccl/build/release/hipify/src/algorithms/dda/all_gather/dda_all_gather.h
[147/4366] Hipifying src/cft_dev_runtime.cc -> /work1/lmeadows/rccl-work/rccl-fakes/projects/rccl/build/release/hipify/src/cft_dev_runtime.cc
[148/4366] Hipifying src/algorithms/dda/reduce_scatter/dda_reduce_scatter_fabric_ll.cu -> /work1/lmeadows/rccl-work/rccl-fakes/projects/rccl/build/release/hipify/src/algorithms/dda/reduce_scatter/dda_reduce_scatter_fabric_ll.cu.cpp
[149/4366] Hipifying src/channel.cc -> /work1/lmeadows/rccl-work/rccl-fakes/projects/rccl/build/release/hipify/src/channel.cc
[150/4366] Hipifying src/include/gdr_peermem.h -> /work1/lmeadows/rccl-work/rccl-fakes/projects/rccl/build/release/hipify/src/include/gdr_peermem.h
[151/4366] Hipifying src/algorithms/dda/all_gather/dda_all_gather_fabric_ll128.cu -> /work1/lmeadows/rccl-work/rccl-fakes/projects/rccl/build/release/hipify/src/algorithms/dda/all_gather/dda_all_gather_fabric_ll128.cu.cpp
[152/4366] Hipifying src/config/algorithm_parser.cc -> /work1/lmeadows/rccl-work/rccl-fakes/projects/rccl/build/release/hipify/src/config/algorithm_parser.cc
[153/4366] Hipifying src/algorithms/dda/reduce_scatter/reduce_scatter_dda_fabric_ll128.h -> /work1/lmeadows/rccl-work/rccl-fakes/projects/rccl/build/release/hipify/src/algorithms/dda/reduce_scatter/reduce_scatter_dda_fabric_ll128.h
[154/4366] Hipifying src/include/env.h -> /work1/lmeadows/rccl-work/rccl-fakes/projects/rccl/build/release/hipify/src/include/env.h
[155/4366] Hipifying src/algorithms/dda/reduce_scatter/dda_reduce_scatter.h -> /work1/lmeadows/rccl-work/rccl-fakes/projects/rccl/build/release/hipify/src/algorithms/dda/reduce_scatter/dda_reduce_scatter.h
[156/4366] Hipifying src/algorithms/gin/sdma/all_reduce_gin_sdma.h -> /work1/lmeadows/rccl-work/rccl-fakes/projects/rccl/build/release/hipify/src/algorithms/gin/sdma/all_reduce_gin_sdma.h
[157/4366] Hipifying src/dev_runtime_segments.cc -> /work1/lmeadows/rccl-work/rccl-fakes/projects/rccl/build/release/hipify/src/dev_runtime_segments.cc
[158/4366] Hipifying src/devcomm/devcomm_v22902.cc -> /work1/lmeadows/rccl-work/rccl-fakes/projects/rccl/build/release/hipify/src/devcomm/devcomm_v22902.cc
[159/4366] Hipifying src/algorithms/dda/reduce_scatter/dda_reduce_scatter_fabric_ll128.cu -> /work1/lmeadows/rccl-work/rccl-fakes/projects/rccl/build/release/hipify/src/algorithms/dda/reduce_scatter/dda_reduce_scatter_fabric_ll128.cu.cpp
[160/4366] Hipifying src/include/enqueue/task_pretuning.h -> /work1/lmeadows/rccl-work/rccl-fakes/projects/rccl/build/release/hipify/src/include/enqueue/task_pretuning.h
[161/4366] Hipifying src/config/collconfig.cc -> /work1/lmeadows/rccl-work/rccl-fakes/projects/rccl/build/release/hipify/src/config/collconfig.cc
[162/4366] Hipifying src/include/enqueue/task_sched.h -> /work1/lmeadows/rccl-work/rccl-fakes/projects/rccl/build/release/hipify/src/include/enqueue/task_sched.h
[163/4366] Hipifying src/include/enqueue/task_posttuning.h -> /work1/lmeadows/rccl-work/rccl-fakes/projects/rccl/build/release/hipify/src/include/enqueue/task_posttuning.h
[164/4366] Hipifying src/config/algorithm_registry.cc -> /work1/lmeadows/rccl-work/rccl-fakes/projects/rccl/build/release/hipify/src/config/algorithm_registry.cc
[165/4366] Hipifying src/devcomm/devcomm_v22902.h -> /work1/lmeadows/rccl-work/rccl-fakes/projects/rccl/build/release/hipify/src/devcomm/devcomm_v22902.h
[166/4366] Hipifying src/debug.cc -> /work1/lmeadows/rccl-work/rccl-fakes/projects/rccl/build/release/hipify/src/debug.cc
[167/4366] Hipifying src/bootstrap.cc -> /work1/lmeadows/rccl-work/rccl-fakes/projects/rccl/build/release/hipify/src/bootstrap.cc
[168/4366] Hipifying src/device/ce_reduce.cc -> /work1/lmeadows/rccl-work/rccl-fakes/projects/rccl/build/release/hipify/src/device/ce_reduce.cc
[169/4366] Hipifying src/devcomm/devcomm_v23100.cc -> /work1/lmeadows/rccl-work/rccl-fakes/projects/rccl/build/release/hipify/src/devcomm/devcomm_v23100.cc
[170/4366] Hipifying src/dev_runtime_internal.h -> /work1/lmeadows/rccl-work/rccl-fakes/projects/rccl/build/release/hipify/src/dev_runtime_internal.h
[171/4366] Hipifying src/collectives.cc -> /work1/lmeadows/rccl-work/rccl-fakes/projects/rccl/build/release/hipify/src/collectives.cc
[172/4366] Hipifying src/devcomm/devcomm_v23000.cc -> /work1/lmeadows/rccl-work/rccl-fakes/projects/rccl/build/release/hipify/src/devcomm/devcomm_v23000.cc
[173/4366] Building CXX object test/CMakeFiles/rccl-UnitTestsNetTelemetry.dir/__/src/transport/net_telemetry.cc.o
[174/4366] Hipifying src/devcomm/devcomm_v22907.cc -> /work1/lmeadows/rccl-work/rccl-fakes/projects/rccl/build/release/hipify/src/devcomm/devcomm_v22907.cc
[175/4366] Hipifying src/device/common.cu -> /work1/lmeadows/rccl-work/rccl-fakes/projects/rccl/build/release/hipify/src/device/common.cu.cpp
[176/4366] Hipifying src/ce_coll.cc -> /work1/lmeadows/rccl-work/rccl-fakes/projects/rccl/build/release/hipify/src/ce_coll.cc
[177/4366] Hipifying src/enqueue/task_sched/legacy_sched.cc -> /work1/lmeadows/rccl-work/rccl-fakes/projects/rccl/build/release/hipify/src/enqueue/task_sched/legacy_sched.cc
[178/4366] Hipifying src/device/onerank.cu -> /work1/lmeadows/rccl-work/rccl-fakes/projects/rccl/build/release/hipify/src/device/onerank.cu.cpp
Use of uninitialized value $d in numeric eq (==) at /work1/lmeadows/therock/stable-plain-multiarch/bin/hipify-perl line 10023, <INFILE> chunk 1.
Use of uninitialized value $d in numeric eq (==) at /work1/lmeadows/therock/stable-plain-multiarch/bin/hipify-perl line 10023, <INFILE> chunk 1.
Use of uninitialized value $d in numeric eq (==) at /work1/lmeadows/therock/stable-plain-multiarch/bin/hipify-perl line 10023, <INFILE> chunk 1.
Use of uninitialized value $d in numeric eq (==) at /work1/lmeadows/therock/stable-plain-multiarch/bin/hipify-perl line 10023, <INFILE> chunk 1.
Use of uninitialized value $d in numeric eq (==) at /work1/lmeadows/therock/stable-plain-multiarch/bin/hipify-perl line 10023, <INFILE> chunk 1.
[179/4366] Hipifying src/diagnostics.h -> /work1/lmeadows/rccl-work/rccl-fakes/projects/rccl/build/release/hipify/src/diagnostics.h
[180/4366] Hipifying src/enqueue/task_sched/rma_sched.cc -> /work1/lmeadows/rccl-work/rccl-fakes/projects/rccl/build/release/hipify/src/enqueue/task_sched/rma_sched.cc
[181/4366] Hipifying src/enqueue/task_prep/task_classify.cc -> /work1/lmeadows/rccl-work/rccl-fakes/projects/rccl/build/release/hipify/src/enqueue/task_prep/task_classify.cc
[182/4366] Hipifying src/enqueue/task_sched/p2p_sched.cc -> /work1/lmeadows/rccl-work/rccl-fakes/projects/rccl/build/release/hipify/src/enqueue/task_sched/p2p_sched.cc
[183/4366] Hipifying src/enqueue/task_prep/task_prep.cc -> /work1/lmeadows/rccl-work/rccl-fakes/projects/rccl/build/release/hipify/src/enqueue/task_prep/task_prep.cc
[184/4366] Hipifying src/diagnostics/device/p2p.cu -> /work1/lmeadows/rccl-work/rccl-fakes/projects/rccl/build/release/hipify/src/diagnostics/device/p2p.cu.cpp
[185/4366] Hipifying src/dev_runtime.cc -> /work1/lmeadows/rccl-work/rccl-fakes/projects/rccl/build/release/hipify/src/dev_runtime.cc
[186/4366] Hipifying src/enqueue/mgmt_task_enq.cc -> /work1/lmeadows/rccl-work/rccl-fakes/projects/rccl/build/release/hipify/src/enqueue/mgmt_task_enq.cc
[187/4366] Hipifying src/diagnostics/p2p.h -> /work1/lmeadows/rccl-work/rccl-fakes/projects/rccl/build/release/hipify/src/diagnostics/p2p.h
[188/4366] Hipifying src/graph/rings.h -> /work1/lmeadows/rccl-work/rccl-fakes/projects/rccl/build/release/hipify/src/graph/rings.h
[189/4366] Hipifying src/enqueue/task_sched/ce_sched.cc -> /work1/lmeadows/rccl-work/rccl-fakes/projects/rccl/build/release/hipify/src/enqueue/task_sched/ce_sched.cc
[190/4366] Hipifying src/diagnostics.cc -> /work1/lmeadows/rccl-work/rccl-fakes/projects/rccl/build/release/hipify/src/diagnostics.cc
[191/4366] Hipifying src/gin/proxy_gpucontext/gpucontext.cc -> /work1/lmeadows/rccl-work/rccl-fakes/projects/rccl/build/release/hipify/src/gin/proxy_gpucontext/gpucontext.cc
[192/4366] Hipifying src/enqueue/task_prep/task_pretuning.cc -> /work1/lmeadows/rccl-work/rccl-fakes/projects/rccl/build/release/hipify/src/enqueue/task_prep/task_pretuning.cc
[193/4366] Hipifying src/enqueue/task_sched/sym_sched.cc -> /work1/lmeadows/rccl-work/rccl-fakes/projects/rccl/build/release/hipify/src/enqueue/task_sched/sym_sched.cc
[194/4366] Hipifying src/graph/rome_topo_consensus.h -> /work1/lmeadows/rccl-work/rccl-fakes/projects/rccl/build/release/hipify/src/graph/rome_topo_consensus.h
[195/4366] Hipifying src/gin/proxy_gpucontext/gpucontext_v1.cc -> /work1/lmeadows/rccl-work/rccl-fakes/projects/rccl/build/release/hipify/src/gin/proxy_gpucontext/gpucontext_v1.cc
[196/4366] Hipifying src/enqueue/task_sched/task_sched.cc -> /work1/lmeadows/rccl-work/rccl-fakes/projects/rccl/build/release/hipify/src/enqueue/task_sched/task_sched.cc
[197/4366] Hipifying src/gin/gin_host.cc -> /work1/lmeadows/rccl-work/rccl-fakes/projects/rccl/build/release/hipify/src/gin/gin_host.cc
[198/4366] Hipifying src/enqueue/task_sched/allgatherv_sched.cc -> /work1/lmeadows/rccl-work/rccl-fakes/projects/rccl/build/release/hipify/src/enqueue/task_sched/allgatherv_sched.cc
[199/4366] Hipifying src/diagnostics/p2p.cc -> /work1/lmeadows/rccl-work/rccl-fakes/projects/rccl/build/release/hipify/src/diagnostics/p2p.cc
[200/4366] Hipifying src/graph/topo.h -> /work1/lmeadows/rccl-work/rccl-fakes/projects/rccl/build/release/hipify/src/graph/topo.h
[201/4366] Hipifying src/enqueue/task_prep/task_posttuning.cc -> /work1/lmeadows/rccl-work/rccl-fakes/projects/rccl/build/release/hipify/src/enqueue/task_prep/task_posttuning.cc
[202/4366] Hipifying src/gin/gin_host_proxy.cc -> /work1/lmeadows/rccl-work/rccl-fakes/projects/rccl/build/release/hipify/src/gin/gin_host_proxy.cc
[203/4366] Hipifying src/gin/proxy_gpucontext/gpucontext.h -> /work1/lmeadows/rccl-work/rccl-fakes/projects/rccl/build/release/hipify/src/gin/proxy_gpucontext/gpucontext.h
[204/4366] Hipifying src/graph/trees.cc -> /work1/lmeadows/rccl-work/rccl-fakes/projects/rccl/build/release/hipify/src/graph/trees.cc
[205/4366] Hipifying src/include/argcheck.h -> /work1/lmeadows/rccl-work/rccl-fakes/projects/rccl/build/release/hipify/src/include/argcheck.h
[206/4366] Hipifying src/include/alltoallv_meta.h -> /work1/lmeadows/rccl-work/rccl-fakes/projects/rccl/build/release/hipify/src/include/alltoallv_meta.h
[207/4366] Hipifying src/graph/rome_topo_consensus.cc -> /work1/lmeadows/rccl-work/rccl-fakes/projects/rccl/build/release/hipify/src/graph/rome_topo_consensus.cc
[208/4366] Hipifying src/gin/proxy_gpucontext/gpucontext_v1.h -> /work1/lmeadows/rccl-work/rccl-fakes/projects/rccl/build/release/hipify/src/gin/proxy_gpucontext/gpucontext_v1.h
[209/4366] Hipifying src/include/coll_net.h -> /work1/lmeadows/rccl-work/rccl-fakes/projects/rccl/build/release/hipify/src/include/coll_net.h
[210/4366] Hipifying src/graph/rccl_graph_gen.cc -> /work1/lmeadows/rccl-work/rccl-fakes/projects/rccl/build/release/hipify/src/graph/rccl_graph_gen.cc
[211/4366] Hipifying src/include/alt_rsmi.h -> /work1/lmeadows/rccl-work/rccl-fakes/projects/rccl/build/release/hipify/src/include/alt_rsmi.h
[212/4366] Hipifying src/graph/xml.h -> /work1/lmeadows/rccl-work/rccl-fakes/projects/rccl/build/release/hipify/src/graph/xml.h
[213/4366] Hipifying src/include/BfdBacktrace.hpp -> /work1/lmeadows/rccl-work/rccl-fakes/projects/rccl/build/release/hipify/src/include/BfdBacktrace.hpp
[214/4366] Hipifying src/include/archinfo.h -> /work1/lmeadows/rccl-work/rccl-fakes/projects/rccl/build/release/hipify/src/include/archinfo.h
[215/4366] Hipifying src/graph/paths.cc -> /work1/lmeadows/rccl-work/rccl-fakes/projects/rccl/build/release/hipify/src/graph/paths.cc
[216/4366] Hipifying src/include/config/collconfig.h -> /work1/lmeadows/rccl-work/rccl-fakes/projects/rccl/build/release/hipify/src/include/config/collconfig.h
[217/4366] Hipifying src/include/api_trace.h -> /work1/lmeadows/rccl-work/rccl-fakes/projects/rccl/build/release/hipify/src/include/api_trace.h
[218/4366] Hipifying src/include/amdsmi_wrap.h -> /work1/lmeadows/rccl-work/rccl-fakes/projects/rccl/build/release/hipify/src/include/amdsmi_wrap.h
[219/4366] Hipifying src/include/core.h -> /work1/lmeadows/rccl-work/rccl-fakes/projects/rccl/build/release/hipify/src/include/core.h
[220/4366] Hipifying src/graph/rings.cc -> /work1/lmeadows/rccl-work/rccl-fakes/projects/rccl/build/release/hipify/src/graph/rings.cc
[221/4366] Hipifying src/include/bootstrap.h -> /work1/lmeadows/rccl-work/rccl-fakes/projects/rccl/build/release/hipify/src/include/bootstrap.h
[222/4366] Hipifying src/graph/connect.cc -> /work1/lmeadows/rccl-work/rccl-fakes/projects/rccl/build/release/hipify/src/graph/connect.cc
[223/4366] Hipifying src/include/ce_coll.h -> /work1/lmeadows/rccl-work/rccl-fakes/projects/rccl/build/release/hipify/src/include/ce_coll.h
[224/4366] Hipifying src/graph/rome_models.h -> /work1/lmeadows/rccl-work/rccl-fakes/projects/rccl/build/release/hipify/src/graph/rome_models.h
[225/4366] Hipifying src/graph/tuning.cc -> /work1/lmeadows/rccl-work/rccl-fakes/projects/rccl/build/release/hipify/src/graph/tuning.cc
[226/4366] Hipifying src/include/alloc.h -> /work1/lmeadows/rccl-work/rccl-fakes/projects/rccl/build/release/hipify/src/include/alloc.h
[227/4366] Hipifying src/include/compiler.h -> /work1/lmeadows/rccl-work/rccl-fakes/projects/rccl/build/release/hipify/src/include/compiler.h
[228/4366] Hipifying src/include/compiler/gcc.h -> /work1/lmeadows/rccl-work/rccl-fakes/projects/rccl/build/release/hipify/src/include/compiler/gcc.h
[229/4366] Hipifying src/include/bitops.h -> /work1/lmeadows/rccl-work/rccl-fakes/projects/rccl/build/release/hipify/src/include/bitops.h
[230/4366] Hipifying src/include/comm.h -> /work1/lmeadows/rccl-work/rccl-fakes/projects/rccl/build/release/hipify/src/include/comm.h
[231/4366] Hipifying src/include/channel.h -> /work1/lmeadows/rccl-work/rccl-fakes/projects/rccl/build/release/hipify/src/include/channel.h
[232/4366] Hipifying src/include/debug.h -> /work1/lmeadows/rccl-work/rccl-fakes/projects/rccl/build/release/hipify/src/include/debug.h
[233/4366] Hipifying src/include/config/algorithm_parser.h -> /work1/lmeadows/rccl-work/rccl-fakes/projects/rccl/build/release/hipify/src/include/config/algorithm_parser.h
[234/4366] Hipifying src/include/enqueue/raw_task.h -> /work1/lmeadows/rccl-work/rccl-fakes/projects/rccl/build/release/hipify/src/include/enqueue/raw_task.h
[235/4366] Hipifying src/include/checks.h -> /work1/lmeadows/rccl-work/rccl-fakes/projects/rccl/build/release/hipify/src/include/checks.h
[236/4366] Hipifying src/include/enqueue.h -> /work1/lmeadows/rccl-work/rccl-fakes/projects/rccl/build/release/hipify/src/include/enqueue.h
[237/4366] Hipifying src/include/allocator.h -> /work1/lmeadows/rccl-work/rccl-fakes/projects/rccl/build/release/hipify/src/include/allocator.h
[238/4366] Hipifying src/include/ce_fault_inject.h -> /work1/lmeadows/rccl-work/rccl-fakes/projects/rccl/build/release/hipify/src/include/ce_fault_inject.h
[239/4366] Hipifying src/rma/rma_ce.cc -> /work1/lmeadows/rccl-work/rccl-fakes/projects/rccl/build/release/hipify/src/rma/rma_ce.cc
[240/4366] Hipifying src/rma/rma_proxy_launch.cc -> /work1/lmeadows/rccl-work/rccl-fakes/projects/rccl/build/release/hipify/src/rma/rma_proxy_launch.cc
[241/4366] Hipifying src/include/gin/gin_host_proxy.h -> /work1/lmeadows/rccl-work/rccl-fakes/projects/rccl/build/release/hipify/src/include/gin/gin_host_proxy.h
[242/4366] Hipifying src/rma/rma.cc -> /work1/lmeadows/rccl-work/rccl-fakes/projects/rccl/build/release/hipify/src/rma/rma_tmp.cc
[243/4366] Hipifying src/graph/search.cc -> /work1/lmeadows/rccl-work/rccl-fakes/projects/rccl/build/release/hipify/src/graph/search.cc
[244/4366] Hipifying src/include/compiler/msvc.h -> /work1/lmeadows/rccl-work/rccl-fakes/projects/rccl/build/release/hipify/src/include/compiler/msvc.h
[245/4366] Hipifying src/include/enqueue/task_classify.h -> /work1/lmeadows/rccl-work/rccl-fakes/projects/rccl/build/release/hipify/src/include/enqueue/task_classify.h
[246/4366] Hipifying src/rma/rma_proxy_progress.cc -> /work1/lmeadows/rccl-work/rccl-fakes/projects/rccl/build/release/hipify/src/rma/rma_proxy_progress.cc
[247/4366] Hipifying src/include/graph.h -> /work1/lmeadows/rccl-work/rccl-fakes/projects/rccl/build/release/hipify/src/include/graph.h
[248/4366] Hipifying src/include/dev_runtime.h -> /work1/lmeadows/rccl-work/rccl-fakes/projects/rccl/build/release/hipify/src/include/dev_runtime.h
[249/4366] Hipifying src/include/gdrwrap.h -> /work1/lmeadows/rccl-work/rccl-fakes/projects/rccl/build/release/hipify/src/include/gdrwrap.h
[250/4366] Hipifying src/include/device.h -> /work1/lmeadows/rccl-work/rccl-fakes/projects/rccl/build/release/hipify/src/include/device.h
[251/4366] Hipifying src/graph/topo.cc -> /work1/lmeadows/rccl-work/rccl-fakes/projects/rccl/build/release/hipify/src/graph/topo.cc
[252/4366] Hipifying src/include/diagnostics_log.h -> /work1/lmeadows/rccl-work/rccl-fakes/projects/rccl/build/release/hipify/src/include/diagnostics_log.h
[253/4366] Hipifying src/include/kernel_config.h -> /work1/lmeadows/rccl-work/rccl-fakes/projects/rccl/build/release/hipify/src/include/kernel_config.h
[254/4366] Hipifying src/include/gin/gin_host_anvil_sdma.h -> /work1/lmeadows/rccl-work/rccl-fakes/projects/rccl/build/release/hipify/src/include/gin/gin_host_anvil_sdma.h
[255/4366] Hipifying src/include/ibvwrap.h -> /work1/lmeadows/rccl-work/rccl-fakes/projects/rccl/build/release/hipify/src/include/ibvwrap.h
[256/4366] Hipifying src/group.cc -> /work1/lmeadows/rccl-work/rccl-fakes/projects/rccl/build/release/hipify/src/group.cc
[257/4366] Hipifying src/include/collectives.h -> /work1/lmeadows/rccl-work/rccl-fakes/projects/rccl/build/release/hipify/src/include/collectives.h
[258/4366] Hipifying src/graph/xml.cc -> /work1/lmeadows/rccl-work/rccl-fakes/projects/rccl/build/release/hipify/src/graph/xml.cc
[259/4366] Hipifying src/include/cpuset.h -> /work1/lmeadows/rccl-work/rccl-fakes/projects/rccl/build/release/hipify/src/include/cpuset.h
[260/4366] Hipifying src/include/latency_profiler/CollTraceEvent.h -> /work1/lmeadows/rccl-work/rccl-fakes/projects/rccl/build/release/hipify/src/include/latency_profiler/CollTraceEvent.h
[261/4366] Hipifying src/register/register.cc -> /work1/lmeadows/rccl-work/rccl-fakes/projects/rccl/build/release/hipify/src/register/register.cc
[262/4366] Hipifying src/include/enqueue/mgmt_task_enq.h -> /work1/lmeadows/rccl-work/rccl-fakes/projects/rccl/build/release/hipify/src/include/enqueue/mgmt_task_enq.h
[263/4366] Hipifying src/include/config/algorithm_registry.h -> /work1/lmeadows/rccl-work/rccl-fakes/projects/rccl/build/release/hipify/src/include/config/algorithm_registry.h
[264/4366] Hipifying src/include/latency_profiler/CollTrace.h -> /work1/lmeadows/rccl-work/rccl-fakes/projects/rccl/build/release/hipify/src/include/latency_profiler/CollTrace.h
[265/4366] Hipifying src/include/git_version.h -> /work1/lmeadows/rccl-work/rccl-fakes/projects/rccl/build/release/hipify/src/include/git_version.h
[266/4366] Hipifying src/include/cudawrap.h -> /work1/lmeadows/rccl-work/rccl-fakes/projects/rccl/build/release/hipify/src/include/cudawrap.h
[267/4366] Hipifying src/include/gin/gin_rocshmem_gda_factory.h -> /work1/lmeadows/rccl-work/rccl-fakes/projects/rccl/build/release/hipify/src/include/gin/gin_rocshmem_gda_factory.h
[268/4366] Hipifying src/scheduler/allgatherv_sched.cc -> /work1/lmeadows/rccl-work/rccl-fakes/projects/rccl/build/release/hipify/src/scheduler/allgatherv_sched_tmp.cc
[269/4366] Hipifying src/register/sendrecv_reg.cc -> /work1/lmeadows/rccl-work/rccl-fakes/projects/rccl/build/release/hipify/src/register/sendrecv_reg.cc
[270/4366] Hipifying src/register/coll_reg.cc -> /work1/lmeadows/rccl-work/rccl-fakes/projects/rccl/build/release/hipify/src/register/coll_reg.cc
[271/4366] Hipifying src/include/ionic/ionicdvsymbols.h -> /work1/lmeadows/rccl-work/rccl-fakes/projects/rccl/build/release/hipify/src/include/ionic/ionicdvsymbols.h
[272/4366] Hipifying src/include/ionic/ionicdvcore.h -> /work1/lmeadows/rccl-work/rccl-fakes/projects/rccl/build/release/hipify/src/include/ionic/ionicdvcore.h
[273/4366] Hipifying src/include/ibvcore.h -> /work1/lmeadows/rccl-work/rccl-fakes/projects/rccl/build/release/hipify/src/include/ibvcore.h
[274/4366] Hipifying src/enqueue/enqueue.cc -> /work1/lmeadows/rccl-work/rccl-fakes/projects/rccl/build/release/hipify/src/enqueue/enqueue.cc
Use of uninitialized value $d in numeric eq (==) at /work1/lmeadows/therock/stable-plain-multiarch/bin/hipify-perl line 10023, <INFILE> chunk 1.
Use of uninitialized value $d in numeric eq (==) at /work1/lmeadows/therock/stable-plain-multiarch/bin/hipify-perl line 10023, <INFILE> chunk 1.
Use of uninitialized value $d in numeric eq (==) at /work1/lmeadows/therock/stable-plain-multiarch/bin/hipify-perl line 10023, <INFILE> chunk 1.
Use of uninitialized value $d in numeric eq (==) at /work1/lmeadows/therock/stable-plain-multiarch/bin/hipify-perl line 10023, <INFILE> chunk 1.
Use of uninitialized value $d in numeric eq (==) at /work1/lmeadows/therock/stable-plain-multiarch/bin/hipify-perl line 10023, <INFILE> chunk 1.
Use of uninitialized value $d in numeric eq (==) at /work1/lmeadows/therock/stable-plain-multiarch/bin/hipify-perl line 10023, <INFILE> chunk 1.
Use of uninitialized value $d in numeric eq (==) at /work1/lmeadows/therock/stable-plain-multiarch/bin/hipify-perl line 10023, <INFILE> chunk 1.
[275/4366] Hipifying src/include/latency_profiler/EventQueue.h -> /work1/lmeadows/rccl-work/rccl-fakes/projects/rccl/build/release/hipify/src/include/latency_profiler/EventQueue.h
[276/4366] Hipifying src/include/gin/gin_host.h -> /work1/lmeadows/rccl-work/rccl-fakes/projects/rccl/build/release/hipify/src/include/gin/gin_host.h
[277/4366] Hipifying src/include/nccl_common.h -> /work1/lmeadows/rccl-work/rccl-fakes/projects/rccl/build/release/hipify/src/include/nccl_common.h
[278/4366] Hipifying src/include/hip_rocm_version_info.h -> /work1/lmeadows/rccl-work/rccl-fakes/projects/rccl/build/release/hipify/src/include/hip_rocm_version_info.h
[279/4366] Hipifying src/include/mem_manager.h -> /work1/lmeadows/rccl-work/rccl-fakes/projects/rccl/build/release/hipify/src/include/mem_manager.h
[280/4366] Hipifying src/rma/rma_proxy.cc -> /work1/lmeadows/rccl-work/rccl-fakes/projects/rccl/build/release/hipify/src/rma/rma_proxy.cc
[281/4366] Hipifying src/include/latency_profiler/CollTraceUtils.h -> /work1/lmeadows/rccl-work/rccl-fakes/projects/rccl/build/release/hipify/src/include/latency_profiler/CollTraceUtils.h
[282/4366] Hipifying src/include/ionic/ionicdvwrap.h -> /work1/lmeadows/rccl-work/rccl-fakes/projects/rccl/build/release/hipify/src/include/ionic/ionicdvwrap.h
[283/4366] Hipifying src/include/gin.h -> /work1/lmeadows/rccl-work/rccl-fakes/projects/rccl/build/release/hipify/src/include/gin.h
[284/4366] Hipifying src/include/nvtx.h -> /work1/lmeadows/rccl-work/rccl-fakes/projects/rccl/build/release/hipify/src/include/nvtx.h
[285/4366] Hipifying src/include/ipcsocket.h -> /work1/lmeadows/rccl-work/rccl-fakes/projects/rccl/build/release/hipify/src/include/ipcsocket.h
[286/4366] Hipifying src/include/ibvsymbols.h -> /work1/lmeadows/rccl-work/rccl-fakes/projects/rccl/build/release/hipify/src/include/ibvsymbols.h
[287/4366] Hipifying src/include/info.h -> /work1/lmeadows/rccl-work/rccl-fakes/projects/rccl/build/release/hipify/src/include/info.h
[288/4366] Hipifying src/include/nvtx3/nvToolsExtOpenCL.h -> /work1/lmeadows/rccl-work/rccl-fakes/projects/rccl/build/release/hipify/src/include/nvtx3/nvToolsExtOpenCL.h
[289/4366] Hipifying src/graph/rome_models.cc -> /work1/lmeadows/rccl-work/rccl-fakes/projects/rccl/build/release/hipify/src/graph/rome_models.cc
[290/4366] Hipifying src/include/latency_profiler/CollTraceFunc.h -> /work1/lmeadows/rccl-work/rccl-fakes/projects/rccl/build/release/hipify/src/include/latency_profiler/CollTraceFunc.h
[291/4366] Hipifying src/include/net.h -> /work1/lmeadows/rccl-work/rccl-fakes/projects/rccl/build/release/hipify/src/include/net.h
[292/4366] Hipifying src/include/nvtx3/nvToolsExtCounters.h -> /work1/lmeadows/rccl-work/rccl-fakes/projects/rccl/build/release/hipify/src/include/nvtx3/nvToolsExtCounters.h
[293/4366] Hipifying src/include/net_telemetry.h -> /work1/lmeadows/rccl-work/rccl-fakes/projects/rccl/build/release/hipify/src/include/net_telemetry.h
[294/4366] Hipifying src/include/mlx5/mlx5dvsymbols.h -> /work1/lmeadows/rccl-work/rccl-fakes/projects/rccl/build/release/hipify/src/include/mlx5/mlx5dvsymbols.h
[295/4366] Hipifying src/include/gin/gin_host_rocshmem_gda.h -> /work1/lmeadows/rccl-work/rccl-fakes/projects/rccl/build/release/hipify/src/include/gin/gin_host_rocshmem_gda.h
[296/4366] Hipifying src/include/nvtx3/nvtxDetail/nvtxExtImpl.h -> /work1/lmeadows/rccl-work/rccl-fakes/projects/rccl/build/release/hipify/src/include/nvtx3/nvtxDetail/nvtxExtImpl.h
[297/4366] Hipifying src/include/nvtx3/nvToolsExt.h -> /work1/lmeadows/rccl-work/rccl-fakes/projects/rccl/build/release/hipify/src/include/nvtx3/nvToolsExt.h
[298/4366] Hipifying src/include/nvtx3/nvtxDetail/nvtxExtImplMemCudaRt_v1.h -> /work1/lmeadows/rccl-work/rccl-fakes/projects/rccl/build/release/hipify/src/include/nvtx3/nvtxDetail/nvtxExtImplMemCudaRt_v1.h
[299/4366] Hipifying src/include/nvtx3/nvToolsExtPayload.h -> /work1/lmeadows/rccl-work/rccl-fakes/projects/rccl/build/release/hipify/src/include/nvtx3/nvToolsExtPayload.h
[300/4366] Hipifying src/include/mnnvl.h -> /work1/lmeadows/rccl-work/rccl-fakes/projects/rccl/build/release/hipify/src/include/mnnvl.h
[301/4366] Hipifying src/include/nvtx3/nvToolsExtCudaRt.h -> /work1/lmeadows/rccl-work/rccl-fakes/projects/rccl/build/release/hipify/src/include/nvtx3/nvToolsExtCudaRt.h
[302/4366] Hipifying src/include/nvtx3/nvToolsExtMemCudaRt.h -> /work1/lmeadows/rccl-work/rccl-fakes/projects/rccl/build/release/hipify/src/include/nvtx3/nvToolsExtMemCudaRt.h
[303/4366] Hipifying src/include/nvtx3/nvtxDetail/nvtxImplCuda_v3.h -> /work1/lmeadows/rccl-work/rccl-fakes/projects/rccl/build/release/hipify/src/include/nvtx3/nvtxDetail/nvtxImplCuda_v3.h
[304/4366] Hipifying src/include/nvtx3/nvtxDetail/nvtxExtImplCounters_v1.h -> /work1/lmeadows/rccl-work/rccl-fakes/projects/rccl/build/release/hipify/src/include/nvtx3/nvtxDetail/nvtxExtImplCounters_v1.h
[305/4366] Hipifying src/include/nvtx3/nvtxDetail/nvtxImplCore.h -> /work1/lmeadows/rccl-work/rccl-fakes/projects/rccl/build/release/hipify/src/include/nvtx3/nvtxDetail/nvtxImplCore.h
[306/4366] Hipifying src/include/nvtx3/nvtxDetail/nvtxExtInit.h -> /work1/lmeadows/rccl-work/rccl-fakes/projects/rccl/build/release/hipify/src/include/nvtx3/nvtxDetail/nvtxExtInit.h
[307/4366] Hipifying src/include/nvtx3/nvtxDetail/nvtxExtImplPayload_v1.h -> /work1/lmeadows/rccl-work/rccl-fakes/projects/rccl/build/release/hipify/src/include/nvtx3/nvtxDetail/nvtxExtImplPayload_v1.h
[308/4366] Hipifying src/include/nvtx3/nvtxDetail/nvtxImplCudaRt_v3.h -> /work1/lmeadows/rccl-work/rccl-fakes/projects/rccl/build/release/hipify/src/include/nvtx3/nvtxDetail/nvtxImplCudaRt_v3.h
[309/4366] Hipifying src/include/nvtx3/nvtxDetail/nvtxExtTypes.h -> /work1/lmeadows/rccl-work/rccl-fakes/projects/rccl/build/release/hipify/src/include/nvtx3/nvtxDetail/nvtxExtTypes.h
[310/4366] Hipifying src/include/nvtx3/nvtxDetail/nvtxImplOpenCL_v3.h -> /work1/lmeadows/rccl-work/rccl-fakes/projects/rccl/build/release/hipify/src/include/nvtx3/nvtxDetail/nvtxImplOpenCL_v3.h
[311/4366] Hipifying src/include/nvtx3/nvToolsExtPayloadHelper.h -> /work1/lmeadows/rccl-work/rccl-fakes/projects/rccl/build/release/hipify/src/include/nvtx3/nvToolsExtPayloadHelper.h
[312/4366] Hipifying src/include/nvtx3/nvToolsExtSync.h -> /work1/lmeadows/rccl-work/rccl-fakes/projects/rccl/build/release/hipify/src/include/nvtx3/nvToolsExtSync.h
[313/4366] Hipifying src/include/mlx5/mlx5dvcore.h -> /work1/lmeadows/rccl-work/rccl-fakes/projects/rccl/build/release/hipify/src/include/mlx5/mlx5dvcore.h
[314/4366] Hipifying src/include/nvtx3/nvToolsExtSemanticsScope.h -> /work1/lmeadows/rccl-work/rccl-fakes/projects/rccl/build/release/hipify/src/include/nvtx3/nvToolsExtSemanticsScope.h
[315/4366] Hipifying src/include/nvtx3/nvtxDetail/nvtxImplSync_v3.h -> /work1/lmeadows/rccl-work/rccl-fakes/projects/rccl/build/release/hipify/src/include/nvtx3/nvtxDetail/nvtxImplSync_v3.h
[316/4366] Hipifying src/include/nvtx_stub.h -> /work1/lmeadows/rccl-work/rccl-fakes/projects/rccl/build/release/hipify/src/include/nvtx_stub.h
[317/4366] Hipifying src/include/nvtx3/nvtxDetail/nvtxExtHelperMacros.h -> /work1/lmeadows/rccl-work/rccl-fakes/projects/rccl/build/release/hipify/src/include/nvtx3/nvtxDetail/nvtxExtHelperMacros.h
[318/4366] Hipifying src/include/nvtx3/nvtx3.hpp -> /work1/lmeadows/rccl-work/rccl-fakes/projects/rccl/build/release/hipify/src/include/nvtx3/nvtx3.hpp
[319/4366] Hipifying src/include/nvtx3/nvtxDetail/nvtxExtImplMem_v1.h -> /work1/lmeadows/rccl-work/rccl-fakes/projects/rccl/build/release/hipify/src/include/nvtx3/nvtxDetail/nvtxExtImplMem_v1.h
[320/4366] Hipifying src/include/nvtx3/nvtxDetail/nvtxInitDecls.h -> /work1/lmeadows/rccl-work/rccl-fakes/projects/rccl/build/release/hipify/src/include/nvtx3/nvtxDetail/nvtxInitDecls.h
[321/4366] Hipifying src/include/param/utils.h -> /work1/lmeadows/rccl-work/rccl-fakes/projects/rccl/build/release/hipify/src/include/param/utils.h
[322/4366] Hipifying src/include/os/windows.h -> /work1/lmeadows/rccl-work/rccl-fakes/projects/rccl/build/release/hipify/src/include/os/windows.h
[323/4366] Hipifying src/include/param/parser_enum.h -> /work1/lmeadows/rccl-work/rccl-fakes/projects/rccl/build/release/hipify/src/include/param/parser_enum.h
[324/4366] Hipifying src/include/nvtx3/nvToolsExtSemanticsCounters.h -> /work1/lmeadows/rccl-work/rccl-fakes/projects/rccl/build/release/hipify/src/include/nvtx3/nvToolsExtSemanticsCounters.h
[325/4366] Hipifying src/include/nvtx3/nvtxDetail/nvtxTypes.h -> /work1/lmeadows/rccl-work/rccl-fakes/projects/rccl/build/release/hipify/src/include/nvtx3/nvtxDetail/nvtxTypes.h
[326/4366] Hipifying src/include/nvtx3/nvtxDetail/nvtxInit.h -> /work1/lmeadows/rccl-work/rccl-fakes/projects/rccl/build/release/hipify/src/include/nvtx3/nvtxDetail/nvtxInit.h
[327/4366] Hipifying src/include/param/parser_list.h -> /work1/lmeadows/rccl-work/rccl-fakes/projects/rccl/build/release/hipify/src/include/param/parser_list.h
[328/4366] Hipifying src/include/nvtx3/nvtxDetail/nvtxImpl.h -> /work1/lmeadows/rccl-work/rccl-fakes/projects/rccl/build/release/hipify/src/include/nvtx3/nvtxDetail/nvtxImpl.h
[329/4366] Hipifying src/include/os.h -> /work1/lmeadows/rccl-work/rccl-fakes/projects/rccl/build/release/hipify/src/include/os.h
[330/4366] Hipifying src/include/plugin/nccl_env.h -> /work1/lmeadows/rccl-work/rccl-fakes/projects/rccl/build/release/hipify/src/include/plugin/nccl_env.h
[331/4366] Hipifying src/include/plugin/gin/gin_v13.h -> /work1/lmeadows/rccl-work/rccl-fakes/projects/rccl/build/release/hipify/src/include/plugin/gin/gin_v13.h
[332/4366] Hipifying src/include/plugin/net/net_v6.h -> /work1/lmeadows/rccl-work/rccl-fakes/projects/rccl/build/release/hipify/src/include/plugin/net/net_v6.h
[333/4366] Hipifying src/include/plugin/nccl_net.h -> /work1/lmeadows/rccl-work/rccl-fakes/projects/rccl/build/release/hipify/src/include/plugin/nccl_net.h
[334/4366] Hipifying src/include/mlx5/mlx5dvwrap.h -> /work1/lmeadows/rccl-work/rccl-fakes/projects/rccl/build/release/hipify/src/include/mlx5/mlx5dvwrap.h
[335/4366] Hipifying src/include/nvtx_payload_schemas.h -> /work1/lmeadows/rccl-work/rccl-fakes/projects/rccl/build/release/hipify/src/include/nvtx_payload_schemas.h
[336/4366] Hipifying src/include/param.h -> /work1/lmeadows/rccl-work/rccl-fakes/projects/rccl/build/release/hipify/src/include/param.h
[337/4366] Hipifying src/include/nvtx3/nvToolsExtMem.h -> /work1/lmeadows/rccl-work/rccl-fakes/projects/rccl/build/release/hipify/src/include/nvtx3/nvToolsExtMem.h
[338/4366] Hipifying src/include/param/parser_bitset.h -> /work1/lmeadows/rccl-work/rccl-fakes/projects/rccl/build/release/hipify/src/include/param/parser_bitset.h
[339/4366] Hipifying src/include/nvtx3/nvToolsExtCuda.h -> /work1/lmeadows/rccl-work/rccl-fakes/projects/rccl/build/release/hipify/src/include/nvtx3/nvToolsExtCuda.h
[340/4366] Hipifying src/include/nvtx3/nvtxDetail/nvtxExtPayloadTypeInfo.h -> /work1/lmeadows/rccl-work/rccl-fakes/projects/rccl/build/release/hipify/src/include/nvtx3/nvtxDetail/nvtxExtPayloadTypeInfo.h
[341/4366] Hipifying src/include/os/linux.h -> /work1/lmeadows/rccl-work/rccl-fakes/projects/rccl/build/release/hipify/src/include/os/linux.h
[342/4366] Hipifying src/include/plugin/net/net_v7.h -> /work1/lmeadows/rccl-work/rccl-fakes/projects/rccl/build/release/hipify/src/include/plugin/net/net_v7.h
[343/4366] Hipifying src/include/param/parsers.h -> /work1/lmeadows/rccl-work/rccl-fakes/projects/rccl/build/release/hipify/src/include/param/parsers.h
[344/4366] Hipifying src/include/group.h -> /work1/lmeadows/rccl-work/rccl-fakes/projects/rccl/build/release/hipify/src/include/group.h
[345/4366] Hipifying src/include/nvtx3/nvtxDetail/nvtxLinkOnce.h -> /work1/lmeadows/rccl-work/rccl-fakes/projects/rccl/build/release/hipify/src/include/nvtx3/nvtxDetail/nvtxLinkOnce.h
[346/4366] Hipifying src/include/plugin/profiler/net_ib.h -> /work1/lmeadows/rccl-work/rccl-fakes/projects/rccl/build/release/hipify/src/include/plugin/profiler/net_ib.h
[347/4366] Hipifying src/include/plugin/env/env_v2.h -> /work1/lmeadows/rccl-work/rccl-fakes/projects/rccl/build/release/hipify/src/include/plugin/env/env_v2.h
[348/4366] Hipifying src/include/plugin/env/env_v1.h -> /work1/lmeadows/rccl-work/rccl-fakes/projects/rccl/build/release/hipify/src/include/plugin/env/env_v1.h
[349/4366] Hipifying src/include/param/param_registry.h -> /work1/lmeadows/rccl-work/rccl-fakes/projects/rccl/build/release/hipify/src/include/param/param_registry.h
[350/4366] Hipifying src/include/plugin/plugin.h -> /work1/lmeadows/rccl-work/rccl-fakes/projects/rccl/build/release/hipify/src/include/plugin/plugin.h
[351/4366] Hipifying src/include/plugin/nccl_rma.h -> /work1/lmeadows/rccl-work/rccl-fakes/projects/rccl/build/release/hipify/src/include/plugin/nccl_rma.h
[352/4366] Hipifying src/include/plugin/net/net_v9.h -> /work1/lmeadows/rccl-work/rccl-fakes/projects/rccl/build/release/hipify/src/include/plugin/net/net_v9.h
[353/4366] Hipifying src/include/plugin/rma/rma_v13.h -> /work1/lmeadows/rccl-work/rccl-fakes/projects/rccl/build/release/hipify/src/include/plugin/rma/rma_v13.h
[354/4366] Hipifying src/include/param/parser_common.h -> /work1/lmeadows/rccl-work/rccl-fakes/projects/rccl/build/release/hipify/src/include/param/parser_common.h
[355/4366] Hipifying src/include/nvtx3/nvtxDetail/nvtxExtPayloadHelperInternal.h -> /work1/lmeadows/rccl-work/rccl-fakes/projects/rccl/build/release/hipify/src/include/nvtx3/nvtxDetail/nvtxExtPayloadHelperInternal.h
[356/4366] Hipifying src/include/plugin/nccl_tuner.h -> /work1/lmeadows/rccl-work/rccl-fakes/projects/rccl/build/release/hipify/src/include/plugin/nccl_tuner.h
[357/4366] Hipifying src/include/nvmlwrap.h -> /work1/lmeadows/rccl-work/rccl-fakes/projects/rccl/build/release/hipify/src/include/nvmlwrap.h
[358/4366] Hipifying src/include/os_socket_pair.h -> /work1/lmeadows/rccl-work/rccl-fakes/projects/rccl/build/release/hipify/src/include/os_socket_pair.h
[359/4366] Hipifying src/include/plugin/net/net_v8.h -> /work1/lmeadows/rccl-work/rccl-fakes/projects/rccl/build/release/hipify/src/include/plugin/net/net_v8.h
[360/4366] Hipifying src/include/proxy_diag_counters.h -> /work1/lmeadows/rccl-work/rccl-fakes/projects/rccl/build/release/hipify/src/include/proxy_diag_counters.h
[361/4366] Hipifying src/include/plugin/profiler/net_ib_v1.h -> /work1/lmeadows/rccl-work/rccl-fakes/projects/rccl/build/release/hipify/src/include/plugin/profiler/net_ib_v1.h
[362/4366] Hipifying src/include/param/parser_default.h -> /work1/lmeadows/rccl-work/rccl-fakes/projects/rccl/build/release/hipify/src/include/param/parser_default.h
[363/4366] Hipifying src/include/plugin/gin/gin_v14.h -> /work1/lmeadows/rccl-work/rccl-fakes/projects/rccl/build/release/hipify/src/include/plugin/gin/gin_v14.h
[364/4366] Hipifying src/include/plugin/profiler/profiler_v3.h -> /work1/lmeadows/rccl-work/rccl-fakes/projects/rccl/build/release/hipify/src/include/plugin/profiler/profiler_v3.h
[365/4366] Hipifying src/include/plugin/nccl_profiler.h -> /work1/lmeadows/rccl-work/rccl-fakes/projects/rccl/build/release/hipify/src/include/plugin/nccl_profiler.h
[366/4366] Hipifying src/include/plugin/profiler/net_socket_v1.h -> /work1/lmeadows/rccl-work/rccl-fakes/projects/rccl/build/release/hipify/src/include/plugin/profiler/net_socket_v1.h
[367/4366] Hipifying src/include/rccl_vars.h -> /work1/lmeadows/rccl-work/rccl-fakes/projects/rccl/build/release/hipify/src/include/rccl_vars.h
[368/4366] Hipifying src/include/plugin/tuner/tuner_v5.h -> /work1/lmeadows/rccl-work/rccl-fakes/projects/rccl/build/release/hipify/src/include/plugin/tuner/tuner_v5.h
[369/4366] Hipifying src/include/plugin/net/net_v10.h -> /work1/lmeadows/rccl-work/rccl-fakes/projects/rccl/build/release/hipify/src/include/plugin/net/net_v10.h
[370/4366] Hipifying src/include/plugin/net/net_v11.h -> /work1/lmeadows/rccl-work/rccl-fakes/projects/rccl/build/release/hipify/src/include/plugin/net/net_v11.h
[371/4366] Hipifying src/include/plugin/profiler/profiler_v5.h -> /work1/lmeadows/rccl-work/rccl-fakes/projects/rccl/build/release/hipify/src/include/plugin/profiler/profiler_v5.h
[372/4366] Hipifying src/include/plugin/profiler/profiler_v4.h -> /work1/lmeadows/rccl-work/rccl-fakes/projects/rccl/build/release/hipify/src/include/plugin/profiler/profiler_v4.h
[373/4366] Hipifying src/include/plugin/rma/rma_v15.h -> /work1/lmeadows/rccl-work/rccl-fakes/projects/rccl/build/release/hipify/src/include/plugin/rma/rma_v15.h
[374/4366] Hipifying src/include/shm.h -> /work1/lmeadows/rccl-work/rccl-fakes/projects/rccl/build/release/hipify/src/include/shm.h
[375/4366] Hipifying src/include/rma.h -> /work1/lmeadows/rccl-work/rccl-fakes/projects/rccl/build/release/hipify/src/include/rma.h
[376/4366] Hipifying src/include/plugin/net/net_v12.h -> /work1/lmeadows/rccl-work/rccl-fakes/projects/rccl/build/release/hipify/src/include/plugin/net/net_v12.h
[377/4366] Hipifying src/include/nvtx3/nvtxDetail/nvtxInitDefs.h -> /work1/lmeadows/rccl-work/rccl-fakes/projects/rccl/build/release/hipify/src/include/nvtx3/nvtxDetail/nvtxInitDefs.h
[378/4366] Hipifying src/include/plugin/profiler/net_socket.h -> /work1/lmeadows/rccl-work/rccl-fakes/projects/rccl/build/release/hipify/src/include/plugin/profiler/net_socket.h
[379/4366] Hipifying src/include/plugin/profiler/profiler_v6.h -> /work1/lmeadows/rccl-work/rccl-fakes/projects/rccl/build/release/hipify/src/include/plugin/profiler/profiler_v6.h
[380/4366] Hipifying src/include/rccl_common.h -> /work1/lmeadows/rccl-work/rccl-fakes/projects/rccl/build/release/hipify/src/include/rccl_common.h
[381/4366] Hipifying src/include/tuner.h -> /work1/lmeadows/rccl-work/rccl-fakes/projects/rccl/build/release/hipify/src/include/tuner.h
[382/4366] Hipifying src/include/plugin/nccl_gin.h -> /work1/lmeadows/rccl-work/rccl-fakes/projects/rccl/build/release/hipify/src/include/plugin/nccl_gin.h
[383/4366] Hipifying src/include/rccl_graph_gen.h -> /work1/lmeadows/rccl-work/rccl-fakes/projects/rccl/build/release/hipify/src/include/rccl_graph_gen.h
[384/4366] Hipifying src/include/rccl_arch_thresholds.h -> /work1/lmeadows/rccl-work/rccl-fakes/projects/rccl/build/release/hipify/src/include/rccl_arch_thresholds.h
[385/4366] Hipifying src/include/timer.h -> /work1/lmeadows/rccl-work/rccl-fakes/projects/rccl/build/release/hipify/src/include/timer.h
[386/4366] Hipifying src/include/trees.h -> /work1/lmeadows/rccl-work/rccl-fakes/projects/rccl/build/release/hipify/src/include/trees.h
[387/4366] Hipifying src/include/profiler.h -> /work1/lmeadows/rccl-work/rccl-fakes/projects/rccl/build/release/hipify/src/include/profiler.h
[388/4366] Hipifying src/include/plugin/tuner/tuner_v6.h -> /work1/lmeadows/rccl-work/rccl-fakes/projects/rccl/build/release/hipify/src/include/plugin/tuner/tuner_v6.h
[389/4366] Hipifying src/include/plugin/tuner/tuner_v4.h -> /work1/lmeadows/rccl-work/rccl-fakes/projects/rccl/build/release/hipify/src/include/plugin/tuner/tuner_v4.h
[390/4366] Hipifying src/include/ras.h -> /work1/lmeadows/rccl-work/rccl-fakes/projects/rccl/build/release/hipify/src/include/ras.h
[391/4366] Hipifying src/include/proxy.h -> /work1/lmeadows/rccl-work/rccl-fakes/projects/rccl/build/release/hipify/src/include/proxy.h
[392/4366] Hipifying src/include/rccl_decision.h -> /work1/lmeadows/rccl-work/rccl-fakes/projects/rccl/build/release/hipify/src/include/rccl_decision.h
[393/4366] Hipifying src/include/plugin/profiler/profiler_v7.h -> /work1/lmeadows/rccl-work/rccl-fakes/projects/rccl/build/release/hipify/src/include/plugin/profiler/profiler_v7.h
[394/4366] Hipifying src/include/plugin/rma/rma_v14.h -> /work1/lmeadows/rccl-work/rccl-fakes/projects/rccl/build/release/hipify/src/include/plugin/rma/rma_v14.h
[395/4366] Hipifying src/include/register.h -> /work1/lmeadows/rccl-work/rccl-fakes/projects/rccl/build/release/hipify/src/include/register.h
[396/4366] Hipifying src/include/register_inline.h -> /work1/lmeadows/rccl-work/rccl-fakes/projects/rccl/build/release/hipify/src/include/register_inline.h
[397/4366] Hipifying src/include/plugin/tuner/tuner_v2.h -> /work1/lmeadows/rccl-work/rccl-fakes/projects/rccl/build/release/hipify/src/include/plugin/tuner/tuner_v2.h
[398/4366] Hipifying src/include/signals.h -> /work1/lmeadows/rccl-work/rccl-fakes/projects/rccl/build/release/hipify/src/include/signals.h
[399/4366] Hipifying src/include/plugin/profiler/profiler_v1.h -> /work1/lmeadows/rccl-work/rccl-fakes/projects/rccl/build/release/hipify/src/include/plugin/profiler/profiler_v1.h
[400/4366] Hipifying src/include/scheduler.h -> /work1/lmeadows/rccl-work/rccl-fakes/projects/rccl/build/release/hipify/src/include/scheduler.h
[401/4366] Hipifying src/misc/latency_profiler/CollTraceEvent.cc -> /work1/lmeadows/rccl-work/rccl-fakes/projects/rccl/build/release/hipify/src/misc/latency_profiler/CollTraceEvent.cc
[402/4366] Hipifying src/include/roctx.h -> /work1/lmeadows/rccl-work/rccl-fakes/projects/rccl/build/release/hipify/src/include/roctx.h
[403/4366] Hipifying src/include/strongstream.h -> /work1/lmeadows/rccl-work/rccl-fakes/projects/rccl/build/release/hipify/src/include/strongstream.h
[404/4366] Hipifying src/include/plugin/tuner/tuner_v3.h -> /work1/lmeadows/rccl-work/rccl-fakes/projects/rccl/build/release/hipify/src/include/plugin/tuner/tuner_v3.h
[405/4366] Hipifying src/misc/latency_profiler/CollTrace.cc -> /work1/lmeadows/rccl-work/rccl-fakes/projects/rccl/build/release/hipify/src/misc/latency_profiler/CollTrace.cc
[406/4366] Hipifying src/misc/gdr_peermem.cc -> /work1/lmeadows/rccl-work/rccl-fakes/projects/rccl/build/release/hipify/src/misc/gdr_peermem.cc
[407/4366] Hipifying src/include/rma/rma_ce.h -> /work1/lmeadows/rccl-work/rccl-fakes/projects/rccl/build/release/hipify/src/include/rma/rma_ce.h
[408/4366] Hipifying src/misc/mlx5dvsymbols.cc -> /work1/lmeadows/rccl-work/rccl-fakes/projects/rccl/build/release/hipify/src/misc/mlx5dvsymbols.cc
[409/4366] Hipifying src/include/rccl_float8.h -> /work1/lmeadows/rccl-work/rccl-fakes/projects/rccl/build/release/hipify/src/include/rccl_float8.h
[410/4366] Hipifying src/include/rma/rma_proxy.h -> /work1/lmeadows/rccl-work/rccl-fakes/projects/rccl/build/release/hipify/src/include/rma/rma_proxy.h
[411/4366] Hipifying src/include/recorder.h -> /work1/lmeadows/rccl-work/rccl-fakes/projects/rccl/build/release/hipify/src/include/recorder.h
[412/4366] Hipifying src/include/plugin/profiler/profiler_v2.h -> /work1/lmeadows/rccl-work/rccl-fakes/projects/rccl/build/release/hipify/src/include/plugin/profiler/profiler_v2.h
[413/4366] Building CXX object plugins/profiler/inspector/CMakeFiles/rccl-profiler-inspector.dir/inspector.cc.o
[414/4366] Hipifying src/init_nvtx.cc -> /work1/lmeadows/rccl-work/rccl-fakes/projects/rccl/build/release/hipify/src/init_nvtx.cc
[415/4366] Hipifying src/include/rocmwrap.h -> /work1/lmeadows/rccl-work/rccl-fakes/projects/rccl/build/release/hipify/src/include/rocmwrap.h
[416/4366] Hipifying src/os/linux_socket_pair.cc -> /work1/lmeadows/rccl-work/rccl-fakes/projects/rccl/build/release/hipify/src/os/linux_socket_pair.cc
[417/4366] Hipifying src/include/sym_kernels.h -> /work1/lmeadows/rccl-work/rccl-fakes/projects/rccl/build/release/hipify/src/include/sym_kernels.h
[418/4366] Hipifying src/nccl_device/lsa_barrier.cc -> /work1/lmeadows/rccl-work/rccl-fakes/projects/rccl/build/release/hipify/src/nccl_device/lsa_barrier.cc
[419/4366] Hipifying src/nccl_device/core.cc -> /work1/lmeadows/rccl-work/rccl-fakes/projects/rccl/build/release/hipify/src/nccl_device/core.cc
[420/4366] Hipifying src/plugin/env/env_v1.cc -> /work1/lmeadows/rccl-work/rccl-fakes/projects/rccl/build/release/hipify/src/plugin/env/env_v1.cc
[421/4366] Hipifying src/include/shmutils.h -> /work1/lmeadows/rccl-work/rccl-fakes/projects/rccl/build/release/hipify/src/include/shmutils.h
[422/4366] Hipifying src/nccl_device/gin_barrier.cc -> /work1/lmeadows/rccl-work/rccl-fakes/projects/rccl/build/release/hipify/src/nccl_device/gin_barrier.cc
[423/4366] Hipifying src/misc/param.cc -> /work1/lmeadows/rccl-work/rccl-fakes/projects/rccl/build/release/hipify/src/misc/param.cc
[424/4366] Hipifying src/include/socket.h -> /work1/lmeadows/rccl-work/rccl-fakes/projects/rccl/build/release/hipify/src/include/socket.h
[425/4366] Hipifying src/mem_manager.cc -> /work1/lmeadows/rccl-work/rccl-fakes/projects/rccl/build/release/hipify/src/mem_manager.cc
[426/4366] Hipifying src/misc/mlx5dvwrap.cc -> /work1/lmeadows/rccl-work/rccl-fakes/projects/rccl/build/release/hipify/src/misc/mlx5dvwrap.cc
[427/4366] Hipifying src/misc/alt_rsmi.cc -> /work1/lmeadows/rccl-work/rccl-fakes/projects/rccl/build/release/hipify/src/misc/alt_rsmi.cc
[428/4366] Hipifying src/misc/ionicdvsymbols.cc -> /work1/lmeadows/rccl-work/rccl-fakes/projects/rccl/build/release/hipify/src/misc/ionicdvsymbols.cc
[429/4366] Hipifying src/misc/kernel_config.cc -> /work1/lmeadows/rccl-work/rccl-fakes/projects/rccl/build/release/hipify/src/misc/kernel_config.cc
[430/4366] Hipifying src/plugin/env/default_env.cc -> /work1/lmeadows/rccl-work/rccl-fakes/projects/rccl/build/release/hipify/src/plugin/env/default_env.cc
[431/4366] Hipifying src/include/rma/rma_proxy_mem.h -> /work1/lmeadows/rccl-work/rccl-fakes/projects/rccl/build/release/hipify/src/include/rma/rma_proxy_mem.h
[432/4366] Hipifying src/misc/api_trace.cc -> /work1/lmeadows/rccl-work/rccl-fakes/projects/rccl/build/release/hipify/src/misc/api_trace.cc
[433/4366] Hipifying src/os/linux_ipcsocket.cc -> /work1/lmeadows/rccl-work/rccl-fakes/projects/rccl/build/release/hipify/src/os/linux_ipcsocket.cc
[434/4366] Hipifying src/misc/argcheck.cc -> /work1/lmeadows/rccl-work/rccl-fakes/projects/rccl/build/release/hipify/src/misc/argcheck.cc
[435/4366] Hipifying src/misc/archinfo.cc -> /work1/lmeadows/rccl-work/rccl-fakes/projects/rccl/build/release/hipify/src/misc/archinfo.cc
[436/4366] Hipifying src/mnnvl.cc -> /work1/lmeadows/rccl-work/rccl-fakes/projects/rccl/build/release/hipify/src/mnnvl.cc
[437/4366] Hipifying src/plugin/net/net_v9.cc -> /work1/lmeadows/rccl-work/rccl-fakes/projects/rccl/build/release/hipify/src/plugin/net/net_v9.cc
[438/4366] Hipifying src/misc/ibvsymbols.cc -> /work1/lmeadows/rccl-work/rccl-fakes/projects/rccl/build/release/hipify/src/misc/ibvsymbols.cc
[439/4366] Hipifying src/plugin/net/net_v7.cc -> /work1/lmeadows/rccl-work/rccl-fakes/projects/rccl/build/release/hipify/src/plugin/net/net_v7.cc
[440/4366] Hipifying src/misc/ibvwrap.cc -> /work1/lmeadows/rccl-work/rccl-fakes/projects/rccl/build/release/hipify/src/misc/ibvwrap.cc
[441/4366] Hipifying src/misc/shmutils.cc -> /work1/lmeadows/rccl-work/rccl-fakes/projects/rccl/build/release/hipify/src/misc/shmutils.cc
[442/4366] Hipifying src/param/param_registry.cc -> /work1/lmeadows/rccl-work/rccl-fakes/projects/rccl/build/release/hipify/src/param/param_registry.cc
[443/4366] Hipifying src/plugin/gin/gin_v14.cc -> /work1/lmeadows/rccl-work/rccl-fakes/projects/rccl/build/release/hipify/src/plugin/gin/gin_v14.cc
[444/4366] Hipifying src/misc/api_trace.c -> /work1/lmeadows/rccl-work/rccl-fakes/projects/rccl/build/release/hipify/src/misc/api_trace.c
[445/4366] Hipifying src/misc/utils.cc -> /work1/lmeadows/rccl-work/rccl-fakes/projects/rccl/build/release/hipify/src/misc/utils.cc
[446/4366] Hipifying src/param/param.cc -> /work1/lmeadows/rccl-work/rccl-fakes/projects/rccl/build/release/hipify/src/param/param_tmp.cc
[447/4366] Hipifying src/plugin/profiler/profiler_v7.cc -> /work1/lmeadows/rccl-work/rccl-fakes/projects/rccl/build/release/hipify/src/plugin/profiler/profiler_v7.cc
[448/4366] Hipifying src/plugin/rma/rma_v14.cc -> /work1/lmeadows/rccl-work/rccl-fakes/projects/rccl/build/release/hipify/src/plugin/rma/rma_v14.cc
[449/4366] Hipifying src/nccl_device/ll_a2a.cc -> /work1/lmeadows/rccl-work/rccl-fakes/projects/rccl/build/release/hipify/src/nccl_device/ll_a2a.cc
[450/4366] Hipifying src/include/transport.h -> /work1/lmeadows/rccl-work/rccl-fakes/projects/rccl/build/release/hipify/src/include/transport.h
[451/4366] Hipifying src/include/tuning.h -> /work1/lmeadows/rccl-work/rccl-fakes/projects/rccl/build/release/hipify/src/include/tuning.h
[452/4366] Hipifying src/init.cc -> /work1/lmeadows/rccl-work/rccl-fakes/projects/rccl/build/release/hipify/src/init.cc
[453/4366] Hipifying src/misc/amdsmi_wrap.cc -> /work1/lmeadows/rccl-work/rccl-fakes/projects/rccl/build/release/hipify/src/misc/amdsmi_wrap.cc
[454/4366] Hipifying src/misc/gdr_probe.cc -> /work1/lmeadows/rccl-work/rccl-fakes/projects/rccl/build/release/hipify/src/misc/gdr_probe.cc
[455/4366] Hipifying src/misc/latency_profiler/CollTraceFunc.cc -> /work1/lmeadows/rccl-work/rccl-fakes/projects/rccl/build/release/hipify/src/misc/latency_profiler/CollTraceFunc.cc
[456/4366] Hipifying src/misc/latency_profiler/CollTraceUtils.cc -> /work1/lmeadows/rccl-work/rccl-fakes/projects/rccl/build/release/hipify/src/misc/latency_profiler/CollTraceUtils.cc
[457/4366] Hipifying src/misc/nvmlwrap_stub.cc -> /work1/lmeadows/rccl-work/rccl-fakes/projects/rccl/build/release/hipify/src/misc/nvmlwrap_stub.cc
[458/4366] Hipifying src/misc/recorder.cc -> /work1/lmeadows/rccl-work/rccl-fakes/projects/rccl/build/release/hipify/src/misc/recorder.cc
[459/4366] Hipifying src/misc/rocmwrap.cc -> /work1/lmeadows/rccl-work/rccl-fakes/projects/rccl/build/release/hipify/src/misc/rocmwrap.cc
[460/4366] Hipifying src/misc/roctx.cc -> /work1/lmeadows/rccl-work/rccl-fakes/projects/rccl/build/release/hipify/src/misc/roctx.cc
[461/4366] Hipifying src/misc/signals.cc -> /work1/lmeadows/rccl-work/rccl-fakes/projects/rccl/build/release/hipify/src/misc/signals.cc
[462/4366] Hipifying src/misc/socket.cc -> /work1/lmeadows/rccl-work/rccl-fakes/projects/rccl/build/release/hipify/src/misc/socket.cc
[463/4366] Hipifying src/misc/strongstream.cc -> /work1/lmeadows/rccl-work/rccl-fakes/projects/rccl/build/release/hipify/src/misc/strongstream.cc
[464/4366] Hipifying src/nccl_device/cft_barrier.cc -> /work1/lmeadows/rccl-work/rccl-fakes/projects/rccl/build/release/hipify/src/nccl_device/cft_barrier.cc
[465/4366] Hipifying src/nccl_device/gin_scratch.cc -> /work1/lmeadows/rccl-work/rccl-fakes/projects/rccl/build/release/hipify/src/nccl_device/gin_scratch.cc
[466/4366] Hipifying src/os/linux.cc -> /work1/lmeadows/rccl-work/rccl-fakes/projects/rccl/build/release/hipify/src/os/linux.cc
[467/4366] Hipifying src/plugin/env.cc -> /work1/lmeadows/rccl-work/rccl-fakes/projects/rccl/build/release/hipify/src/plugin/env.cc
[468/4366] Hipifying src/plugin/env/env_v2.cc -> /work1/lmeadows/rccl-work/rccl-fakes/projects/rccl/build/release/hipify/src/plugin/env/env_v2.cc
[469/4366] Hipifying src/plugin/gin/gin_v13.cc -> /work1/lmeadows/rccl-work/rccl-fakes/projects/rccl/build/release/hipify/src/plugin/gin/gin_v13.cc
[470/4366] Hipifying src/plugin/net.cc -> /work1/lmeadows/rccl-work/rccl-fakes/projects/rccl/build/release/hipify/src/plugin/net.cc
[471/4366] Hipifying src/plugin/net/net_v10.cc -> /work1/lmeadows/rccl-work/rccl-fakes/projects/rccl/build/release/hipify/src/plugin/net/net_v10.cc
[472/4366] Hipifying src/plugin/net/net_v11.cc -> /work1/lmeadows/rccl-work/rccl-fakes/projects/rccl/build/release/hipify/src/plugin/net/net_v11.cc
[473/4366] Hipifying src/plugin/net/net_v12.cc -> /work1/lmeadows/rccl-work/rccl-fakes/projects/rccl/build/release/hipify/src/plugin/net/net_v12.cc
[474/4366] Hipifying src/plugin/net/net_v6.cc -> /work1/lmeadows/rccl-work/rccl-fakes/projects/rccl/build/release/hipify/src/plugin/net/net_v6.cc
[475/4366] Hipifying src/plugin/net/net_v8.cc -> /work1/lmeadows/rccl-work/rccl-fakes/projects/rccl/build/release/hipify/src/plugin/net/net_v8.cc
[476/4366] Hipifying src/plugin/profiler/profiler_v1.cc -> /work1/lmeadows/rccl-work/rccl-fakes/projects/rccl/build/release/hipify/src/plugin/profiler/profiler_v1.cc
[477/4366] Hipifying src/plugin/profiler/profiler_v2.cc -> /work1/lmeadows/rccl-work/rccl-fakes/projects/rccl/build/release/hipify/src/plugin/profiler/profiler_v2.cc
[478/4366] Hipifying src/plugin/profiler/profiler_v3.cc -> /work1/lmeadows/rccl-work/rccl-fakes/projects/rccl/build/release/hipify/src/plugin/profiler/profiler_v3.cc
[479/4366] Hipifying src/plugin/profiler/profiler_v4.cc -> /work1/lmeadows/rccl-work/rccl-fakes/projects/rccl/build/release/hipify/src/plugin/profiler/profiler_v4.cc
[480/4366] Hipifying src/plugin/profiler/profiler_v5.cc -> /work1/lmeadows/rccl-work/rccl-fakes/projects/rccl/build/release/hipify/src/plugin/profiler/profiler_v5.cc
[481/4366] Hipifying src/plugin/profiler/profiler_v6.cc -> /work1/lmeadows/rccl-work/rccl-fakes/projects/rccl/build/release/hipify/src/plugin/profiler/profiler_v6.cc
[482/4366] Hipifying src/plugin/rma.cc -> /work1/lmeadows/rccl-work/rccl-fakes/projects/rccl/build/release/hipify/src/plugin/rma.cc
[483/4366] Hipifying src/plugin/rma/rma_v13.cc -> /work1/lmeadows/rccl-work/rccl-fakes/projects/rccl/build/release/hipify/src/plugin/rma/rma_v13.cc
[484/4366] Hipifying src/plugin/rma/rma_v15.cc -> /work1/lmeadows/rccl-work/rccl-fakes/projects/rccl/build/release/hipify/src/plugin/rma/rma_v15.cc
[485/4366] Hipifying src/plugin/tuner.cc -> /work1/lmeadows/rccl-work/rccl-fakes/projects/rccl/build/release/hipify/src/plugin/tuner.cc
[486/4366] Hipifying src/plugin/tuner/csv_tuner.cc -> /work1/lmeadows/rccl-work/rccl-fakes/projects/rccl/build/release/hipify/src/plugin/tuner/csv_tuner.cc
[487/4366] Hipifying src/plugin/tuner/tuner_v2.cc -> /work1/lmeadows/rccl-work/rccl-fakes/projects/rccl/build/release/hipify/src/plugin/tuner/tuner_v2.cc
[488/4366] Hipifying src/plugin/tuner/tuner_v3.cc -> /work1/lmeadows/rccl-work/rccl-fakes/projects/rccl/build/release/hipify/src/plugin/tuner/tuner_v3.cc
[489/4366] Hipifying src/plugin/tuner/tuner_v4.cc -> /work1/lmeadows/rccl-work/rccl-fakes/projects/rccl/build/release/hipify/src/plugin/tuner/tuner_v4.cc
[490/4366] Hipifying src/plugin/tuner/tuner_v5.cc -> /work1/lmeadows/rccl-work/rccl-fakes/projects/rccl/build/release/hipify/src/plugin/tuner/tuner_v5.cc
[491/4366] Hipifying src/plugin/tuner/tuner_v6.cc -> /work1/lmeadows/rccl-work/rccl-fakes/projects/rccl/build/release/hipify/src/plugin/tuner/tuner_v6.cc
[492/4366] Hipifying src/ras/client.cc -> /work1/lmeadows/rccl-work/rccl-fakes/projects/rccl/build/release/hipify/src/ras/client.cc
[493/4366] Hipifying src/ras/collectives.cc -> /work1/lmeadows/rccl-work/rccl-fakes/projects/rccl/build/release/hipify/src/ras/collectives_tmp.cc
[494/4366] Hipifying src/ras/diagnostics_checks.h -> /work1/lmeadows/rccl-work/rccl-fakes/projects/rccl/build/release/hipify/src/ras/diagnostics_checks.h
[495/4366] Hipifying src/ras/diagnostics_checks_common.cc -> /work1/lmeadows/rccl-work/rccl-fakes/projects/rccl/build/release/hipify/src/ras/diagnostics_checks_common.cc
[496/4366] Hipifying src/ras/diagnostics_checks_common.h -> /work1/lmeadows/rccl-work/rccl-fakes/projects/rccl/build/release/hipify/src/ras/diagnostics_checks_common.h
[497/4366] Hipifying src/ras/diagnostics_env.cc -> /work1/lmeadows/rccl-work/rccl-fakes/projects/rccl/build/release/hipify/src/ras/diagnostics_env.cc
[498/4366] Hipifying src/ras/diagnostics_gpu.cc -> /work1/lmeadows/rccl-work/rccl-fakes/projects/rccl/build/release/hipify/src/ras/diagnostics_gpu.cc
[499/4366] Hipifying src/ras/diagnostics.cc -> /work1/lmeadows/rccl-work/rccl-fakes/projects/rccl/build/release/hipify/src/ras/diagnostics_tmp.cc
[500/4366] Hipifying src/ras/peers.cc -> /work1/lmeadows/rccl-work/rccl-fakes/projects/rccl/build/release/hipify/src/ras/peers.cc
[501/4366] Hipifying src/ras/ras.cc -> /work1/lmeadows/rccl-work/rccl-fakes/projects/rccl/build/release/hipify/src/ras/ras.cc
[502/4366] Hipifying src/ras/ras_internal.h -> /work1/lmeadows/rccl-work/rccl-fakes/projects/rccl/build/release/hipify/src/ras/ras_internal.h
[503/4366] Hipifying src/ras/ras_param.cc -> /work1/lmeadows/rccl-work/rccl-fakes/projects/rccl/build/release/hipify/src/ras/ras_param.cc
[504/4366] Hipifying src/ras/ras_param.h -> /work1/lmeadows/rccl-work/rccl-fakes/projects/rccl/build/release/hipify/src/ras/ras_param.h
[505/4366] Hipifying src/rccl_arch_thresholds.cc -> /work1/lmeadows/rccl-work/rccl-fakes/projects/rccl/build/release/hipify/src/rccl_arch_thresholds.cc
[506/4366] Hipifying src/sym_kernels.cc -> /work1/lmeadows/rccl-work/rccl-fakes/projects/rccl/build/release/hipify/src/sym_kernels.cc
[507/4366] Hipifying src/transport.cc -> /work1/lmeadows/rccl-work/rccl-fakes/projects/rccl/build/release/hipify/src/transport.cc
[508/4366] Hipifying src/transport/generic.cc -> /work1/lmeadows/rccl-work/rccl-fakes/projects/rccl/build/release/hipify/src/transport/generic.cc
[509/4366] Hipifying src/transport/net_ib/common.cc -> /work1/lmeadows/rccl-work/rccl-fakes/projects/rccl/build/release/hipify/src/transport/net_ib/common.cc
[510/4366] Hipifying src/transport/net_ib/gdaki/gin_host_gdaki.h -> /work1/lmeadows/rccl-work/rccl-fakes/projects/rccl/build/release/hipify/src/transport/net_ib/gdaki/gin_host_gdaki.h
[511/4366] Hipifying src/transport/net_ib/gdr.cc -> /work1/lmeadows/rccl-work/rccl-fakes/projects/rccl/build/release/hipify/src/transport/net_ib/gdr.cc
[512/4366] Hipifying src/transport/net_ib/init.cc -> /work1/lmeadows/rccl-work/rccl-fakes/projects/rccl/build/release/hipify/src/transport/net_ib/init_tmp.cc
[513/4366] Hipifying src/transport/net_ib/p2p_resiliency.cc -> /work1/lmeadows/rccl-work/rccl-fakes/projects/rccl/build/release/hipify/src/transport/net_ib/p2p_resiliency.cc
[514/4366] Hipifying src/transport/net_ib/p2p_resiliency.h -> /work1/lmeadows/rccl-work/rccl-fakes/projects/rccl/build/release/hipify/src/transport/net_ib/p2p_resiliency.h
[515/4366] Hipifying src/transport/net_ib/p2p_resiliency_recovery.h -> /work1/lmeadows/rccl-work/rccl-fakes/projects/rccl/build/release/hipify/src/transport/net_ib/p2p_resiliency_recovery.h
[516/4366] Hipifying src/transport/net_ib/wqe_lat_mon.cc -> /work1/lmeadows/rccl-work/rccl-fakes/projects/rccl/build/release/hipify/src/transport/net_ib/wqe_lat_mon.cc
[517/4366] Hipifying src/transport/net_ib_cast/common_cast.h -> /work1/lmeadows/rccl-work/rccl-fakes/projects/rccl/build/release/hipify/src/transport/net_ib_cast/common_cast.h
[518/4366] Hipifying src/transport/net_ib_cast/connect_cast.h -> /work1/lmeadows/rccl-work/rccl-fakes/projects/rccl/build/release/hipify/src/transport/net_ib_cast/connect_cast.h
[519/4366] Hipifying src/transport/net_ib_cast/gdr.cc -> /work1/lmeadows/rccl-work/rccl-fakes/projects/rccl/build/release/hipify/src/transport/net_ib_cast/gdr_tmp.cc
[520/4366] Hipifying src/transport/net_ib_cast/gin_cast.h -> /work1/lmeadows/rccl-work/rccl-fakes/projects/rccl/build/release/hipify/src/transport/net_ib_cast/gin_cast.h
[521/4366] Hipifying src/transport/net_ib_cast/gin.cc -> /work1/lmeadows/rccl-work/rccl-fakes/projects/rccl/build/release/hipify/src/transport/net_ib_cast/gin_tmp.cc
[522/4366] Hipifying src/transport/net_ib_cast/net_ib_cast_inspect.h -> /work1/lmeadows/rccl-work/rccl-fakes/projects/rccl/build/release/hipify/src/transport/net_ib_cast/net_ib_cast_inspect_tmp.h
[523/4366] Hipifying src/transport/net_ib_cast/net_ib_ops_fault.cc -> /work1/lmeadows/rccl-work/rccl-fakes/projects/rccl/build/release/hipify/src/transport/net_ib_cast/net_ib_ops_fault.cc
[524/4366] Hipifying src/transport/net_ib_cast/net_ib_ops_fault.h -> /work1/lmeadows/rccl-work/rccl-fakes/projects/rccl/build/release/hipify/src/transport/net_ib_cast/net_ib_ops_fault.h
[525/4366] Hipifying src/transport/net_ib_cast/p2p_resiliency_recovery_cast.h -> /work1/lmeadows/rccl-work/rccl-fakes/projects/rccl/build/release/hipify/src/transport/net_ib_cast/p2p_resiliency_recovery_cast.h
[526/4366] Hipifying src/transport/net_ib_cast/p2p_resiliency_recovery_internal.h -> /work1/lmeadows/rccl-work/rccl-fakes/projects/rccl/build/release/hipify/src/transport/net_ib_cast/p2p_resiliency_recovery_internal.h
[527/4366] Hipifying src/transport/net_ib_cast/p2p_resiliency_recovery.cc -> /work1/lmeadows/rccl-work/rccl-fakes/projects/rccl/build/release/hipify/src/transport/net_ib_cast/p2p_resiliency_recovery_tmp.cc
[528/4366] Hipifying src/transport/net_ib_cast/scheduler.cc -> /work1/lmeadows/rccl-work/rccl-fakes/projects/rccl/build/release/hipify/src/transport/net_ib_cast/scheduler.cc
[529/4366] Hipifying src/transport/net_ib_limits.h -> /work1/lmeadows/rccl-work/rccl-fakes/projects/rccl/build/release/hipify/src/transport/net_ib_limits_tmp.h
[530/4366] Hipifying src/transport/net_socket.cc -> /work1/lmeadows/rccl-work/rccl-fakes/projects/rccl/build/release/hipify/src/transport/net_socket.cc
[531/4366] Hipifying src/transport/net_telemetry.cc -> /work1/lmeadows/rccl-work/rccl-fakes/projects/rccl/build/release/hipify/src/transport/net_telemetry.cc
[532/4366] Hipifying src/transport/shm.cc -> /work1/lmeadows/rccl-work/rccl-fakes/projects/rccl/build/release/hipify/src/transport/shm.cc
[533/4366] Hipifying src/tuning/ring.cc -> /work1/lmeadows/rccl-work/rccl-fakes/projects/rccl/build/release/hipify/src/tuning/ring.cc
[534/4366] Hipifying src/param/c_api.cc -> /work1/lmeadows/rccl-work/rccl-fakes/projects/rccl/build/release/hipify/src/param/c_api.cc
[535/4366] Hipifying src/plugin/profiler.cc -> /work1/lmeadows/rccl-work/rccl-fakes/projects/rccl/build/release/hipify/src/plugin/profiler.cc
[536/4366] Hipifying src/ras/client_support.cc -> /work1/lmeadows/rccl-work/rccl-fakes/projects/rccl/build/release/hipify/src/ras/client_support.cc
[537/4366] Hipifying src/ras/rasnet.cc -> /work1/lmeadows/rccl-work/rccl-fakes/projects/rccl/build/release/hipify/src/ras/rasnet.cc
[538/4366] Hipifying src/tuning/collnet.cc -> /work1/lmeadows/rccl-work/rccl-fakes/projects/rccl/build/release/hipify/src/tuning/collnet.cc
[539/4366] Hipifying src/tuning/nvls.cc -> /work1/lmeadows/rccl-work/rccl-fakes/projects/rccl/build/release/hipify/src/tuning/nvls_tmp.cc
[540/4366] Hipifying src/transport/net_ib/connect.h -> /work1/lmeadows/rccl-work/rccl-fakes/projects/rccl/build/release/hipify/src/transport/net_ib/connect.h
[541/4366] Hipifying src/plugin/gin.cc -> /work1/lmeadows/rccl-work/rccl-fakes/projects/rccl/build/release/hipify/src/plugin/gin.cc
[542/4366] Hipifying src/plugin/plugin_open.cc -> /work1/lmeadows/rccl-work/rccl-fakes/projects/rccl/build/release/hipify/src/plugin/plugin_open.cc
[543/4366] Hipifying src/transport/net_ib/p2p_resiliency_recovery.cc -> /work1/lmeadows/rccl-work/rccl-fakes/projects/rccl/build/release/hipify/src/transport/net_ib/p2p_resiliency_recovery.cc
[544/4366] Hipifying src/scheduler/symmetric_sched.cc -> /work1/lmeadows/rccl-work/rccl-fakes/projects/rccl/build/release/hipify/src/scheduler/symmetric_sched.cc
[545/4366] Hipifying src/transport/net_ib/gin.cc -> /work1/lmeadows/rccl-work/rccl-fakes/projects/rccl/build/release/hipify/src/transport/net_ib/gin_tmp.cc
[546/4366] Hipifying src/transport/net_ib/p2p.cc -> /work1/lmeadows/rccl-work/rccl-fakes/projects/rccl/build/release/hipify/src/transport/net_ib/p2p_tmp.cc
[547/4366] Hipifying src/transport/net_ib/reg.cc -> /work1/lmeadows/rccl-work/rccl-fakes/projects/rccl/build/release/hipify/src/transport/net_ib/reg.cc
[548/4366] Hipifying src/transport/net_ib/wqe_lat_mon.h -> /work1/lmeadows/rccl-work/rccl-fakes/projects/rccl/build/release/hipify/src/transport/net_ib/wqe_lat_mon.h
[549/4366] Hipifying src/transport/net_ib_cast/init.cc -> /work1/lmeadows/rccl-work/rccl-fakes/projects/rccl/build/release/hipify/src/transport/net_ib_cast/init_tmp.cc
[550/4366] Hipifying src/transport/net_ib_cast/net_ib_cast_inspect.h -> /work1/lmeadows/rccl-work/rccl-fakes/projects/rccl/build/release/hipify/src/transport/net_ib_cast/net_ib_cast_inspect.h
[551/4366] Hipifying src/transport/net_ib_cast/p2p_cast.h -> /work1/lmeadows/rccl-work/rccl-fakes/projects/rccl/build/release/hipify/src/transport/net_ib_cast/p2p_cast.h
[552/4366] Hipifying src/transport/net_ib_cast/p2p_resiliency_cast.h -> /work1/lmeadows/rccl-work/rccl-fakes/projects/rccl/build/release/hipify/src/transport/net_ib_cast/p2p_resiliency_cast.h
[553/4366] Hipifying src/transport/net_ib_cast/p2p_resiliency.cc -> /work1/lmeadows/rccl-work/rccl-fakes/projects/rccl/build/release/hipify/src/transport/net_ib_cast/p2p_resiliency_tmp.cc
[554/4366] Hipifying src/transport/net_ib_cast/qp_sharing.h -> /work1/lmeadows/rccl-work/rccl-fakes/projects/rccl/build/release/hipify/src/transport/net_ib_cast/qp_sharing.h
[555/4366] Hipifying src/tuning/cost_model.cc -> /work1/lmeadows/rccl-work/rccl-fakes/projects/rccl/build/release/hipify/src/tuning/cost_model.cc
[556/4366] Hipifying src/tuning/cost_model.h -> /work1/lmeadows/rccl-work/rccl-fakes/projects/rccl/build/release/hipify/src/tuning/cost_model.h
[557/4366] Hipifying src/transport/net_ib_cast/net_ib_fault_inject.h -> /work1/lmeadows/rccl-work/rccl-fakes/projects/rccl/build/release/hipify/src/transport/net_ib_cast/net_ib_fault_inject.h
[558/4366] Hipifying src/transport/net_ib_cast/reg.cc -> /work1/lmeadows/rccl-work/rccl-fakes/projects/rccl/build/release/hipify/src/transport/net_ib_cast/reg_tmp.cc
[559/4366] Hipifying src/transport/net_ib_limits.h -> /work1/lmeadows/rccl-work/rccl-fakes/projects/rccl/build/release/hipify/src/transport/net_ib_limits.h
[560/4366] Hipifying src/transport/net_ib_cast/qp_sharing.cc -> /work1/lmeadows/rccl-work/rccl-fakes/projects/rccl/build/release/hipify/src/transport/net_ib_cast/qp_sharing.cc
[561/4366] Hipifying src/tuning/tuning.cc -> /work1/lmeadows/rccl-work/rccl-fakes/projects/rccl/build/release/hipify/src/tuning/tuning_tmp.cc
[562/4366] Hipifying src/transport/net_ib_cast/p2p.cc -> /work1/lmeadows/rccl-work/rccl-fakes/projects/rccl/build/release/hipify/src/transport/net_ib_cast/p2p_tmp.cc
[563/4366] Hipifying src/transport/coll_net.cc -> /work1/lmeadows/rccl-work/rccl-fakes/projects/rccl/build/release/hipify/src/transport/coll_net.cc
[564/4366] Hipifying src/transport/net_ib_cast/connect.cc -> /work1/lmeadows/rccl-work/rccl-fakes/projects/rccl/build/release/hipify/src/transport/net_ib_cast/connect_tmp.cc
[565/4366] Hipifying src/transport/net_ib_cast/p2p_resiliency_recovery_ainic.h -> /work1/lmeadows/rccl-work/rccl-fakes/projects/rccl/build/release/hipify/src/transport/net_ib_cast/p2p_resiliency_recovery_ainic.h
[566/4366] Hipifying src/transport/net_ib_cast/p2p_resiliency_recovery_ainic.cc -> /work1/lmeadows/rccl-work/rccl-fakes/projects/rccl/build/release/hipify/src/transport/net_ib_cast/p2p_resiliency_recovery_ainic.cc
[567/4366] Hipifying src/tuning/tree.cc -> /work1/lmeadows/rccl-work/rccl-fakes/projects/rccl/build/release/hipify/src/tuning/tree.cc
[568/4366] Hipifying src/transport/nvls.cc -> /work1/lmeadows/rccl-work/rccl-fakes/projects/rccl/build/release/hipify/src/transport/nvls.cc
[569/4366] Hipifying src/tuning/tuning_int.h -> /work1/lmeadows/rccl-work/rccl-fakes/projects/rccl/build/release/hipify/src/tuning/tuning_int.h
[570/4366] Hipifying src/tuning/pat.cc -> /work1/lmeadows/rccl-work/rccl-fakes/projects/rccl/build/release/hipify/src/tuning/pat.cc
[571/4366] Hipifying src/rccl_wrap.cc -> /work1/lmeadows/rccl-work/rccl-fakes/projects/rccl/build/release/hipify/src/rccl_wrap.cc
[572/4366] Hipifying src/transport/p2p.cc -> /work1/lmeadows/rccl-work/rccl-fakes/projects/rccl/build/release/hipify/src/transport/p2p_tmp.cc
[573/4366] Hipifying src/transport/net_ib_cast/common.cc -> /work1/lmeadows/rccl-work/rccl-fakes/projects/rccl/build/release/hipify/src/transport/net_ib_cast/common_tmp.cc
[574/4366] Hipifying src/tuning/sym_model.cc -> /work1/lmeadows/rccl-work/rccl-fakes/projects/rccl/build/release/hipify/src/tuning/sym_model.cc
[575/4366] Hipifying src/device/symmetric/all_gather_gin.cuh -> /work1/lmeadows/rccl-work/rccl-fakes/projects/rccl/build/release/hipify/src/device/symmetric/all_gather_gin.h
Added fault injection to /work1/lmeadows/rccl-work/rccl-fakes/projects/rccl/build/release/hipify/src/device/symmetric/all_gather_gin.h
[576/4366] Hipifying src/device/broadcast.h -> /work1/lmeadows/rccl-work/rccl-fakes/projects/rccl/build/release/hipify/src/device/broadcast.h
Added fault injection to /work1/lmeadows/rccl-work/rccl-fakes/projects/rccl/build/release/hipify/src/device/broadcast.h
[577/4366] Hipifying src/device/symmetric/gin_scratch__funcs.h -> /work1/lmeadows/rccl-work/rccl-fakes/projects/rccl/build/release/hipify/src/device/symmetric/gin_scratch__funcs.h
Added fault injection to /work1/lmeadows/rccl-work/rccl-fakes/projects/rccl/build/release/hipify/src/device/symmetric/gin_scratch__funcs.h
[578/4366] Hipifying src/device/primitives.h -> /work1/lmeadows/rccl-work/rccl-fakes/projects/rccl/build/release/hipify/src/device/primitives.h
Added fault injection to /work1/lmeadows/rccl-work/rccl-fakes/projects/rccl/build/release/hipify/src/device/primitives.h
[579/4366] Hipifying src/device/symmetric/gin_scratch__types.h -> /work1/lmeadows/rccl-work/rccl-fakes/projects/rccl/build/release/hipify/src/device/symmetric/gin_scratch__types.h
Added fault injection to /work1/lmeadows/rccl-work/rccl-fakes/projects/rccl/build/release/hipify/src/device/symmetric/gin_scratch__types.h
[580/4366] Hipifying src/misc/ionicdvwrap.cc -> /work1/lmeadows/rccl-work/rccl-fakes/projects/rccl/build/release/hipify/src/misc/ionicdvwrap.cc
[581/4366] Hipifying src/proxy.cc -> /work1/lmeadows/rccl-work/rccl-fakes/projects/rccl/build/release/hipify/src/proxy.cc
[582/4366] Hipifying src/transport/net_ib/connect.cc -> /work1/lmeadows/rccl-work/rccl-fakes/projects/rccl/build/release/hipify/src/transport/net_ib/connect_tmp.cc
[583/4366] Hipifying src/tuning/tuning_general.cc -> /work1/lmeadows/rccl-work/rccl-fakes/projects/rccl/build/release/hipify/src/tuning/tuning_general.cc
[584/4366] Hipifying src/device/all_gather.h -> /work1/lmeadows/rccl-work/rccl-fakes/projects/rccl/build/release/hipify/src/device/all_gather.h
Added fault injection to /work1/lmeadows/rccl-work/rccl-fakes/projects/rccl/build/release/hipify/src/device/all_gather.h
[585/4366] Hipifying src/device/all_reduce.h -> /work1/lmeadows/rccl-work/rccl-fakes/projects/rccl/build/release/hipify/src/device/all_reduce.h
Added fault injection to /work1/lmeadows/rccl-work/rccl-fakes/projects/rccl/build/release/hipify/src/device/all_reduce.h
[586/4366] Hipifying src/device/alltoall_gda.h -> /work1/lmeadows/rccl-work/rccl-fakes/projects/rccl/build/release/hipify/src/device/alltoall_gda.h
Added fault injection to /work1/lmeadows/rccl-work/rccl-fakes/projects/rccl/build/release/hipify/src/device/alltoall_gda.h
[587/4366] Hipifying src/device/alltoallv_gda.h -> /work1/lmeadows/rccl-work/rccl-fakes/projects/rccl/build/release/hipify/src/device/alltoallv_gda.h
Added fault injection to /work1/lmeadows/rccl-work/rccl-fakes/projects/rccl/build/release/hipify/src/device/alltoallv_gda.h
[588/4366] Hipifying src/device/op128.h -> /work1/lmeadows/rccl-work/rccl-fakes/projects/rccl/build/release/hipify/src/device/op128.h
Added fault injection to /work1/lmeadows/rccl-work/rccl-fakes/projects/rccl/build/release/hipify/src/device/op128.h
[589/4366] Hipifying src/device/sendrecv.h -> /work1/lmeadows/rccl-work/rccl-fakes/projects/rccl/build/release/hipify/src/device/sendrecv.h
Added fault injection to /work1/lmeadows/rccl-work/rccl-fakes/projects/rccl/build/release/hipify/src/device/sendrecv.h
[590/4366] Hipifying src/device/symmetric/all_gather.cuh -> /work1/lmeadows/rccl-work/rccl-fakes/projects/rccl/build/release/hipify/src/device/symmetric/all_gather.h
Added fault injection to /work1/lmeadows/rccl-work/rccl-fakes/projects/rccl/build/release/hipify/src/device/symmetric/all_gather.h
[591/4366] Hipifying src/device/symmetric/reduce_scatter.cuh -> /work1/lmeadows/rccl-work/rccl-fakes/projects/rccl/build/release/hipify/src/device/symmetric/reduce_scatter.h
Added fault injection to /work1/lmeadows/rccl-work/rccl-fakes/projects/rccl/build/release/hipify/src/device/symmetric/reduce_scatter.h
[592/4366] Hipifying src/device/tdm/asyncCopy.h -> /work1/lmeadows/rccl-work/rccl-fakes/projects/rccl/build/release/hipify/src/device/tdm/asyncCopy.h
Added fault injection to /work1/lmeadows/rccl-work/rccl-fakes/projects/rccl/build/release/hipify/src/device/tdm/asyncCopy.h
[593/4366] Hipifying src/device/tdm/syncPolicy.h -> /work1/lmeadows/rccl-work/rccl-fakes/projects/rccl/build/release/hipify/src/device/tdm/syncPolicy.h
Added fault injection to /work1/lmeadows/rccl-work/rccl-fakes/projects/rccl/build/release/hipify/src/device/tdm/syncPolicy.h
[594/4366] Hipifying src/device/reduce_kernel.h -> /work1/lmeadows/rccl-work/rccl-fakes/projects/rccl/build/release/hipify/src/device/reduce_kernel.h
Added fault injection to /work1/lmeadows/rccl-work/rccl-fakes/projects/rccl/build/release/hipify/src/device/reduce_kernel.h
[595/4366] Hipifying src/device/symmetric/gin_scratch.h -> /work1/lmeadows/rccl-work/rccl-fakes/projects/rccl/build/release/hipify/src/device/symmetric/gin_scratch.h
Added fault injection to /work1/lmeadows/rccl-work/rccl-fakes/projects/rccl/build/release/hipify/src/device/symmetric/gin_scratch.h
[596/4366] Hipifying src/device/network/unpack/unpack_defs.h -> /work1/lmeadows/rccl-work/rccl-fakes/projects/rccl/build/release/hipify/src/device/network/unpack/unpack_defs.h
Added fault injection to /work1/lmeadows/rccl-work/rccl-fakes/projects/rccl/build/release/hipify/src/device/network/unpack/unpack_defs.h
[597/4366] Hipifying src/tuning/ce_model.cc -> /work1/lmeadows/rccl-work/rccl-fakes/projects/rccl/build/release/hipify/src/tuning/ce_model.cc
[598/4366] Hipifying src/device/alltoall_pivot.h -> /work1/lmeadows/rccl-work/rccl-fakes/projects/rccl/build/release/hipify/src/device/alltoall_pivot.h
Added fault injection to /work1/lmeadows/rccl-work/rccl-fakes/projects/rccl/build/release/hipify/src/device/alltoall_pivot.h
[599/4366] Hipifying src/device/common_kernel.h -> /work1/lmeadows/rccl-work/rccl-fakes/projects/rccl/build/release/hipify/src/device/common_kernel.h
Added fault injection to /work1/lmeadows/rccl-work/rccl-fakes/projects/rccl/build/release/hipify/src/device/common_kernel.h
[600/4366] Hipifying src/transport/net.cc -> /work1/lmeadows/rccl-work/rccl-fakes/projects/rccl/build/release/hipify/src/transport/net_tmp.cc
[601/4366] Hipifying src/device/network/unpack/unpack.h -> /work1/lmeadows/rccl-work/rccl-fakes/projects/rccl/build/release/hipify/src/device/network/unpack/unpack.h
Added fault injection to /work1/lmeadows/rccl-work/rccl-fakes/projects/rccl/build/release/hipify/src/device/network/unpack/unpack.h
[602/4366] Hipifying src/device/tdm/cachePolicy.h -> /work1/lmeadows/rccl-work/rccl-fakes/projects/rccl/build/release/hipify/src/device/tdm/cachePolicy.h
Added fault injection to /work1/lmeadows/rccl-work/rccl-fakes/projects/rccl/build/release/hipify/src/device/tdm/cachePolicy.h
[603/4366] Hipifying src/device/symmetric/all_reduce.cuh -> /work1/lmeadows/rccl-work/rccl-fakes/projects/rccl/build/release/hipify/src/device/symmetric/all_reduce.h
Added fault injection to /work1/lmeadows/rccl-work/rccl-fakes/projects/rccl/build/release/hipify/src/device/symmetric/all_reduce.h
[604/4366] Hipifying src/device/common.h -> /work1/lmeadows/rccl-work/rccl-fakes/projects/rccl/build/release/hipify/src/device/common.h
Added fault injection to /work1/lmeadows/rccl-work/rccl-fakes/projects/rccl/build/release/hipify/src/device/common.h
[605/4366] Hipifying src/device/rccl_metadata.h -> /work1/lmeadows/rccl-work/rccl-fakes/projects/rccl/build/release/hipify/src/device/rccl_metadata.h
Added fault injection to /work1/lmeadows/rccl-work/rccl-fakes/projects/rccl/build/release/hipify/src/device/rccl_metadata.h
[606/4366] Hipifying src/device/reduce_scatter.h -> /work1/lmeadows/rccl-work/rccl-fakes/projects/rccl/build/release/hipify/src/device/reduce_scatter.h
Added fault injection to /work1/lmeadows/rccl-work/rccl-fakes/projects/rccl/build/release/hipify/src/device/reduce_scatter.h
[607/4366] Hipifying src/device/symmetric/reduce_scatter_gin.cuh -> /work1/lmeadows/rccl-work/rccl-fakes/projects/rccl/build/release/hipify/src/device/symmetric/reduce_scatter_gin.h
Added fault injection to /work1/lmeadows/rccl-work/rccl-fakes/projects/rccl/build/release/hipify/src/device/symmetric/reduce_scatter_gin.h
[608/4366] Hipifying src/device/symmetric/data_ops.cuh -> /work1/lmeadows/rccl-work/rccl-fakes/projects/rccl/build/release/hipify/src/device/symmetric/data_ops.h
Added fault injection to /work1/lmeadows/rccl-work/rccl-fakes/projects/rccl/build/release/hipify/src/device/symmetric/data_ops.h
[609/4366] Hipifying src/device/all_gather_v.h -> /work1/lmeadows/rccl-work/rccl-fakes/projects/rccl/build/release/hipify/src/device/all_gather_v.h
Added fault injection to /work1/lmeadows/rccl-work/rccl-fakes/projects/rccl/build/release/hipify/src/device/all_gather_v.h
[610/4366] Hipifying src/device/hierarchical_shuffle.h -> /work1/lmeadows/rccl-work/rccl-fakes/projects/rccl/build/release/hipify/src/device/hierarchical_shuffle.h
Added fault injection to /work1/lmeadows/rccl-work/rccl-fakes/projects/rccl/build/release/hipify/src/device/hierarchical_shuffle.h
[611/4366] Hipifying src/device/tdm/tdmCopy.h -> /work1/lmeadows/rccl-work/rccl-fakes/projects/rccl/build/release/hipify/src/device/tdm/tdmCopy.h
Added fault injection to /work1/lmeadows/rccl-work/rccl-fakes/projects/rccl/build/release/hipify/src/device/tdm/tdmCopy.h
[612/4366] Hipifying src/device/reduce.h -> /work1/lmeadows/rccl-work/rccl-fakes/projects/rccl/build/release/hipify/src/device/reduce.h
Added fault injection to /work1/lmeadows/rccl-work/rccl-fakes/projects/rccl/build/release/hipify/src/device/reduce.h
[613/4366] Hipifying src/device/prims_simple.h -> /work1/lmeadows/rccl-work/rccl-fakes/projects/rccl/build/release/hipify/src/device/prims_simple.h
Added fault injection to /work1/lmeadows/rccl-work/rccl-fakes/projects/rccl/build/release/hipify/src/device/prims_simple.h
[614/4366] Hipifying src/device/symmetric/kernel.cuh -> /work1/lmeadows/rccl-work/rccl-fakes/projects/rccl/build/release/hipify/src/device/symmetric/kernel.h
Added fault injection to /work1/lmeadows/rccl-work/rccl-fakes/projects/rccl/build/release/hipify/src/device/symmetric/kernel.h
[615/4366] Hipifying src/device/prims_ll128.h -> /work1/lmeadows/rccl-work/rccl-fakes/projects/rccl/build/release/hipify/src/device/prims_ll128.h
Added fault injection to /work1/lmeadows/rccl-work/rccl-fakes/projects/rccl/build/release/hipify/src/device/prims_ll128.h
[616/4366] Building CXX object test/CMakeFiles/rccl-UnitTestsNetTelemetry.dir/net_telemetry_test.cpp.o
[617/4366] Hipifying src/device/symmetric/primitives.cuh -> /work1/lmeadows/rccl-work/rccl-fakes/projects/rccl/build/release/hipify/src/device/symmetric/primitives.h
Added fault injection to /work1/lmeadows/rccl-work/rccl-fakes/projects/rccl/build/release/hipify/src/device/symmetric/primitives.h
[618/4366] Hipifying src/device/prims_ll.h -> /work1/lmeadows/rccl-work/rccl-fakes/projects/rccl/build/release/hipify/src/device/prims_ll.h
Added fault injection to /work1/lmeadows/rccl-work/rccl-fakes/projects/rccl/build/release/hipify/src/device/prims_ll.h
[619/4366] Staging nccl_device headers into include/
[620/4366] Linking CXX executable test/rccl-UnitTestsNetTelemetry
[621/4366] Building CXX object plugins/profiler/inspector/CMakeFiles/rccl-profiler-inspector.dir/inspector_prom.cc.o
/work1/lmeadows/rccl-work/rccl-fakes/projects/rccl/plugins/profiler/inspector/inspector_prom.cc:140:10: warning: variable 'unitSize' set but not used [-Wunused-but-set-variable]
  140 |   double unitSize = 1.0;
      |          ^
1 warning generated.
[622/4366] Building CXX object test/CMakeFiles/rccl-UnitTestsGinSdmaPolicy.dir/gin/gin_all_reduce_policy_test.cpp.o
[623/4366] Building CXX object test/CMakeFiles/rccl-UnitTestsGinSdmaPolicy.dir/gin/gin_sdma_policy_test.cpp.o
[624/4366] Building CXX object test/CMakeFiles/rccl-UnitTestsGinSdmaAllGatherPolicy.dir/gin/gin_sdma_allgather_policy_test.cpp.o
[625/4366] Building CXX object test/CMakeFiles/rccl-UnitTestsGinSdmaBroadcastPolicy.dir/gin/gin_sdma_broadcast_policy_test.cpp.o
[626/4366] Building RCCLDEV object src/CMakeFiles/rccl_device_gfx950.dir/__/hipify/gensrc/specialized/specialized_reducescatter_pat_ll128_prod_f8e4m3_0_0_2.o
[627/4366] Building RCCLDEV object src/CMakeFiles/rccl_device_gfx950.dir/__/hipify/gensrc/specialized/specialized_reducescatter_pat_ll128_sum_f8e4m3_0_0_2.o
[628/4366] Building RCCLDEV object src/CMakeFiles/rccl_device_gfx950.dir/__/hipify/gensrc/specialized/specialized_reducescatter_pat_ll128_prod_f8e5m2_0_0_2.o
[629/4366] Building RCCLDEV object src/CMakeFiles/rccl_device_gfx950.dir/__/hipify/gensrc/specialized/specialized_reducescatter_pat_ll128_sum_f8e5m2_0_0_2.o
[630/4366] Building RCCLDEV object src/CMakeFiles/rccl_device_gfx950.dir/__/hipify/gensrc/specialized/specialized_reducescatter_pat_ll128_minmax_f8e4m3_0_0_2.o
[631/4366] Building RCCLDEV object src/CMakeFiles/rccl_device_gfx950.dir/__/hipify/gensrc/specialized/specialized_reducescatter_pat_ll_premulsum_f8e4m3_0_0_2.o
[632/4366] Building RCCLDEV object src/CMakeFiles/rccl_device_gfx950.dir/__/hipify/gensrc/specialized/specialized_reducescatter_pat_ll_sum_f8e5m2_0_0_2.o
[633/4366] Building RCCLDEV object src/CMakeFiles/rccl_device_gfx950.dir/__/hipify/gensrc/specialized/specialized_reducescatter_pat_ll_sum_f8e5m2_0_0_4.o
[634/4366] Building RCCLDEV object src/CMakeFiles/rccl_device_gfx950.dir/__/hipify/gensrc/specialized/specialized_reducescatter_pat_ll_sum_f8e4m3_0_0_2.o
[635/4366] Building RCCLDEV object src/CMakeFiles/rccl_device_gfx950.dir/__/hipify/gensrc/specialized/specialized_reducescatter_pat_ll_prod_f8e5m2_0_0_2.o
[636/4366] Building RCCLDEV object src/CMakeFiles/rccl_device_gfx950.dir/__/hipify/gensrc/specialized/specialized_reducescatter_pat_ll_premulsum_f8e5m2_0_0_4.o
[637/4366] Building RCCLDEV object src/CMakeFiles/rccl_device_gfx950.dir/__/hipify/gensrc/specialized/specialized_reducescatter_pat_ll_prod_f8e4m3_0_0_1.o
[638/4366] Building RCCLDEV object src/CMakeFiles/rccl_device_gfx950.dir/__/hipify/gensrc/specialized/specialized_reducescatter_pat_ll_minmax_f8e5m2_0_0_4.o
[639/4366] Building RCCLDEV object src/CMakeFiles/rccl_device_gfx950.dir/__/hipify/gensrc/specialized/specialized_reducescatter_pat_ll_prod_f8e4m3_0_0_2.o
[640/4366] Building RCCLDEV object src/CMakeFiles/rccl_device_gfx950.dir/__/hipify/gensrc/specialized/specialized_reducescatter_pat_ll_sum_f8e5m2_0_0_1.o
[641/4366] Building RCCLDEV object src/CMakeFiles/rccl_device_gfx950.dir/__/hipify/gensrc/specialized/specialized_reducescatter_pat_ll_minmax_f8e4m3_0_0_1.o
[642/4366] Building RCCLDEV object src/CMakeFiles/rccl_device_gfx950.dir/__/hipify/gensrc/specialized/specialized_reducescatter_pat_ll_prod_f8e5m2_0_0_4.o
[643/4366] Building RCCLDEV object src/CMakeFiles/rccl_device_gfx950.dir/__/hipify/gensrc/specialized/specialized_reducescatter_pat_ll_minmax_f8e4m3_0_0_4.o
[644/4366] Building RCCLDEV object src/CMakeFiles/rccl_device_gfx950.dir/__/hipify/gensrc/specialized/specialized_reducescatter_pat_ll_prod_f8e4m3_0_0_4.o
[645/4366] Building RCCLDEV object src/CMakeFiles/rccl_device_gfx950.dir/__/hipify/gensrc/specialized/specialized_reducescatter_pat_ll_premulsum_f8e5m2_0_0_2.o
[646/4366] Building RCCLDEV object src/CMakeFiles/rccl_device_gfx950.dir/__/hipify/gensrc/specialized/specialized_reducescatter_pat_ll_sum_f8e4m3_0_0_1.o
[647/4366] Building RCCLDEV object src/CMakeFiles/rccl_device_gfx950.dir/__/hipify/gensrc/specialized/specialized_reducescatter_pat_ll_minmax_f8e4m3_0_0_2.o
[648/4366] Building RCCLDEV object src/CMakeFiles/rccl_device_gfx950.dir/__/hipify/gensrc/specialized/specialized_reducescatter_pat_ll_sum_f8e4m3_0_0_4.o
[649/4366] Building RCCLDEV object src/CMakeFiles/rccl_device_gfx950.dir/__/hipify/gensrc/specialized/specialized_reducescatter_pat_ll_premulsum_f8e4m3_0_0_4.o
[650/4366] Building RCCLDEV object src/CMakeFiles/rccl_device_gfx950.dir/__/hipify/gensrc/specialized/specialized_reducescatter_pat_ll_prod_f8e5m2_0_0_1.o
[651/4366] Building RCCLDEV object src/CMakeFiles/rccl_device_gfx950.dir/__/hipify/gensrc/specialized/specialized_reducescatter_pat_ll_premulsum_f8e5m2_0_0_1.o
[652/4366] Building RCCLDEV object src/CMakeFiles/rccl_device_gfx950.dir/__/hipify/gensrc/specialized/specialized_reducescatter_pat_ll_premulsum_f8e4m3_0_0_1.o
[653/4366] Building RCCLDEV object src/CMakeFiles/rccl_device_gfx950.dir/__/hipify/gensrc/specialized/specialized_reducescatter_pat_ll_minmax_f8e5m2_0_0_2.o
[654/4366] Building RCCLDEV object src/CMakeFiles/rccl_device_gfx950.dir/__/hipify/gensrc/specialized/specialized_reducescatter_pat_ll_minmax_f8e5m2_0_0_1.o
[655/4366] Building RCCLDEV object src/CMakeFiles/rccl_device_gfx950.dir/__/hipify/gensrc/specialized/specialized_reduce_ring_ll_sum_f8e4m3_0_0_2.o
[656/4366] Building RCCLDEV object src/CMakeFiles/rccl_device_gfx950.dir/__/hipify/gensrc/specialized/specialized_reduce_ring_ll_prod_f8e4m3_0_0_4.o
[657/4366] Building RCCLDEV object src/CMakeFiles/rccl_device_gfx950.dir/__/hipify/gensrc/specialized/specialized_reducescatter_ring_ll_sum_f8e5m2_0_0_2.o
[658/4366] Building RCCLDEV object src/CMakeFiles/rccl_device_gfx950.dir/__/hipify/gensrc/specialized/specialized_reducescatter_ring_ll_prod_f8e4m3_0_0_4.o
[659/4366] Building RCCLDEV object src/CMakeFiles/rccl_device_gfx950.dir/__/hipify/gensrc/specialized/specialized_reduce_ring_ll_sum_f8e5m2_0_0_4.o
[660/4366] Building RCCLDEV object src/CMakeFiles/rccl_device_gfx950.dir/__/hipify/gensrc/specialized/specialized_reduce_ring_ll_sum_f8e5m2_0_0_2.o
[661/4366] Building RCCLDEV object src/CMakeFiles/rccl_device_gfx950.dir/__/hipify/gensrc/specialized/specialized_reduce_ring_ll_sum_f8e4m3_0_0_4.o
[662/4366] Building RCCLDEV object src/CMakeFiles/rccl_device_gfx950.dir/__/hipify/gensrc/specialized/specialized_reducescatter_ring_ll_sum_f8e5m2_0_0_4.o
[663/4366] Building RCCLDEV object src/CMakeFiles/rccl_device_gfx950.dir/__/hipify/gensrc/specialized/specialized_reducescatter_ring_ll_sum_f8e4m3_0_0_4.o
[664/4366] Building RCCLDEV object src/CMakeFiles/rccl_device_gfx950.dir/__/hipify/gensrc/specialized/specialized_reducescatter_ring_ll_prod_f8e5m2_0_0_4.o
[665/4366] Building RCCLDEV object src/CMakeFiles/rccl_device_gfx950.dir/__/hipify/gensrc/specialized/specialized_reduce_ring_ll_prod_f8e5m2_0_0_4.o
[666/4366] Building RCCLDEV object src/CMakeFiles/rccl_device_gfx950.dir/__/hipify/gensrc/specialized/specialized_reduce_ring_ll_minmax_f8e5m2_0_0_1.o
[667/4366] Building RCCLDEV object src/CMakeFiles/rccl_device_gfx950.dir/__/hipify/gensrc/specialized/specialized_reducescatter_ring_ll_sum_f8e4m3_0_0_2.o
[668/4366] Building RCCLDEV object src/CMakeFiles/rccl_device_gfx950.dir/__/hipify/gensrc/specialized/specialized_reduce_ring_ll_prod_f8e4m3_0_0_2.o
[669/4366] Building RCCLDEV object src/CMakeFiles/rccl_device_gfx950.dir/__/hipify/gensrc/specialized/specialized_reducescatter_ring_ll_sum_f8e4m3_0_0_1.o
[670/4366] Building RCCLDEV object src/CMakeFiles/rccl_device_gfx950.dir/__/hipify/gensrc/specialized/specialized_reduce_ring_ll_sum_f8e5m2_0_0_1.o
[671/4366] Building RCCLDEV object src/CMakeFiles/rccl_device_gfx950.dir/__/hipify/gensrc/specialized/specialized_reducescatter_ring_ll_prod_f8e5m2_0_0_1.o
[672/4366] Building RCCLDEV object src/CMakeFiles/rccl_device_gfx950.dir/__/hipify/gensrc/specialized/specialized_reduce_ring_ll_prod_f8e5m2_0_0_2.o
[673/4366] Building RCCLDEV object src/CMakeFiles/rccl_device_gfx950.dir/__/hipify/gensrc/specialized/specialized_reducescatter_ring_ll_sum_f8e5m2_0_0_1.o
[674/4366] Building RCCLDEV object src/CMakeFiles/rccl_device_gfx950.dir/__/hipify/gensrc/specialized/specialized_reduce_ring_ll_sum_f8e4m3_0_0_1.o
[675/4366] Building RCCLDEV object src/CMakeFiles/rccl_device_gfx950.dir/__/hipify/gensrc/specialized/specialized_reducescatter_ring_ll_premulsum_f8e4m3_0_0_1.o
[676/4366] Building RCCLDEV object src/CMakeFiles/rccl_device_gfx950.dir/__/hipify/gensrc/specialized/specialized_reduce_ring_ll_prod_f8e4m3_0_0_1.o
[677/4366] Building RCCLDEV object src/CMakeFiles/rccl_device_gfx950.dir/__/hipify/gensrc/specialized/specialized_reducescatter_ring_ll_minmax_f8e5m2_0_0_4.o
[678/4366] Building RCCLDEV object src/CMakeFiles/rccl_device_gfx950.dir/__/hipify/gensrc/specialized/specialized_reduce_ring_ll_premulsum_f8e4m3_0_0_1.o
[679/4366] Building RCCLDEV object src/CMakeFiles/rccl_device_gfx950.dir/__/hipify/gensrc/specialized/specialized_reducescatter_ring_ll_prod_f8e5m2_0_0_2.o
[680/4366] Building RCCLDEV object src/CMakeFiles/rccl_device_gfx950.dir/__/hipify/gensrc/specialized/specialized_reducescatter_ring_ll_prod_f8e4m3_0_0_1.o
[681/4366] Building RCCLDEV object src/CMakeFiles/rccl_device_gfx950.dir/__/hipify/gensrc/specialized/specialized_reducescatter_ring_ll_prod_f8e4m3_0_0_2.o
[682/4366] Building RCCLDEV object src/CMakeFiles/rccl_device_gfx950.dir/__/hipify/gensrc/specialized/specialized_reduce_ring_ll_premulsum_f8e5m2_0_0_4.o
[683/4366] Building RCCLDEV object src/CMakeFiles/rccl_device_gfx950.dir/__/hipify/gensrc/specialized/specialized_reduce_ring_ll_prod_f8e5m2_0_0_1.o
[684/4366] Building RCCLDEV object src/CMakeFiles/rccl_device_gfx950.dir/__/hipify/gensrc/specialized/specialized_reduce_ring_ll_minmax_f8e4m3_0_0_4.o
[685/4366] Building RCCLDEV object src/CMakeFiles/rccl_device_gfx950.dir/__/hipify/gensrc/specialized/specialized_reducescatter_ring_ll_premulsum_f8e4m3_0_0_4.o
[686/4366] Building RCCLDEV object src/CMakeFiles/rccl_device_gfx950.dir/__/hipify/gensrc/specialized/specialized_reduce_ring_ll_premulsum_f8e5m2_0_0_2.o
[687/4366] Building RCCLDEV object src/CMakeFiles/rccl_device_gfx950.dir/__/hipify/gensrc/specialized/specialized_reducescatter_ring_ll_minmax_f8e4m3_0_0_4.o
[688/4366] Building RCCLDEV object src/CMakeFiles/rccl_device_gfx950.dir/__/hipify/gensrc/specialized/specialized_reduce_ring_ll_premulsum_f8e4m3_0_0_4.o
[689/4366] Building RCCLDEV object src/CMakeFiles/rccl_device_gfx950.dir/__/hipify/gensrc/specialized/specialized_reduce_ring_ll_minmax_f8e4m3_0_0_2.o
[690/4366] Building RCCLDEV object src/CMakeFiles/rccl_device_gfx950.dir/__/hipify/gensrc/specialized/specialized_reduce_ring_ll_minmax_f8e5m2_0_0_4.o
[691/4366] Building RCCLDEV object src/CMakeFiles/rccl_device_gfx950.dir/__/hipify/gensrc/specialized/specialized_reducescatter_ring_ll_minmax_f8e4m3_0_0_2.o
[692/4366] Building RCCLDEV object src/CMakeFiles/rccl_device_gfx950.dir/__/hipify/gensrc/specialized/specialized_reducescatter_ring_ll_premulsum_f8e5m2_0_0_2.o
[693/4366] Building RCCLDEV object src/CMakeFiles/rccl_device_gfx950.dir/__/hipify/gensrc/specialized/specialized_reducescatter_ring_ll_premulsum_f8e5m2_0_0_4.o
[694/4366] Building RCCLDEV object src/CMakeFiles/rccl_device_gfx950.dir/__/hipify/gensrc/specialized/specialized_reduce_ring_ll_premulsum_f8e4m3_0_0_2.o
[695/4366] Building RCCLDEV object src/CMakeFiles/rccl_device_gfx950.dir/__/hipify/gensrc/specialized/specialized_reducescatter_ring_ll_minmax_f8e5m2_0_0_2.o
[696/4366] Building RCCLDEV object src/CMakeFiles/rccl_device_gfx950.dir/__/hipify/gensrc/specialized/specialized_reducescatter_ring_ll_minmax_f8e4m3_0_0_1.o
[697/4366] Building RCCLDEV object src/CMakeFiles/rccl_device_gfx950.dir/__/hipify/gensrc/specialized/specialized_reduce_ring_ll_minmax_f8e4m3_0_0_1.o
[698/4366] Building RCCLDEV object src/CMakeFiles/rccl_device_gfx950.dir/__/hipify/gensrc/specialized/specialized_reduce_ring_ll_premulsum_f8e5m2_0_0_1.o
[699/4366] Building RCCLDEV object src/CMakeFiles/rccl_device_gfx950.dir/__/hipify/gensrc/specialized/specialized_reducescatter_ring_ll_premulsum_f8e5m2_0_0_1.o
[700/4366] Building RCCLDEV object src/CMakeFiles/rccl_device_gfx950.dir/__/hipify/gensrc/specialized/specialized_reducescatter_ring_ll_premulsum_f8e4m3_0_0_2.o
[701/4366] Building RCCLDEV object src/CMakeFiles/rccl_device_gfx950.dir/__/hipify/gensrc/specialized/specialized_reduce_ring_ll_minmax_f8e5m2_0_0_2.o
[702/4366] Building RCCLDEV object src/CMakeFiles/rccl_device_gfx950.dir/__/hipify/gensrc/specialized/specialized_reducescatter_ring_ll_minmax_f8e5m2_0_0_1.o
[703/4366] Building RCCLDEV object src/CMakeFiles/rccl_device_gfx950.dir/__/hipify/gensrc/specialized/specialized_allreduce_ring_ll_sum_f8e4m3_1_0_2.o
[704/4366] Building RCCLDEV object src/CMakeFiles/rccl_device_gfx950.dir/__/hipify/gensrc/specialized/specialized_allreduce_ring_ll_sum_f8e4m3_0_0_4.o
[705/4366] Building RCCLDEV object src/CMakeFiles/rccl_device_gfx950.dir/__/hipify/gensrc/specialized/specialized_allreduce_ring_ll_prod_f8e5m2_0_0_2.o
[706/4366] Building RCCLDEV object src/CMakeFiles/rccl_device_gfx950.dir/__/hipify/gensrc/specialized/specialized_allreduce_ring_ll_sum_f8e5m2_0_0_2.o
[707/4366] Building RCCLDEV object src/CMakeFiles/rccl_device_gfx950.dir/__/hipify/gensrc/specialized/specialized_allreduce_ring_ll_prod_f8e5m2_0_0_4.o
[708/4366] Building RCCLDEV object src/CMakeFiles/rccl_device_gfx950.dir/__/hipify/gensrc/specialized/specialized_allreduce_ring_ll_prod_f8e5m2_0_0_1.o
[709/4366] Building RCCLDEV object src/CMakeFiles/rccl_device_gfx950.dir/__/hipify/gensrc/specialized/specialized_allreduce_ring_ll_prod_f8e4m3_0_0_4.o
[710/4366] Building RCCLDEV object src/CMakeFiles/rccl_device_gfx950.dir/__/hipify/gensrc/specialized/specialized_allreduce_ring_ll_sum_f8e5m2_0_0_4.o
[711/4366] Building RCCLDEV object src/CMakeFiles/rccl_device_gfx950.dir/__/hipify/gensrc/specialized/specialized_allreduce_ring_ll_sum_f8e4m3_0_0_2.o
[712/4366] Building RCCLDEV object src/CMakeFiles/rccl_device_gfx950.dir/__/hipify/gensrc/specialized/specialized_allreduce_ring_ll_premulsum_f8e5m2_0_0_4.o
[713/4366] Building RCCLDEV object src/CMakeFiles/rccl_device_gfx950.dir/__/hipify/gensrc/specialized/specialized_allreduce_ring_ll_sum_f8e4m3_0_0_1.o
[714/4366] Building RCCLDEV object src/CMakeFiles/rccl_device_gfx950.dir/__/hipify/gensrc/specialized/specialized_allreduce_ring_ll_sum_f8e5m2_0_0_1.o
[715/4366] Building RCCLDEV object src/CMakeFiles/rccl_device_gfx950.dir/__/hipify/gensrc/specialized/specialized_allreduce_ring_ll_prod_f8e4m3_0_0_1.o
[716/4366] Building RCCLDEV object src/CMakeFiles/rccl_device_gfx950.dir/__/hipify/gensrc/specialized/specialized_allreduce_ring_ll_prod_f8e4m3_0_0_2.o
[717/4366] Building RCCLDEV object src/CMakeFiles/rccl_device_gfx950.dir/__/hipify/gensrc/specialized/specialized_allreduce_ring_ll_sum_f8e4m3_1_0_4.o
[718/4366] Building RCCLDEV object src/CMakeFiles/rccl_device_gfx950.dir/__/hipify/gensrc/specialized/specialized_allreduce_ring_ll_minmax_f8e4m3_0_0_4.o
[719/4366] Building RCCLDEV object src/CMakeFiles/rccl_device_gfx950.dir/__/hipify/gensrc/specialized/specialized_allreduce_ring_ll_premulsum_f8e4m3_0_0_2.o
[720/4366] Building RCCLDEV object src/CMakeFiles/rccl_device_gfx950.dir/__/hipify/gensrc/specialized/specialized_allreduce_ring_ll_minmax_f8e5m2_0_0_4.o
[721/4366] Building RCCLDEV object src/CMakeFiles/rccl_device_gfx950.dir/__/hipify/gensrc/specialized/specialized_allreduce_ring_ll_sum_f8e5m2_1_0_4.o
[722/4366] Building RCCLDEV object src/CMakeFiles/rccl_device_gfx950.dir/__/hipify/gensrc/specialized/specialized_allreduce_ring_ll_premulsum_f8e4m3_0_0_4.o
[723/4366] Building RCCLDEV object src/CMakeFiles/rccl_device_gfx950.dir/__/hipify/gensrc/specialized/specialized_allreduce_ring_ll_minmax_f8e4m3_0_0_2.o
[724/4366] Building RCCLDEV object src/CMakeFiles/rccl_device_gfx950.dir/__/hipify/gensrc/specialized/specialized_allreduce_ring_ll_minmax_f8e5m2_0_0_2.o
[725/4366] Building RCCLDEV object src/CMakeFiles/rccl_device_gfx950.dir/__/hipify/gensrc/specialized/specialized_allreduce_ring_ll_minmax_f8e4m3_0_0_1.o
[726/4366] Building RCCLDEV object src/CMakeFiles/rccl_device_gfx950.dir/__/hipify/gensrc/specialized/specialized_allreduce_ring_ll_minmax_f8e5m2_0_0_1.o
[727/4366] Building RCCLDEV object src/CMakeFiles/rccl_device_gfx950.dir/__/hipify/gensrc/specialized/specialized_allreduce_ring_ll_premulsum_f8e5m2_0_0_2.o
[728/4366] Building RCCLDEV object src/CMakeFiles/rccl_device_gfx950.dir/__/hipify/gensrc/specialized/specialized_allreduce_ring_ll_premulsum_f8e4m3_0_0_1.o
[729/4366] Building RCCLDEV object src/CMakeFiles/rccl_device_gfx950.dir/__/hipify/gensrc/specialized/specialized_allreduce_tree_ll_sum_f8e5m2_0_0_4.o
[730/4366] Building RCCLDEV object src/CMakeFiles/rccl_device_gfx950.dir/__/hipify/gensrc/specialized/specialized_allreduce_ring_ll_prod_f8e4m3_1_0_4.o
[731/4366] Building RCCLDEV object src/CMakeFiles/rccl_device_gfx950.dir/__/hipify/gensrc/specialized/specialized_allreduce_ring_ll_sum_f8e5m2_1_0_1.o
[732/4366] Building RCCLDEV object src/CMakeFiles/rccl_device_gfx950.dir/__/hipify/gensrc/specialized/specialized_allreduce_ring_ll_premulsum_f8e5m2_0_0_1.o
[733/4366] Building RCCLDEV object src/CMakeFiles/rccl_device_gfx950.dir/__/hipify/gensrc/specialized/specialized_allreduce_tree_ll_sum_f8e5m2_0_0_2.o
[734/4366] Building RCCLDEV object src/CMakeFiles/rccl_device_gfx950.dir/__/hipify/gensrc/specialized/specialized_allreduce_ring_ll_sum_f8e5m2_1_0_2.o
[735/4366] Building RCCLDEV object src/CMakeFiles/rccl_device_gfx950.dir/__/hipify/gensrc/specialized/specialized_allreduce_ring_ll_sum_f8e4m3_1_0_1.o
[736/4366] Building RCCLDEV object src/CMakeFiles/rccl_device_gfx950.dir/__/hipify/gensrc/specialized/specialized_allreduce_ring_ll_premulsum_f8e5m2_1_0_1.o
[737/4366] Building RCCLDEV object src/CMakeFiles/rccl_device_gfx950.dir/__/hipify/gensrc/specialized/specialized_allreduce_ring_ll_premulsum_f8e4m3_1_0_4.o
[738/4366] Building RCCLDEV object src/CMakeFiles/rccl_device_gfx950.dir/__/hipify/gensrc/specialized/specialized_allreduce_tree_ll_prod_f8e4m3_0_0_4.o
[739/4366] Building RCCLDEV object src/CMakeFiles/rccl_device_gfx950.dir/__/hipify/gensrc/specialized/specialized_allreduce_ring_ll_prod_f8e4m3_1_0_1.o
[740/4366] Building RCCLDEV object src/CMakeFiles/rccl_device_gfx950.dir/__/hipify/gensrc/specialized/specialized_allreduce_tree_ll_sum_f8e4m3_0_0_4.o
[741/4366] Building RCCLDEV object src/CMakeFiles/rccl_device_gfx950.dir/__/hipify/gensrc/specialized/specialized_allreduce_ring_ll_prod_f8e5m2_1_0_4.o
[742/4366] Building RCCLDEV object src/CMakeFiles/rccl_device_gfx950.dir/__/hipify/gensrc/specialized/specialized_reduce_ring_ll128_sum_f8e5m2_0_0_2.o
[743/4366] Building RCCLDEV object src/CMakeFiles/rccl_device_gfx950.dir/__/hipify/gensrc/specialized/specialized_allreduce_tree_ll_sum_f8e4m3_0_0_2.o
[744/4366] Building RCCLDEV object src/CMakeFiles/rccl_device_gfx950.dir/__/hipify/gensrc/specialized/specialized_allreduce_ring_ll_prod_f8e5m2_1_0_2.o
[745/4366] Building RCCLDEV object src/CMakeFiles/rccl_device_gfx950.dir/__/hipify/gensrc/specialized/specialized_allreduce_tree_ll_sum_f8e4m3_0_0_1.o
[746/4366] Building RCCLDEV object src/CMakeFiles/rccl_device_gfx950.dir/__/hipify/gensrc/specialized/specialized_allreduce_tree_ll_premulsum_f8e4m3_0_0_1.o
[747/4366] Building RCCLDEV object src/CMakeFiles/rccl_device_gfx950.dir/__/hipify/gensrc/specialized/specialized_allreduce_ring_ll_premulsum_f8e5m2_1_0_4.o
[748/4366] Building RCCLDEV object src/CMakeFiles/rccl_device_gfx950.dir/__/hipify/gensrc/specialized/specialized_allreduce_tree_ll_sum_f8e5m2_0_0_1.o
[749/4366] Building RCCLDEV object src/CMakeFiles/rccl_device_gfx950.dir/__/hipify/gensrc/specialized/specialized_allreduce_ring_ll_prod_f8e5m2_1_0_1.o
[750/4366] Building RCCLDEV object src/CMakeFiles/rccl_device_gfx950.dir/__/hipify/gensrc/specialized/specialized_reducescatter_ring_ll128_sum_f8e5m2_0_0_4.o
[751/4366] Building RCCLDEV object src/CMakeFiles/rccl_device_gfx950.dir/__/hipify/gensrc/specialized/specialized_allreduce_ring_ll_premulsum_f8e4m3_1_0_2.o
[752/4366] Building RCCLDEV object src/CMakeFiles/rccl_device_gfx950.dir/__/hipify/gensrc/specialized/specialized_reducescatter_ring_ll128_sum_f8e4m3_0_0_4.o
[753/4366] Building RCCLDEV object src/CMakeFiles/rccl_device_gfx950.dir/__/hipify/gensrc/specialized/specialized_reduce_ring_ll128_sum_f8e5m2_0_0_4.o
[754/4366] Building RCCLDEV object src/CMakeFiles/rccl_device_gfx950.dir/__/hipify/gensrc/specialized/specialized_reduce_ring_ll128_sum_f8e4m3_0_0_4.o
[755/4366] Building RCCLDEV object src/CMakeFiles/rccl_device_gfx950.dir/__/hipify/gensrc/specialized/specialized_allreduce_ring_ll_prod_f8e4m3_1_0_2.o
[756/4366] Building RCCLDEV object src/CMakeFiles/rccl_device_gfx950.dir/__/hipify/gensrc/specialized/specialized_allreduce_ring_ll_premulsum_f8e4m3_1_0_1.o
[757/4366] Building RCCLDEV object src/CMakeFiles/rccl_device_gfx950.dir/__/hipify/gensrc/specialized/specialized_allreduce_tree_ll_prod_f8e5m2_0_0_2.o
[758/4366] Building RCCLDEV object src/CMakeFiles/rccl_device_gfx950.dir/__/hipify/gensrc/specialized/specialized_allreduce_ring_ll_premulsum_f8e5m2_1_0_2.o
[759/4366] Building RCCLDEV object src/CMakeFiles/rccl_device_gfx950.dir/__/hipify/gensrc/specialized/specialized_allreduce_tree_ll_sum_f8e5m2_1_0_1.o
[760/4366] Building RCCLDEV object src/CMakeFiles/rccl_device_gfx950.dir/__/hipify/gensrc/specialized/specialized_reduce_ring_ll128_sum_f8e4m3_0_0_2.o
[761/4366] Building RCCLDEV object src/CMakeFiles/rccl_device_gfx950.dir/__/hipify/gensrc/specialized/specialized_reducescatter_ring_ll128_sum_f8e5m2_0_0_2.o
[762/4366] Building RCCLDEV object src/CMakeFiles/rccl_device_gfx950.dir/__/hipify/gensrc/specialized/specialized_allreduce_tree_ll_premulsum_f8e4m3_0_0_2.o
[763/4366] Building RCCLDEV object src/CMakeFiles/rccl_device_gfx950.dir/__/hipify/gensrc/specialized/specialized_allreduce_tree_ll_prod_f8e5m2_0_0_1.o
[764/4366] Building RCCLDEV object src/CMakeFiles/rccl_device_gfx950.dir/__/hipify/gensrc/specialized/specialized_allreduce_tree_ll_prod_f8e4m3_0_0_2.o
[765/4366] Building RCCLDEV object src/CMakeFiles/rccl_device_gfx950.dir/__/hipify/gensrc/specialized/specialized_allreduce_tree_ll_sum_f8e5m2_1_0_2.o
[766/4366] Building RCCLDEV object src/CMakeFiles/rccl_device_gfx950.dir/__/hipify/gensrc/specialized/specialized_allreduce_tree_ll_premulsum_f8e5m2_0_0_4.o
[767/4366] Building RCCLDEV object src/CMakeFiles/rccl_device_gfx950.dir/__/hipify/gensrc/specialized/specialized_allreduce_tree_ll_prod_f8e4m3_0_0_1.o
[768/4366] Building RCCLDEV object src/CMakeFiles/rccl_device_gfx950.dir/__/hipify/gensrc/specialized/specialized_allreduce_tree_ll_prod_f8e5m2_0_0_4.o
[769/4366] Building RCCLDEV object src/CMakeFiles/rccl_device_gfx950.dir/__/hipify/gensrc/specialized/specialized_allreduce_tree_ll_premulsum_f8e5m2_0_0_1.o
[770/4366] Building RCCLDEV object src/CMakeFiles/rccl_device_gfx950.dir/__/hipify/gensrc/specialized/specialized_allreduce_tree_ll_sum_f8e4m3_1_0_4.o
[771/4366] Building RCCLDEV object src/CMakeFiles/rccl_device_gfx950.dir/__/hipify/gensrc/specialized/specialized_allreduce_tree_ll_premulsum_f8e5m2_0_0_2.o
[772/4366] Building RCCLDEV object src/CMakeFiles/rccl_device_gfx950.dir/__/hipify/gensrc/specialized/specialized_allreduce_tree_ll_sum_f8e4m3_1_0_2.o
[773/4366] Building RCCLDEV object src/CMakeFiles/rccl_device_gfx950.dir/__/hipify/gensrc/specialized/specialized_allreduce_tree_ll_sum_f8e5m2_1_0_4.o
[774/4366] Building RCCLDEV object src/CMakeFiles/rccl_device_gfx950.dir/__/hipify/gensrc/specialized/specialized_allreduce_tree_ll_premulsum_f8e4m3_0_0_4.o
[775/4366] Building RCCLDEV object src/CMakeFiles/rccl_device_gfx950.dir/__/hipify/gensrc/specialized/specialized_reducescatter_ring_ll128_sum_f8e4m3_0_0_2.o
[776/4366] Building RCCLDEV object src/CMakeFiles/rccl_device_gfx950.dir/__/hipify/gensrc/specialized/specialized_allreduce_tree_ll_minmax_f8e4m3_0_0_2.o
[777/4366] Building RCCLDEV object src/CMakeFiles/rccl_device_gfx950.dir/__/hipify/gensrc/specialized/specialized_allreduce_tree_ll_minmax_f8e5m2_0_0_2.o
[778/4366] Building RCCLDEV object src/CMakeFiles/rccl_device_gfx950.dir/__/hipify/gensrc/specialized/specialized_allreduce_tree_ll_minmax_f8e5m2_0_0_4.o
[779/4366] Building RCCLDEV object src/CMakeFiles/rccl_device_gfx950.dir/__/hipify/gensrc/specialized/specialized_allreduce_tree_ll_minmax_f8e4m3_0_0_1.o
[780/4366] Building RCCLDEV object src/CMakeFiles/rccl_device_gfx950.dir/__/hipify/gensrc/specialized/specialized_allreduce_ring_ll_minmax_f8e5m2_1_0_4.o
[781/4366] Building RCCLDEV object src/CMakeFiles/rccl_device_gfx950.dir/__/hipify/gensrc/specialized/specialized_allreduce_tree_ll_sum_f8e4m3_1_0_1.o
[782/4366] Building RCCLDEV object src/CMakeFiles/rccl_device_gfx950.dir/__/hipify/gensrc/specialized/specialized_allreduce_ring_ll_minmax_f8e4m3_1_0_4.o
[783/4366] Building RCCLDEV object src/CMakeFiles/rccl_device_gfx950.dir/__/hipify/gensrc/specialized/specialized_allreduce_ring_ll_minmax_f8e5m2_1_0_1.o
[784/4366] Building RCCLDEV object src/CMakeFiles/rccl_device_gfx950.dir/__/hipify/gensrc/specialized/specialized_allreduce_tree_ll_minmax_f8e4m3_0_0_4.o
[785/4366] Building RCCLDEV object src/CMakeFiles/rccl_device_gfx950.dir/__/hipify/gensrc/specialized/specialized_allreduce_tree_ll_prod_f8e4m3_1_0_4.o
[786/4366] Building RCCLDEV object src/CMakeFiles/rccl_device_gfx950.dir/__/hipify/gensrc/specialized/specialized_allreduce_ring_ll_minmax_f8e4m3_1_0_2.o
[787/4366] Building RCCLDEV object src/CMakeFiles/rccl_device_gfx950.dir/__/hipify/gensrc/specialized/specialized_allreduce_tree_ll_prod_f8e5m2_1_0_1.o
[788/4366] Building RCCLDEV object src/CMakeFiles/rccl_device_gfx950.dir/__/hipify/gensrc/specialized/specialized_allreduce_tree_ll_premulsum_f8e5m2_1_0_4.o
[789/4366] Building RCCLDEV object src/CMakeFiles/rccl_device_gfx950.dir/__/hipify/gensrc/specialized/specialized_allreduce_tree_ll_premulsum_f8e4m3_1_0_4.o
[790/4366] Building RCCLDEV object src/CMakeFiles/rccl_device_gfx950.dir/__/hipify/gensrc/specialized/specialized_allreduce_ring_ll_minmax_f8e5m2_1_0_2.o
[791/4366] Building RCCLDEV object src/CMakeFiles/rccl_device_gfx950.dir/__/hipify/gensrc/specialized/specialized_allreduce_ring_ll_minmax_f8e4m3_1_0_1.o
[792/4366] Building RCCLDEV object src/CMakeFiles/rccl_device_gfx950.dir/__/hipify/gensrc/specialized/specialized_allreduce_tree_ll_prod_f8e4m3_1_0_1.o
[793/4366] Building RCCLDEV object src/CMakeFiles/rccl_device_gfx950.dir/__/hipify/gensrc/specialized/specialized_allreduce_tree_ll_premulsum_f8e4m3_1_0_2.o
[794/4366] Building RCCLDEV object src/CMakeFiles/rccl_device_gfx950.dir/__/hipify/gensrc/specialized/specialized_allreduce_tree_ll_premulsum_f8e5m2_1_0_2.o
[795/4366] Building RCCLDEV object src/CMakeFiles/rccl_device_gfx950.dir/__/hipify/gensrc/specialized/specialized_allreduce_tree_ll_minmax_f8e5m2_0_0_1.o
[796/4366] Building RCCLDEV object src/CMakeFiles/rccl_device_gfx950.dir/__/hipify/gensrc/specialized/specialized_allreduce_tree_ll_premulsum_f8e5m2_1_0_1.o
[797/4366] Building RCCLDEV object src/CMakeFiles/rccl_device_gfx950.dir/__/hipify/gensrc/specialized/specialized_allreduce_tree_ll_prod_f8e5m2_1_0_4.o
[798/4366] Building RCCLDEV object src/CMakeFiles/rccl_device_gfx950.dir/__/hipify/gensrc/specialized/specialized_allreduce_tree_ll_prod_f8e5m2_1_0_2.o
[799/4366] Building RCCLDEV object src/CMakeFiles/rccl_device_gfx950.dir/__/hipify/gensrc/specialized/specialized_allreduce_tree_ll_premulsum_f8e4m3_1_0_1.o
[800/4366] Building RCCLDEV object src/CMakeFiles/rccl_device_gfx950.dir/__/hipify/gensrc/specialized/specialized_allreduce_tree_ll_prod_f8e4m3_1_0_2.o
[801/4366] Building RCCLDEV object src/CMakeFiles/rccl_device_gfx950.dir/__/hipify/gensrc/specialized/specialized_reduce_ring_ll128_prod_f8e5m2_0_0_4.o
[802/4366] Building RCCLDEV object src/CMakeFiles/rccl_device_gfx950.dir/__/hipify/gensrc/specialized/specialized_reducescatter_ring_ll128_prod_f8e5m2_0_0_2.o
[803/4366] Building RCCLDEV object src/CMakeFiles/rccl_device_gfx950.dir/__/hipify/gensrc/specialized/specialized_reduce_ring_ll128_prod_f8e4m3_0_0_4.o
[804/4366] Building RCCLDEV object src/CMakeFiles/rccl_device_gfx950.dir/__/hipify/gensrc/specialized/specialized_reducescatter_ring_ll128_prod_f8e5m2_0_0_4.o
[805/4366] Building RCCLDEV object src/CMakeFiles/rccl_device_gfx950.dir/__/hipify/gensrc/specialized/specialized_reducescatter_ring_ll128_prod_f8e4m3_0_0_4.o
[806/4366] Building RCCLDEV object src/CMakeFiles/rccl_device_gfx950.dir/__/hipify/gensrc/specialized/specialized_reducescatter_ring_ll128_prod_f8e4m3_0_0_2.o
[807/4366] Building RCCLDEV object src/CMakeFiles/rccl_device_gfx950.dir/__/hipify/gensrc/specialized/specialized_allreduce_tree_ll_minmax_f8e5m2_1_0_4.o
[808/4366] Building RCCLDEV object src/CMakeFiles/rccl_device_gfx950.dir/__/hipify/gensrc/specialized/specialized_reduce_ring_ll128_prod_f8e4m3_0_0_2.o
[809/4366] Building RCCLDEV object src/CMakeFiles/rccl_device_gfx950.dir/__/hipify/gensrc/specialized/specialized_allreduce_tree_ll_minmax_f8e4m3_1_0_4.o
[810/4366] Building RCCLDEV object src/CMakeFiles/rccl_device_gfx950.dir/__/hipify/gensrc/specialized/specialized_allreduce_tree_ll_minmax_f8e4m3_1_0_2.o
[811/4366] Building RCCLDEV object src/CMakeFiles/rccl_device_gfx950.dir/__/hipify/gensrc/specialized/specialized_allreduce_tree_ll_minmax_f8e4m3_1_0_1.o
[812/4366] Building RCCLDEV object src/CMakeFiles/rccl_device_gfx950.dir/__/hipify/gensrc/specialized/specialized_allreduce_tree_ll_minmax_f8e5m2_1_0_2.o
[813/4366] Building RCCLDEV object src/CMakeFiles/rccl_device_gfx950.dir/__/hipify/gensrc/specialized/specialized_allreduce_tree_ll_minmax_f8e5m2_1_0_1.o
[814/4366] Building RCCLDEV object src/CMakeFiles/rccl_device_gfx950.dir/__/hipify/gensrc/specialized/specialized_allreduce_ring_ll128_sum_f8e4m3_0_0_4_2.o
[815/4366] Building RCCLDEV object src/CMakeFiles/rccl_device_gfx950.dir/__/hipify/gensrc/specialized/specialized_allreduce_ring_ll128_sum_f8e5m2_0_0_4_2.o
[816/4366] Building RCCLDEV object src/CMakeFiles/rccl_device_gfx950.dir/__/hipify/gensrc/specialized/specialized_reduce_ring_ll128_prod_f8e5m2_0_0_2.o
[817/4366] Building RCCLDEV object src/CMakeFiles/rccl_device_gfx950.dir/__/hipify/gensrc/specialized/specialized_allreduce_ring_ll128_sum_f8e4m3_0_0_2_2.o
[818/4366] Building RCCLDEV object src/CMakeFiles/rccl_device_gfx950.dir/__/hipify/gensrc/specialized/specialized_reduce_ring_ll128_premulsum_f8e4m3_0_0_4.o
[819/4366] Building RCCLDEV object src/CMakeFiles/rccl_device_gfx950.dir/__/hipify/gensrc/specialized/specialized_reduce_ring_ll128_premulsum_f8e5m2_0_0_4.o
[820/4366] Building RCCLDEV object src/CMakeFiles/rccl_device_gfx950.dir/__/hipify/gensrc/specialized/specialized_reducescatter_ring_ll128_premulsum_f8e4m3_0_0_2.o
[821/4366] Building RCCLDEV object src/CMakeFiles/rccl_device_gfx950.dir/__/hipify/gensrc/specialized/specialized_reduce_ring_ll128_premulsum_f8e5m2_0_0_2.o
[822/4366] Building RCCLDEV object src/CMakeFiles/rccl_device_gfx950.dir/__/hipify/gensrc/specialized/specialized_reducescatter_ring_ll128_premulsum_f8e4m3_0_0_4.o
[823/4366] Building RCCLDEV object src/CMakeFiles/rccl_device_gfx950.dir/__/hipify/gensrc/specialized/specialized_allreduce_ring_ll128_sum_f8e5m2_0_0_4_1.o
[824/4366] Building RCCLDEV object src/CMakeFiles/rccl_device_gfx950.dir/__/hipify/gensrc/specialized/specialized_allreduce_ring_ll128_sum_f8e4m3_0_0_2_1.o
[825/4366] Building RCCLDEV object src/CMakeFiles/rccl_device_gfx950.dir/__/hipify/gensrc/specialized/specialized_reduce_ring_ll128_premulsum_f8e4m3_0_0_2.o
[826/4366] Building CXX object test/CMakeFiles/rccl-UnitTestsGinSdmaAllGatherGpu.dir/gin/gin_sdma_allgather_gpu_test.cpp.o
[827/4366] Building RCCLDEV object src/CMakeFiles/rccl_device_gfx950.dir/__/hipify/gensrc/specialized/specialized_reduce_ring_simple_sum_f8e5m2_0_0_1.o
[828/4366] Building RCCLDEV object src/CMakeFiles/rccl_device_gfx950.dir/__/hipify/gensrc/specialized/specialized_reducescatter_ring_ll128_premulsum_f8e5m2_0_0_4.o
[829/4366] Building RCCLDEV object src/CMakeFiles/rccl_device_gfx950.dir/__/hipify/gensrc/specialized/specialized_reducescatter_ring_ll128_premulsum_f8e5m2_0_0_2.o
[830/4366] Building RCCLDEV object src/CMakeFiles/rccl_device_gfx950.dir/__/hipify/gensrc/specialized/specialized_reduce_ring_ll128_minmax_f8e5m2_0_0_4.o
[831/4366] Building RCCLDEV object src/CMakeFiles/rccl_device_gfx950.dir/__/hipify/gensrc/specialized/specialized_reduce_ring_simple_sum_f8e4m3_0_0_1.o
[832/4366] Building RCCLDEV object src/CMakeFiles/rccl_device_gfx950.dir/__/hipify/gensrc/specialized/specialized_allreduce_ring_ll128_sum_f8e4m3_0_0_4_1.o
[833/4366] Building RCCLDEV object src/CMakeFiles/rccl_device_gfx950.dir/__/hipify/gensrc/specialized/specialized_reduce_ring_simple_sum_f8e4m3_0_0_2.o
[834/4366] Building RCCLDEV object src/CMakeFiles/rccl_device_gfx950.dir/__/hipify/gensrc/specialized/specialized_allreduce_ring_ll128_prod_f8e4m3_0_0_4_2.o
[835/4366] Building RCCLDEV object src/CMakeFiles/rccl_device_gfx950.dir/__/hipify/gensrc/specialized/specialized_reducescatter_ring_ll128_minmax_f8e4m3_0_0_4.o
[836/4366] Building RCCLDEV object src/CMakeFiles/rccl_device_gfx950.dir/__/hipify/gensrc/specialized/specialized_allreduce_ring_ll128_prod_f8e5m2_0_0_4_1.o
[837/4366] Building RCCLDEV object src/CMakeFiles/rccl_device_gfx950.dir/__/hipify/gensrc/specialized/specialized_reduce_ring_ll128_minmax_f8e4m3_0_0_4.o
[838/4366] Building RCCLDEV object src/CMakeFiles/rccl_device_gfx950.dir/__/hipify/gensrc/specialized/specialized_reducescatter_ring_ll128_minmax_f8e5m2_0_0_4.o
[839/4366] Building RCCLDEV object src/CMakeFiles/rccl_device_gfx950.dir/__/hipify/gensrc/specialized/specialized_allreduce_ring_ll128_prod_f8e4m3_0_0_4_1.o
[840/4366] Building RCCLDEV object src/CMakeFiles/rccl_device_gfx950.dir/__/hipify/gensrc/specialized/specialized_reduce_ring_ll128_minmax_f8e4m3_0_0_2.o
[841/4366] Building RCCLDEV object src/CMakeFiles/rccl_device_gfx950.dir/__/hipify/gensrc/specialized/specialized_reduce_ring_ll128_minmax_f8e5m2_0_0_2.o
[842/4366] Building RCCLDEV object src/CMakeFiles/rccl_device_gfx950.dir/__/hipify/gensrc/specialized/specialized_reducescatter_ring_ll128_minmax_f8e5m2_0_0_2.o
[843/4366] Building RCCLDEV object src/CMakeFiles/rccl_device_gfx950.dir/__/hipify/gensrc/specialized/specialized_reducescatter_ring_ll128_minmax_f8e4m3_0_0_2.o
[844/4366] Building RCCLDEV object src/CMakeFiles/rccl_device_gfx950.dir/__/hipify/gensrc/specialized/specialized_allreduce_tree_ll128_sum_f8e5m2_0_0_2_2.o
[845/4366] Building RCCLDEV object src/CMakeFiles/rccl_device_gfx950.dir/__/hipify/gensrc/specialized/specialized_allreduce_tree_ll128_sum_f8e5m2_0_0_4_1.o
[846/4366] Building RCCLDEV object src/CMakeFiles/rccl_device_gfx950.dir/__/hipify/gensrc/specialized/specialized_reduce_ring_simple_sum_f8e5m2_0_0_2.o
[847/4366] Building RCCLDEV object src/CMakeFiles/rccl_device_gfx950.dir/__/hipify/gensrc/specialized/specialized_allreduce_tree_ll128_sum_f8e4m3_0_0_4_2.o
[848/4366] Building RCCLDEV object src/CMakeFiles/rccl_device_gfx950.dir/__/hipify/gensrc/specialized/specialized_allreduce_ring_ll128_prod_f8e5m2_0_0_4_2.o
[849/4366] Building RCCLDEV object src/CMakeFiles/rccl_device_gfx950.dir/__/hipify/gensrc/specialized/specialized_reduce_ring_simple_prod_f8e4m3_0_0_1.o
[850/4366] Building RCCLDEV object src/CMakeFiles/rccl_device_gfx950.dir/__/hipify/gensrc/specialized/specialized_allreduce_tree_ll128_sum_f8e5m2_0_0_1_1.o
[851/4366] Building RCCLDEV object src/CMakeFiles/rccl_device_gfx950.dir/__/hipify/gensrc/specialized/specialized_allreduce_tree_ll128_sum_f8e4m3_0_0_2_2.o
[852/4366] Building RCCLDEV object src/CMakeFiles/rccl_device_gfx950.dir/__/hipify/gensrc/specialized/specialized_allreduce_tree_ll128_sum_f8e5m2_0_0_1_2.o
[853/4366] Building RCCLDEV object src/CMakeFiles/rccl_device_gfx950.dir/__/hipify/gensrc/specialized/specialized_allreduce_tree_ll128_sum_f8e5m2_0_0_4_2.o
[854/4366] Building RCCLDEV object src/CMakeFiles/rccl_device_gfx950.dir/__/hipify/gensrc/specialized/specialized_reduce_ring_simple_prod_f8e5m2_0_0_2.o
[855/4366] Building RCCLDEV object src/CMakeFiles/rccl_device_gfx950.dir/__/hipify/gensrc/specialized/specialized_allreduce_tree_ll128_sum_f8e4m3_0_0_4_1.o
[856/4366] Building RCCLDEV object src/CMakeFiles/rccl_device_gfx950.dir/__/hipify/gensrc/specialized/specialized_reduce_ring_simple_sum_f8e5m2_0_0_4.o
[857/4366] Building RCCLDEV object src/CMakeFiles/rccl_device_gfx950.dir/__/hipify/gensrc/specialized/specialized_reduce_ring_simple_minmax_f8e4m3_0_0_1.o
[858/4366] Building RCCLDEV object src/CMakeFiles/rccl_device_gfx950.dir/__/hipify/gensrc/specialized/specialized_allreduce_tree_ll128_sum_f8e4m3_0_0_2_1.o
[859/4366] Building RCCLDEV object src/CMakeFiles/rccl_device_gfx950.dir/__/hipify/gensrc/specialized/specialized_reduce_ring_simple_sum_f8e4m3_0_0_4.o
[860/4366] Building RCCLDEV object src/CMakeFiles/rccl_device_gfx950.dir/__/hipify/gensrc/specialized/specialized_reduce_ring_simple_prod_f8e5m2_0_0_1.o
[861/4366] Building RCCLDEV object src/CMakeFiles/rccl_device_gfx950.dir/__/hipify/gensrc/specialized/specialized_allreduce_tree_ll128_sum_f8e5m2_0_0_2_1.o
[862/4366] Building RCCLDEV object src/CMakeFiles/rccl_device_gfx950.dir/__/hipify/gensrc/specialized/specialized_allreduce_tree_ll128_sum_f8e4m3_0_0_1_1.o
[863/4366] Building RCCLDEV object src/CMakeFiles/rccl_device_gfx950.dir/__/hipify/gensrc/specialized/specialized_allreduce_ring_ll128_sum_f8e5m2_1_0_4_2.o
[864/4366] Building RCCLDEV object src/CMakeFiles/rccl_device_gfx950.dir/__/hipify/gensrc/specialized/specialized_reduce_ring_simple_minmax_f8e4m3_0_0_2.o
[865/4366] Building RCCLDEV object src/CMakeFiles/rccl_device_gfx950.dir/__/hipify/gensrc/specialized/specialized_allreduce_ring_ll128_sum_f8e5m2_0_0_2_1.o
[866/4366] Building RCCLDEV object src/CMakeFiles/rccl_device_gfx950.dir/__/hipify/gensrc/specialized/specialized_allreduce_ring_ll128_sum_f8e4m3_1_0_4_2.o
[867/4366] Building RCCLDEV object src/CMakeFiles/rccl_device_gfx950.dir/__/hipify/gensrc/specialized/specialized_reduce_ring_simple_minmax_f8e5m2_0_0_1.o
[868/4366] Building RCCLDEV object src/CMakeFiles/rccl_device_gfx950.dir/__/hipify/gensrc/specialized/specialized_allreduce_ring_ll128_sum_f8e4m3_1_0_2_2.o
[869/4366] Building RCCLDEV object src/CMakeFiles/rccl_device_gfx950.dir/__/hipify/gensrc/specialized/specialized_reduce_ring_simple_prod_f8e4m3_0_0_2.o
[870/4366] Building RCCLDEV object src/CMakeFiles/rccl_device_gfx950.dir/__/hipify/gensrc/specialized/specialized_allreduce_ring_ll128_premulsum_f8e5m2_0_0_4_1.o
[871/4366] Building RCCLDEV object src/CMakeFiles/rccl_device_gfx950.dir/__/hipify/gensrc/specialized/specialized_reducescatter_pat_ll128_prod_f8e4m3_0_0_4.o
[872/4366] Building RCCLDEV object src/CMakeFiles/rccl_device_gfx950.dir/__/hipify/gensrc/specialized/specialized_reduce_ring_simple_premulsum_f8e5m2_0_0_1.o
[873/4366] Building RCCLDEV object src/CMakeFiles/rccl_device_gfx950.dir/__/hipify/gensrc/specialized/specialized_allreduce_ring_ll128_sum_f8e4m3_1_0_4_1.o
[874/4366] Building RCCLDEV object src/CMakeFiles/rccl_device_gfx950.dir/__/hipify/gensrc/specialized/specialized_reduce_ring_simple_premulsum_f8e4m3_0_0_1.o
[875/4366] Building RCCLDEV object src/CMakeFiles/rccl_device_gfx950.dir/__/hipify/gensrc/specialized/specialized_allreduce_ring_ll128_premulsum_f8e5m2_0_0_4_2.o
[876/4366] Building RCCLDEV object src/CMakeFiles/rccl_device_gfx950.dir/__/hipify/gensrc/specialized/specialized_allreduce_tree_ll128_sum_f8e4m3_0_0_1_2.o
[877/4366] Building RCCLDEV object src/CMakeFiles/rccl_device_gfx950.dir/__/hipify/gensrc/specialized/specialized_reducescatter_pat_ll128_sum_f8e5m2_0_0_4.o
[878/4366] Building RCCLDEV object src/CMakeFiles/rccl_device_gfx950.dir/__/hipify/gensrc/specialized/specialized_reducescatter_pat_ll128_sum_f8e4m3_0_0_4.o
[879/4366] Building RCCLDEV object src/CMakeFiles/rccl_device_gfx950.dir/__/hipify/gensrc/specialized/specialized_reduce_ring_simple_minmax_f8e5m2_0_0_2.o
[880/4366] Building RCCLDEV object src/CMakeFiles/rccl_device_gfx950.dir/__/hipify/gensrc/specialized/specialized_reducescatter_pat_ll128_prod_f8e5m2_0_0_4.o
[881/4366] Building RCCLDEV object src/CMakeFiles/rccl_device_gfx950.dir/__/hipify/gensrc/specialized/specialized_allreduce_ring_ll128_minmax_f8e4m3_0_0_2_2.o
[882/4366] Building RCCLDEV object src/CMakeFiles/rccl_device_gfx950.dir/__/hipify/gensrc/specialized/specialized_allreduce_ring_ll128_premulsum_f8e4m3_0_0_4_1.o
[883/4366] Building RCCLDEV object src/CMakeFiles/rccl_device_gfx950.dir/__/hipify/gensrc/specialized/specialized_reducescatter_pat_simple_sum_f8e5m2_0_0_1.o
[884/4366] Building RCCLDEV object src/CMakeFiles/rccl_device_gfx950.dir/__/hipify/gensrc/specialized/specialized_reducescatter_pat_ll_premulsum_f16_0_0_4.o
[885/4366] Building RCCLDEV object src/CMakeFiles/rccl_device_gfx950.dir/__/hipify/gensrc/specialized/specialized_reducescatter_pat_ll128_premulsum_f8e4m3_0_0_4.o
[886/4366] Building RCCLDEV object src/CMakeFiles/rccl_device_gfx950.dir/__/hipify/gensrc/specialized/specialized_reducescatter_pat_ll128_minmax_f8e4m3_0_0_4.o
[887/4366] Building RCCLDEV object src/CMakeFiles/rccl_device_gfx950.dir/__/hipify/gensrc/specialized/specialized_reducescatter_pat_ll_premulsum_u64_0_0_4.o
[888/4366] Building RCCLDEV object src/CMakeFiles/rccl_device_gfx950.dir/__/hipify/gensrc/specialized/specialized_reducescatter_pat_simple_sum_f8e4m3_0_0_1.o
[889/4366] Building RCCLDEV object src/CMakeFiles/rccl_device_gfx950.dir/__/hipify/gensrc/specialized/specialized_reducescatter_pat_ll128_minmax_f8e5m2_0_0_4.o
[890/4366] Building RCCLDEV object src/CMakeFiles/rccl_device_gfx950.dir/__/hipify/gensrc/specialized/specialized_allreduce_ring_ll128_sum_f8e5m2_1_0_4_1.o
[891/4366] Building RCCLDEV object src/CMakeFiles/rccl_device_gfx950.dir/__/hipify/gensrc/specialized/specialized_reducescatter_pat_simple_sum_f8e5m2_0_0_2.o
[892/4366] Building RCCLDEV object src/CMakeFiles/rccl_device_gfx950.dir/__/hipify/gensrc/specialized/specialized_allgather_pat_ll_sum_i8_0_0_2.o
[893/4366] Building RCCLDEV object src/CMakeFiles/rccl_device_gfx950.dir/__/hipify/gensrc/specialized/specialized_allreduce_ring_ll128_sum_f8e4m3_1_0_2_1.o
[894/4366] Building RCCLDEV object src/CMakeFiles/rccl_device_gfx950.dir/__/hipify/gensrc/specialized/specialized_reducescatter_pat_ll_sum_u8_0_0_2.o
[895/4366] Building RCCLDEV object src/CMakeFiles/rccl_device_gfx950.dir/__/hipify/gensrc/specialized/specialized_reducescatter_pat_ll_premulsum_f64_0_0_4.o
[896/4366] Building RCCLDEV object src/CMakeFiles/rccl_device_gfx950.dir/__/hipify/gensrc/specialized/specialized_reducescatter_pat_ll128_premulsum_f8e5m2_0_0_4.o
[897/4366] Building RCCLDEV object src/CMakeFiles/rccl_device_gfx950.dir/__/hipify/gensrc/specialized/specialized_reducescatter_pat_ll_premulsum_bf16_0_0_4.o
[898/4366] Building RCCLDEV object src/CMakeFiles/rccl_device_gfx950.dir/__/hipify/gensrc/specialized/specialized_reducescatter_pat_ll_sumpostdiv_u8_0_0_4.o
[899/4366] Building RCCLDEV object src/CMakeFiles/rccl_device_gfx950.dir/__/hipify/gensrc/specialized/specialized_allreduce_ring_ll128_minmax_f8e4m3_0_0_4_1.o
[900/4366] Building RCCLDEV object src/CMakeFiles/rccl_device_gfx950.dir/__/hipify/gensrc/specialized/specialized_allreduce_ring_ll128_minmax_f8e5m2_0_0_4_1.o
[901/4366] Building RCCLDEV object src/CMakeFiles/rccl_device_gfx950.dir/__/hipify/gensrc/specialized/specialized_allreduce_ring_ll128_premulsum_f8e4m3_0_0_4_2.o
[902/4366] Building RCCLDEV object src/CMakeFiles/rccl_device_gfx950.dir/__/hipify/gensrc/specialized/specialized_reducescatter_pat_simple_sum_f8e4m3_0_0_2.o
[903/4366] Building RCCLDEV object src/CMakeFiles/rccl_device_gfx950.dir/__/hipify/gensrc/specialized/specialized_reducescatter_pat_ll128_premulsum_f8e5m2_0_0_2.o
[904/4366] Building RCCLDEV object src/CMakeFiles/rccl_device_gfx950.dir/__/hipify/gensrc/specialized/specialized_allreduce_ring_ll128_minmax_f8e4m3_0_0_4_2.o
[905/4366] Building RCCLDEV object src/CMakeFiles/rccl_device_gfx950.dir/__/hipify/gensrc/specialized/specialized_allreduce_tree_ll128_sum_f8e4m3_1_0_4_2.o
[906/4366] Building RCCLDEV object src/CMakeFiles/rccl_device_gfx950.dir/__/hipify/gensrc/specialized/specialized_allreduce_ring_ll128_minmax_f8e5m2_0_0_4_2.o
[907/4366] Building RCCLDEV object src/CMakeFiles/rccl_device_gfx950.dir/__/hipify/gensrc/specialized/specialized_reducescatter_pat_simple_premulsum_f8e5m2_0_0_1.o
[908/4366] Building RCCLDEV object src/CMakeFiles/rccl_device_gfx950.dir/__/hipify/gensrc/specialized/specialized_reducescatter_pat_ll_premulsum_f32_0_0_4.o
[909/4366] Building RCCLDEV object src/CMakeFiles/rccl_device_gfx950.dir/__/hipify/gensrc/specialized/specialized_reducescatter_pat_ll_sumpostdiv_u32_0_0_4.o
[910/4366] Building RCCLDEV object src/CMakeFiles/rccl_device_gfx950.dir/__/hipify/gensrc/specialized/specialized_reducescatter_pat_ll128_minmax_f8e5m2_0_0_2.o
[911/4366] Building RCCLDEV object src/CMakeFiles/rccl_device_gfx950.dir/__/hipify/gensrc/specialized/specialized_reduce_ring_simple_prod_f8e5m2_0_0_4.o
[912/4366] Building RCCLDEV object src/CMakeFiles/rccl_device_gfx950.dir/__/hipify/gensrc/specialized/specialized_reduce_ring_simple_premulsum_f8e4m3_0_0_2.o
[913/4366] Building RCCLDEV object src/CMakeFiles/rccl_device_gfx950.dir/__/hipify/gensrc/specialized/specialized_reducescatter_pat_ll_sumpostdiv_u64_0_0_4.o
[914/4366] Building RCCLDEV object src/CMakeFiles/rccl_device_gfx950.dir/__/hipify/gensrc/specialized/specialized_reducescatter_pat_ll128_sum_f8e4m3_0_0_1.o
[915/4366] Building RCCLDEV object src/CMakeFiles/rccl_device_gfx950.dir/__/hipify/gensrc/specialized/specialized_reducescatter_pat_ll128_prod_f8e4m3_0_0_1.o
[916/4366] Building RCCLDEV object src/CMakeFiles/rccl_device_gfx950.dir/__/hipify/gensrc/specialized/specialized_allreduce_tree_ll128_premulsum_f8e5m2_0_0_2_2.o
[917/4366] Building RCCLDEV object src/CMakeFiles/rccl_device_gfx950.dir/__/hipify/gensrc/specialized/specialized_reducescatter_pat_ll128_premulsum_f8e4m3_0_0_2.o
[918/4366] Building RCCLDEV object src/CMakeFiles/rccl_device_gfx950.dir/__/hipify/gensrc/specialized/specialized_allreduce_tree_ll128_prod_f8e5m2_0_0_2_2.o
[919/4366] Building RCCLDEV object src/CMakeFiles/rccl_device_gfx950.dir/__/hipify/gensrc/specialized/specialized_reduce_ring_simple_premulsum_f8e5m2_0_0_2.o
[920/4366] Building RCCLDEV object src/CMakeFiles/rccl_device_gfx950.dir/__/hipify/gensrc/specialized/specialized_reducescatter_pat_simple_prod_f8e5m2_0_0_1.o
[921/4366] Building RCCLDEV object src/CMakeFiles/rccl_device_gfx950.dir/__/hipify/gensrc/specialized/specialized_reducescatter_pat_ll128_sum_f8e5m2_0_0_1.o
[922/4366] Building RCCLDEV object src/CMakeFiles/rccl_device_gfx950.dir/__/hipify/gensrc/specialized/specialized_reducescatter_pat_ll128_prod_f8e5m2_0_0_1.o
[923/4366] Building RCCLDEV object src/CMakeFiles/rccl_device_gfx950.dir/__/hipify/gensrc/specialized/specialized_reducescatter_pat_ll128_premulsum_f8e4m3_0_0_1.o
[924/4366] Building RCCLDEV object src/CMakeFiles/rccl_device_gfx950.dir/__/hipify/gensrc/specialized/specialized_reducescatter_pat_ll128_minmax_f8e5m2_0_0_1.o
[925/4366] Building RCCLDEV object src/CMakeFiles/rccl_device_gfx950.dir/__/hipify/gensrc/specialized/specialized_reducescatter_pat_ll128_minmax_f8e4m3_0_0_1.o
[926/4366] Building RCCLDEV object src/CMakeFiles/rccl_device_gfx950.dir/__/hipify/gensrc/specialized/specialized_reducescatter_pat_ll128_premulsum_f8e5m2_0_0_1.o
[927/4366] Building RCCLDEV object src/CMakeFiles/rccl_device_gfx950.dir/__/hipify/gensrc/specialized/specialized_allreduce_tree_ll128_sum_f8e5m2_1_0_1_2.o
[928/4366] Building RCCLDEV object src/CMakeFiles/rccl_device_gfx950.dir/__/hipify/gensrc/specialized/specialized_allreduce_tree_ll128_sum_f8e4m3_1_0_2_2.o
[929/4366] Building RCCLDEV object src/CMakeFiles/rccl_device_gfx950.dir/__/hipify/gensrc/specialized/specialized_reduce_ring_ll128_sum_f8e4m3_0_0_1.o
[930/4366] Building RCCLDEV object src/CMakeFiles/rccl_device_gfx950.dir/__/hipify/gensrc/specialized/specialized_allreduce_tree_ll128_sum_f8e4m3_1_0_2_1.o
[931/4366] Building RCCLDEV object src/CMakeFiles/rccl_device_gfx950.dir/__/hipify/gensrc/specialized/specialized_reduce_ring_simple_prod_f8e4m3_0_0_4.o
[932/4366] Building RCCLDEV object src/CMakeFiles/rccl_device_gfx950.dir/__/hipify/gensrc/specialized/specialized_allreduce_tree_ll128_sum_f8e5m2_1_0_2_2.o
[933/4366] Building RCCLDEV object src/CMakeFiles/rccl_device_gfx950.dir/__/hipify/gensrc/specialized/specialized_reduce_ring_ll128_sum_f8e5m2_0_0_1.o
[934/4366] Building RCCLDEV object src/CMakeFiles/rccl_device_gfx950.dir/__/hipify/gensrc/specialized/specialized_allreduce_tree_ll128_prod_f8e4m3_0_0_4_1.o
[935/4366] Building RCCLDEV object src/CMakeFiles/rccl_device_gfx950.dir/__/hipify/gensrc/specialized/specialized_allreduce_tree_ll128_premulsum_f8e5m2_0_0_4_1.o
[936/4366] Building RCCLDEV object src/CMakeFiles/rccl_device_gfx950.dir/__/hipify/gensrc/specialized/specialized_allreduce_tree_ll128_sum_f8e5m2_1_0_4_2.o
[937/4366] Building RCCLDEV object src/CMakeFiles/rccl_device_gfx950.dir/__/hipify/gensrc/specialized/specialized_reducescatter_pat_simple_premulsum_f8e4m3_0_0_1.o
[938/4366] Building RCCLDEV object src/CMakeFiles/rccl_device_gfx950.dir/__/hipify/gensrc/specialized/specialized_reducescatter_pat_simple_prod_f8e4m3_0_0_1.o
[939/4366] Building RCCLDEV object src/CMakeFiles/rccl_device_gfx950.dir/__/hipify/gensrc/specialized/specialized_allreduce_tree_ll128_sum_f8e4m3_1_0_1_2.o
[940/4366] Building RCCLDEV object src/CMakeFiles/rccl_device_gfx950.dir/__/hipify/gensrc/specialized/specialized_allreduce_tree_ll128_prod_f8e5m2_0_0_1_2.o
[941/4366] Building RCCLDEV object src/CMakeFiles/rccl_device_gfx950.dir/__/hipify/gensrc/specialized/specialized_allreduce_tree_ll128_prod_f8e4m3_0_0_1_2.o
[942/4366] Building RCCLDEV object src/CMakeFiles/rccl_device_gfx950.dir/__/hipify/gensrc/specialized/specialized_allreduce_tree_ll128_premulsum_f8e4m3_0_0_4_2.o
[943/4366] Building RCCLDEV object src/CMakeFiles/rccl_device_gfx950.dir/__/hipify/gensrc/specialized/specialized_allreduce_tree_ll128_prod_f8e4m3_0_0_4_2.o
[944/4366] Building RCCLDEV object src/CMakeFiles/rccl_device_gfx950.dir/__/hipify/gensrc/specialized/specialized_allreduce_tree_ll128_prod_f8e4m3_0_0_2_2.o
[945/4366] Building RCCLDEV object src/CMakeFiles/rccl_device_gfx950.dir/__/hipify/gensrc/specialized/specialized_allreduce_tree_ll128_premulsum_f8e4m3_0_0_1_2.o
[946/4366] Building RCCLDEV object src/CMakeFiles/rccl_device_gfx950.dir/__/hipify/gensrc/specialized/specialized_allreduce_tree_ll128_premulsum_f8e5m2_0_0_1_2.o
[947/4366] Building RCCLDEV object src/CMakeFiles/rccl_device_gfx950.dir/__/hipify/gensrc/specialized/specialized_allreduce_tree_ll128_prod_f8e5m2_0_0_4_2.o
[948/4366] Building RCCLDEV object src/CMakeFiles/rccl_device_gfx950.dir/__/hipify/gensrc/specialized/specialized_allreduce_tree_ll128_prod_f8e4m3_0_0_1_1.o
[949/4366] Building RCCLDEV object src/CMakeFiles/rccl_device_gfx950.dir/__/hipify/gensrc/specialized/specialized_allreduce_tree_ll128_sum_f8e5m2_1_0_4_1.o
[950/4366] Building RCCLDEV object src/CMakeFiles/rccl_device_gfx950.dir/__/hipify/gensrc/specialized/specialized_allreduce_tree_ll128_sum_f8e5m2_1_0_1_1.o
[951/4366] Building RCCLDEV object src/CMakeFiles/rccl_device_gfx950.dir/__/hipify/gensrc/specialized/specialized_allreduce_tree_ll128_sum_f8e4m3_1_0_4_1.o
[952/4366] Building RCCLDEV object src/CMakeFiles/rccl_device_gfx950.dir/__/hipify/gensrc/specialized/specialized_allreduce_tree_ll128_prod_f8e5m2_0_0_2_1.o
[953/4366] Building RCCLDEV object src/CMakeFiles/rccl_device_gfx950.dir/__/hipify/gensrc/specialized/specialized_allreduce_tree_ll128_prod_f8e5m2_0_0_4_1.o
[954/4366] Building RCCLDEV object src/CMakeFiles/rccl_device_gfx950.dir/__/hipify/gensrc/specialized/specialized_allreduce_tree_ll128_prod_f8e5m2_0_0_1_1.o
[955/4366] Building RCCLDEV object src/CMakeFiles/rccl_device_gfx950.dir/__/hipify/gensrc/specialized/specialized_reduce_ring_simple_minmax_f8e4m3_0_0_4.o
[956/4366] Building RCCLDEV object src/CMakeFiles/rccl_device_gfx950.dir/__/hipify/gensrc/specialized/specialized_reducescatter_pat_simple_minmax_f8e4m3_0_0_1.o
[957/4366] Building RCCLDEV object src/CMakeFiles/rccl_device_gfx950.dir/__/hipify/gensrc/specialized/specialized_allreduce_tree_ll128_premulsum_f8e4m3_0_0_2_1.o
[958/4366] Building RCCLDEV object src/CMakeFiles/rccl_device_gfx950.dir/__/hipify/gensrc/specialized/specialized_allreduce_tree_ll128_premulsum_f8e5m2_0_0_1_1.o
[959/4366] Building RCCLDEV object src/CMakeFiles/rccl_device_gfx950.dir/__/hipify/gensrc/specialized/specialized_allreduce_tree_ll128_premulsum_f8e4m3_0_0_4_1.o
[960/4366] Building RCCLDEV object src/CMakeFiles/rccl_device_gfx950.dir/__/hipify/gensrc/specialized/specialized_allreduce_tree_ll128_sum_f8e5m2_1_0_2_1.o
[961/4366] Building RCCLDEV object src/CMakeFiles/rccl_device_gfx950.dir/__/hipify/gensrc/specialized/specialized_allreduce_ring_ll128_premulsum_f8e4m3_1_0_4_2.o
[962/4366] Building RCCLDEV object src/CMakeFiles/rccl_device_gfx950.dir/__/hipify/gensrc/specialized/specialized_reduce_ring_simple_minmax_f8e5m2_0_0_4.o
[963/4366] Building RCCLDEV object src/CMakeFiles/rccl_device_gfx950.dir/__/hipify/gensrc/specialized/specialized_reducescatter_pat_simple_minmax_f8e5m2_0_0_1.o
[964/4366] Building RCCLDEV object src/CMakeFiles/rccl_device_gfx950.dir/__/hipify/gensrc/specialized/specialized_allreduce_tree_ll128_premulsum_f8e4m3_0_0_2_2.o
[965/4366] Building RCCLDEV object src/CMakeFiles/rccl_device_gfx950.dir/__/hipify/gensrc/specialized/specialized_allreduce_tree_ll128_sum_f8e4m3_1_0_1_1.o
[966/4366] Building RCCLDEV object src/CMakeFiles/rccl_device_gfx950.dir/__/hipify/gensrc/specialized/specialized_allreduce_tree_ll128_premulsum_f8e5m2_0_0_4_2.o
[967/4366] Building RCCLDEV object src/CMakeFiles/rccl_device_gfx950.dir/__/hipify/gensrc/specialized/specialized_allreduce_ring_ll128_premulsum_f8e5m2_1_0_4_2.o
[968/4366] Building RCCLDEV object src/CMakeFiles/rccl_device_gfx950.dir/__/hipify/gensrc/specialized/specialized_allreduce_ring_ll128_sum_f8e5m2_0_0_2_2.o
[969/4366] Building RCCLDEV object src/CMakeFiles/rccl_device_gfx950.dir/__/hipify/gensrc/specialized/specialized_reducescatter_ring_ll128_sum_f8e4m3_0_0_1.o
[970/4366] Building RCCLDEV object src/CMakeFiles/rccl_device_gfx950.dir/__/hipify/gensrc/specialized/specialized_reducescatter_pat_simple_premulsum_f8e5m2_0_0_2.o
[971/4366] Building RCCLDEV object src/CMakeFiles/rccl_device_gfx950.dir/__/hipify/gensrc/specialized/specialized_allreduce_ring_ll128_premulsum_f8e5m2_1_0_4_1.o
[972/4366] Building RCCLDEV object src/CMakeFiles/rccl_device_gfx950.dir/__/hipify/gensrc/specialized/specialized_reducescatter_pat_simple_premulsum_f8e4m3_0_0_2.o
[973/4366] Building RCCLDEV object src/CMakeFiles/rccl_device_gfx950.dir/__/hipify/gensrc/specialized/specialized_allreduce_tree_ll128_premulsum_f8e4m3_0_0_1_1.o
[974/4366] Building RCCLDEV object src/CMakeFiles/rccl_device_gfx950.dir/__/hipify/gensrc/specialized/specialized_reducescatter_ring_ll128_sum_f8e5m2_0_0_1.o
[975/4366] Building RCCLDEV object src/CMakeFiles/rccl_device_gfx950.dir/__/hipify/gensrc/specialized/specialized_allreduce_ring_ll128_premulsum_f8e4m3_1_0_4_1.o
[976/4366] Building RCCLDEV object src/CMakeFiles/rccl_device_gfx950.dir/__/hipify/gensrc/specialized/specialized_reducescatter_pat_simple_sum_f8e4m3_0_0_4.o
[977/4366] Building RCCLDEV object src/CMakeFiles/rccl_device_gfx950.dir/__/hipify/gensrc/specialized/specialized_reducescatter_pat_simple_sum_f8e5m2_0_0_4.o
[978/4366] Building RCCLDEV object src/CMakeFiles/rccl_device_gfx950.dir/__/hipify/gensrc/specialized/specialized_allreduce_ring_ll128_prod_f8e4m3_1_0_4_2.o
[979/4366] Building RCCLDEV object src/CMakeFiles/rccl_device_gfx950.dir/__/hipify/gensrc/specialized/specialized_reducescatter_pat_simple_prod_f8e5m2_0_0_2.o
[980/4366] Building RCCLDEV object src/CMakeFiles/rccl_device_gfx950.dir/__/hipify/gensrc/specialized/specialized_allreduce_ring_ll128_prod_f8e5m2_1_0_4_2.o
[981/4366] Building RCCLDEV object src/CMakeFiles/rccl_device_gfx950.dir/__/hipify/gensrc/specialized/specialized_allreduce_tree_ll128_prod_f8e4m3_0_0_2_1.o
[982/4366] Building RCCLDEV object src/CMakeFiles/rccl_device_gfx950.dir/__/hipify/gensrc/specialized/specialized_reduce_ring_ll128_prod_f8e4m3_0_0_1.o
[983/4366] Building RCCLDEV object src/CMakeFiles/rccl_device_gfx950.dir/__/hipify/gensrc/specialized/specialized_reducescatter_pat_simple_prod_f8e4m3_0_0_2.o
[984/4366] Building RCCLDEV object src/CMakeFiles/rccl_device_gfx950.dir/__/hipify/gensrc/specialized/specialized_allreduce_tree_ll128_premulsum_f8e5m2_1_0_4_2.o
[985/4366] Building RCCLDEV object src/CMakeFiles/rccl_device_gfx950.dir/__/hipify/gensrc/specialized/specialized_reduce_ring_simple_premulsum_f8e4m3_0_0_4.o
[986/4366] Building RCCLDEV object src/CMakeFiles/rccl_device_gfx950.dir/__/hipify/gensrc/specialized/specialized_allreduce_tree_ll128_premulsum_f8e5m2_0_0_2_1.o
[987/4366] Building RCCLDEV object src/CMakeFiles/rccl_device_gfx950.dir/__/hipify/gensrc/specialized/specialized_reduce_ring_simple_premulsum_f8e5m2_0_0_4.o
[988/4366] Building RCCLDEV object src/CMakeFiles/rccl_device_gfx950.dir/__/hipify/gensrc/specialized/specialized_reduce_ring_ll128_prod_f8e5m2_0_0_1.o
[989/4366] Building RCCLDEV object src/CMakeFiles/rccl_device_gfx950.dir/__/hipify/gensrc/specialized/specialized_allreduce_tree_ll128_premulsum_f8e4m3_1_0_4_2.o
[990/4366] Building RCCLDEV object src/CMakeFiles/rccl_device_gfx950.dir/__/hipify/gensrc/specialized/specialized_allreduce_tree_ll128_premulsum_f8e4m3_1_0_2_2.o
[991/4366] Building RCCLDEV object src/CMakeFiles/rccl_device_gfx950.dir/__/hipify/gensrc/specialized/specialized_reducescatter_ring_ll128_prod_f8e4m3_0_0_1.o
[992/4366] Building RCCLDEV object src/CMakeFiles/rccl_device_gfx950.dir/__/hipify/gensrc/specialized/specialized_allreduce_ring_ll128_prod_f8e4m3_0_0_2_2.o
[993/4366] Building RCCLDEV object src/CMakeFiles/rccl_device_gfx950.dir/__/hipify/gensrc/specialized/specialized_reducescatter_ring_ll128_prod_f8e5m2_0_0_1.o
[994/4366] Building RCCLDEV object src/CMakeFiles/rccl_device_gfx950.dir/__/hipify/gensrc/specialized/specialized_reducescatter_pat_simple_minmax_f8e4m3_0_0_2.o
[995/4366] Building RCCLDEV object src/CMakeFiles/rccl_device_gfx950.dir/__/hipify/gensrc/specialized/specialized_allreduce_tree_ll128_premulsum_f8e5m2_1_0_2_2.o
[996/4366] Building RCCLDEV object src/CMakeFiles/rccl_device_gfx950.dir/__/hipify/gensrc/specialized/specialized_reducescatter_pat_simple_minmax_f8e5m2_0_0_2.o
[997/4366] Building RCCLDEV object src/CMakeFiles/rccl_device_gfx950.dir/__/hipify/gensrc/specialized/specialized_allreduce_tree_ll128_premulsum_f8e5m2_1_0_1_2.o
[998/4366] Building RCCLDEV object src/CMakeFiles/rccl_device_gfx950.dir/__/hipify/gensrc/specialized/specialized_allreduce_ring_ll128_prod_f8e4m3_1_0_4_1.o
[999/4366] Building RCCLDEV object src/CMakeFiles/rccl_device_gfx950.dir/__/hipify/gensrc/specialized/specialized_allreduce_ring_ll128_prod_f8e4m3_0_0_2_1.o
[1000/4366] Building RCCLDEV object src/CMakeFiles/rccl_device_gfx950.dir/__/hipify/gensrc/specialized/specialized_allreduce_ring_ll128_prod_f8e5m2_1_0_4_1.o
[1001/4366] Building RCCLDEV object src/CMakeFiles/rccl_device_gfx950.dir/__/hipify/gensrc/specialized/specialized_allreduce_tree_ll128_premulsum_f8e5m2_1_0_2_1.o
[1002/4366] Building RCCLDEV object src/CMakeFiles/rccl_device_gfx950.dir/__/hipify/gensrc/specialized/specialized_allreduce_tree_ll128_premulsum_f8e4m3_1_0_1_2.o
[1003/4366] Building RCCLDEV object src/CMakeFiles/rccl_device_gfx950.dir/__/hipify/gensrc/specialized/specialized_allreduce_tree_ll128_premulsum_f8e5m2_1_0_1_1.o
[1004/4366] Building RCCLDEV object src/CMakeFiles/rccl_device_gfx950.dir/__/hipify/gensrc/specialized/specialized_allreduce_tree_ll128_premulsum_f8e4m3_1_0_2_1.o
[1005/4366] Building RCCLDEV object src/CMakeFiles/rccl_device_gfx950.dir/__/hipify/gensrc/specialized/specialized_reduce_ring_ll128_premulsum_f8e5m2_0_0_1.o
[1006/4366] Building RCCLDEV object src/CMakeFiles/rccl_device_gfx950.dir/__/hipify/gensrc/specialized/specialized_allreduce_ring_ll128_prod_f8e5m2_0_0_2_2.o
[1007/4366] Building RCCLDEV object src/CMakeFiles/rccl_device_gfx950.dir/__/hipify/gensrc/specialized/specialized_reducescatter_ring_ll128_premulsum_f8e4m3_0_0_1.o
[1008/4366] Building RCCLDEV object src/CMakeFiles/rccl_device_gfx950.dir/__/hipify/gensrc/specialized/specialized_allreduce_ring_ll128_sum_f8e4m3_0_0_1_2.o
[1009/4366] Building RCCLDEV object src/CMakeFiles/rccl_device_gfx950.dir/__/hipify/gensrc/specialized/specialized_allreduce_tree_ll128_premulsum_f8e4m3_1_0_1_1.o
[1010/4366] Building RCCLDEV object src/CMakeFiles/rccl_device_gfx950.dir/__/hipify/gensrc/specialized/specialized_allreduce_tree_ll128_premulsum_f8e4m3_1_0_4_1.o
[1011/4366] Building RCCLDEV object src/CMakeFiles/rccl_device_gfx950.dir/__/hipify/gensrc/specialized/specialized_allreduce_tree_ll128_premulsum_f8e5m2_1_0_4_1.o
[1012/4366] Building RCCLDEV object src/CMakeFiles/rccl_device_gfx950.dir/__/hipify/gensrc/specialized/specialized_reduce_ring_ll128_premulsum_f8e4m3_0_0_1.o
[1013/4366] Building RCCLDEV object src/CMakeFiles/rccl_device_gfx950.dir/__/hipify/gensrc/specialized/specialized_allreduce_ring_ll128_sum_f8e5m2_1_0_2_2.o
[1014/4366] Building RCCLDEV object src/CMakeFiles/rccl_device_gfx950.dir/__/hipify/gensrc/specialized/specialized_allreduce_ring_ll128_prod_f8e5m2_0_0_2_1.o
[1015/4366] Building RCCLDEV object src/CMakeFiles/rccl_device_gfx950.dir/__/hipify/gensrc/specialized/specialized_allreduce_tree_ll128_minmax_f8e4m3_0_0_2_2.o
[1016/4366] Building RCCLDEV object src/CMakeFiles/rccl_device_gfx950.dir/__/hipify/gensrc/specialized/specialized_allreduce_ring_ll128_sum_f8e4m3_0_0_1_1.o
[1017/4366] Building RCCLDEV object src/CMakeFiles/rccl_device_gfx950.dir/__/hipify/gensrc/specialized/specialized_allreduce_ring_ll128_sum_f8e5m2_0_0_1_2.o
[1018/4366] Building RCCLDEV object src/CMakeFiles/rccl_device_gfx950.dir/__/hipify/gensrc/specialized/specialized_allreduce_tree_ll128_minmax_f8e4m3_0_0_1_2.o
[1019/4366] Building RCCLDEV object src/CMakeFiles/rccl_device_gfx950.dir/__/hipify/gensrc/specialized/specialized_allreduce_tree_ll128_minmax_f8e4m3_0_0_4_2.o
[1020/4366] Building RCCLDEV object src/CMakeFiles/rccl_device_gfx950.dir/__/hipify/gensrc/specialized/specialized_allreduce_ring_ll128_sum_f8e5m2_1_0_2_1.o
[1021/4366] Building RCCLDEV object src/CMakeFiles/rccl_device_gfx950.dir/__/hipify/gensrc/specialized/specialized_allreduce_tree_ll128_minmax_f8e5m2_0_0_4_1.o
[1022/4366] Building RCCLDEV object src/CMakeFiles/rccl_device_gfx950.dir/__/hipify/gensrc/specialized/specialized_allreduce_tree_ll128_minmax_f8e5m2_0_0_1_2.o
[1023/4366] Building RCCLDEV object src/CMakeFiles/rccl_device_gfx950.dir/__/hipify/gensrc/specialized/specialized_reduce_ring_ll128_minmax_f8e5m2_0_0_1.o
[1024/4366] Building RCCLDEV object src/CMakeFiles/rccl_device_gfx950.dir/__/hipify/gensrc/specialized/specialized_reducescatter_pat_simple_premulsum_f8e4m3_0_0_4.o
[1025/4366] Building RCCLDEV object src/CMakeFiles/rccl_device_gfx950.dir/__/hipify/gensrc/specialized/specialized_allreduce_tree_ll128_minmax_f8e5m2_0_0_4_2.o
[1026/4366] Building RCCLDEV object src/CMakeFiles/rccl_device_gfx950.dir/__/hipify/gensrc/specialized/specialized_allreduce_tree_ll128_minmax_f8e5m2_0_0_2_2.o
[1027/4366] Building RCCLDEV object src/CMakeFiles/rccl_device_gfx950.dir/__/hipify/gensrc/specialized/specialized_allreduce_ring_ll128_sum_f8e5m2_0_0_1_1.o
[1028/4366] Building RCCLDEV object src/CMakeFiles/rccl_device_gfx950.dir/__/hipify/gensrc/specialized/specialized_allreduce_tree_ll128_minmax_f8e4m3_0_0_4_1.o
[1029/4366] Building RCCLDEV object src/CMakeFiles/rccl_device_gfx950.dir/__/hipify/gensrc/specialized/specialized_allreduce_tree_ll128_minmax_f8e5m2_0_0_1_1.o
[1030/4366] Building RCCLDEV object src/CMakeFiles/rccl_device_gfx950.dir/__/hipify/gensrc/specialized/specialized_reduce_ring_ll128_minmax_f8e4m3_0_0_1.o
[1031/4366] Building RCCLDEV object src/CMakeFiles/rccl_device_gfx950.dir/__/hipify/gensrc/specialized/specialized_allreduce_tree_ll128_minmax_f8e5m2_0_0_2_1.o
[1032/4366] Building RCCLDEV object src/CMakeFiles/rccl_device_gfx950.dir/__/hipify/gensrc/specialized/specialized_reducescatter_ring_ll128_minmax_f8e4m3_0_0_1.o
[1033/4366] Building RCCLDEV object src/CMakeFiles/rccl_device_gfx950.dir/__/hipify/gensrc/specialized/specialized_reducescatter_ring_ll128_premulsum_f8e5m2_0_0_1.o
[1034/4366] Building RCCLDEV object src/CMakeFiles/rccl_device_gfx950.dir/__/hipify/gensrc/specialized/specialized_allreduce_tree_ll128_minmax_f8e4m3_0_0_2_1.o
[1035/4366] Building RCCLDEV object src/CMakeFiles/rccl_device_gfx950.dir/__/hipify/gensrc/specialized/specialized_reducescatter_pat_simple_premulsum_f8e5m2_0_0_4.o
[1036/4366] Building RCCLDEV object src/CMakeFiles/rccl_device_gfx950.dir/__/hipify/gensrc/specialized/specialized_allreduce_tree_ll128_prod_f8e5m2_1_0_4_2.o
[1037/4366] Building RCCLDEV object src/CMakeFiles/rccl_device_gfx950.dir/__/hipify/gensrc/specialized/specialized_allreduce_tree_ll128_prod_f8e5m2_1_0_4_1.o
[1038/4366] Building RCCLDEV object src/CMakeFiles/rccl_device_gfx950.dir/__/hipify/gensrc/specialized/specialized_allreduce_ring_ll128_premulsum_f8e4m3_0_0_2_2.o
[1039/4366] Building RCCLDEV object src/CMakeFiles/rccl_device_gfx950.dir/__/hipify/gensrc/specialized/specialized_reducescatter_ring_ll128_minmax_f8e5m2_0_0_1.o
[1040/4366] Building RCCLDEV object src/CMakeFiles/rccl_device_gfx950.dir/__/hipify/gensrc/specialized/specialized_allreduce_ring_ll128_premulsum_f8e5m2_0_0_2_1.o
[1041/4366] Building RCCLDEV object src/CMakeFiles/rccl_device_gfx950.dir/__/hipify/gensrc/specialized/specialized_allreduce_tree_ll128_prod_f8e4m3_1_0_2_2.o
[1042/4366] Building RCCLDEV object src/CMakeFiles/rccl_device_gfx950.dir/__/hipify/gensrc/specialized/specialized_allreduce_ring_ll128_premulsum_f8e4m3_0_0_2_1.o
[1043/4366] Building RCCLDEV object src/CMakeFiles/rccl_device_gfx950.dir/__/hipify/gensrc/specialized/specialized_allreduce_tree_ll128_prod_f8e4m3_1_0_1_2.o
[1044/4366] Building RCCLDEV object src/CMakeFiles/rccl_device_gfx950.dir/__/hipify/gensrc/specialized/specialized_allreduce_ring_ll128_prod_f8e4m3_0_0_1_1.o
[1045/4366] Building RCCLDEV object src/CMakeFiles/rccl_device_gfx950.dir/__/hipify/gensrc/specialized/specialized_reducescatter_ring_simple_sum_f8e5m2_0_0_1.o
[1046/4366] Building RCCLDEV object src/CMakeFiles/rccl_device_gfx950.dir/__/hipify/gensrc/specialized/specialized_reducescatter_ring_simple_sum_f8e4m3_0_0_1.o
[1047/4366] Building RCCLDEV object src/CMakeFiles/rccl_device_gfx950.dir/__/hipify/gensrc/specialized/specialized_allreduce_ring_ll128_prod_f8e4m3_0_0_1_2.o
[1048/4366] Building RCCLDEV object src/CMakeFiles/rccl_device_gfx950.dir/__/hipify/gensrc/specialized/specialized_allreduce_tree_ll128_prod_f8e4m3_1_0_2_1.o
[1049/4366] Building RCCLDEV object src/CMakeFiles/rccl_device_gfx950.dir/__/hipify/gensrc/specialized/specialized_allreduce_ring_ll128_premulsum_f8e5m2_0_0_2_2.o
[1050/4366] Building RCCLDEV object src/CMakeFiles/rccl_device_gfx950.dir/__/hipify/gensrc/specialized/specialized_allreduce_tree_ll128_prod_f8e5m2_1_0_2_1.o
[1051/4366] Building RCCLDEV object src/CMakeFiles/rccl_device_gfx950.dir/__/hipify/gensrc/specialized/specialized_allreduce_tree_ll128_prod_f8e4m3_1_0_4_1.o
[1052/4366] Building RCCLDEV object src/CMakeFiles/rccl_device_gfx950.dir/__/hipify/gensrc/specialized/specialized_allreduce_tree_ll128_prod_f8e4m3_1_0_1_1.o
[1053/4366] Building RCCLDEV object src/CMakeFiles/rccl_device_gfx950.dir/__/hipify/gensrc/specialized/specialized_allreduce_ring_ll128_minmax_f8e4m3_1_0_2_1.o
[1054/4366] Building RCCLDEV object src/CMakeFiles/rccl_device_gfx950.dir/__/hipify/gensrc/specialized/specialized_allreduce_ring_ll128_prod_f8e5m2_0_0_1_1.o
[1055/4366] Building RCCLDEV object src/CMakeFiles/rccl_device_gfx950.dir/__/hipify/gensrc/specialized/specialized_allreduce_ring_ll128_minmax_f8e5m2_0_0_2_2.o
[1056/4366] Building RCCLDEV object src/CMakeFiles/rccl_device_gfx950.dir/__/hipify/gensrc/specialized/specialized_allreduce_ring_ll128_sum_f8e4m3_1_0_1_2.o
[1057/4366] Building RCCLDEV object src/CMakeFiles/rccl_device_gfx950.dir/__/hipify/gensrc/specialized/specialized_allreduce_ring_ll128_minmax_f8e4m3_1_0_4_1.o
[1058/4366] Building RCCLDEV object src/CMakeFiles/rccl_device_gfx950.dir/__/hipify/gensrc/specialized/specialized_allreduce_ring_ll128_minmax_f8e4m3_0_0_2_1.o
[1059/4366] Building RCCLDEV object src/CMakeFiles/rccl_device_gfx950.dir/__/hipify/gensrc/specialized/specialized_allreduce_ring_ll128_prod_f8e5m2_0_0_1_2.o
[1060/4366] Building RCCLDEV object src/CMakeFiles/rccl_device_gfx950.dir/__/hipify/gensrc/specialized/specialized_allreduce_ring_ll128_minmax_f8e5m2_0_0_2_1.o
[1061/4366] Building RCCLDEV object src/CMakeFiles/rccl_device_gfx950.dir/__/hipify/gensrc/specialized/specialized_allreduce_ring_ll128_minmax_f8e4m3_1_0_4_2.o
[1062/4366] Building RCCLDEV object src/CMakeFiles/rccl_device_gfx950.dir/__/hipify/gensrc/specialized/specialized_reducescatter_pat_simple_prod_f8e4m3_0_0_4.o
[1063/4366] Building RCCLDEV object src/CMakeFiles/rccl_device_gfx950.dir/__/hipify/gensrc/specialized/specialized_allreduce_ring_ll128_minmax_f8e5m2_1_0_4_1.o
[1064/4366] Building RCCLDEV object src/CMakeFiles/rccl_device_gfx950.dir/__/hipify/gensrc/specialized/specialized_reducescatter_pat_simple_prod_f8e5m2_0_0_4.o
[1065/4366] Building RCCLDEV object src/CMakeFiles/rccl_device_gfx950.dir/__/hipify/gensrc/specialized/specialized_allreduce_tree_ll128_minmax_f8e4m3_0_0_1_1.o
[1066/4366] Building RCCLDEV object src/CMakeFiles/rccl_device_gfx950.dir/__/hipify/gensrc/specialized/specialized_allreduce_ring_ll128_sum_f8e5m2_1_0_1_2.o
[1067/4366] Building RCCLDEV object src/CMakeFiles/rccl_device_gfx950.dir/__/hipify/gensrc/specialized/specialized_allreduce_ring_ll128_minmax_f8e5m2_1_0_4_2.o
[1068/4366] Building RCCLDEV object src/CMakeFiles/rccl_device_gfx950.dir/__/hipify/gensrc/specialized/specialized_allreduce_ring_ll128_sum_f8e4m3_1_0_1_1.o
[1069/4366] Building RCCLDEV object src/CMakeFiles/rccl_device_gfx950.dir/__/hipify/gensrc/specialized/specialized_allreduce_tree_ll128_prod_f8e5m2_1_0_1_2.o
[1070/4366] Building RCCLDEV object src/CMakeFiles/rccl_device_gfx950.dir/__/hipify/gensrc/specialized/specialized_allreduce_tree_ll128_prod_f8e4m3_1_0_4_2.o
[1071/4366] Building RCCLDEV object src/CMakeFiles/rccl_device_gfx950.dir/__/hipify/gensrc/specialized/specialized_allreduce_ring_ll128_minmax_f8e4m3_0_0_1_2.o
[1072/4366] Building RCCLDEV object src/CMakeFiles/rccl_device_gfx950.dir/__/hipify/gensrc/specialized/specialized_allreduce_ring_ll128_premulsum_f8e4m3_0_0_1_1.o
[1073/4366] Building RCCLDEV object src/CMakeFiles/rccl_device_gfx950.dir/__/hipify/gensrc/specialized/specialized_allreduce_ring_ll128_premulsum_f8e4m3_0_0_1_2.o
[1074/4366] Building RCCLDEV object src/CMakeFiles/rccl_device_gfx950.dir/__/hipify/gensrc/specialized/specialized_allreduce_ring_ll128_premulsum_f8e5m2_0_0_1_1.o
[1075/4366] Building RCCLDEV object src/CMakeFiles/rccl_device_gfx950.dir/__/hipify/gensrc/specialized/specialized_reducescatter_ring_simple_sum_f8e5m2_0_0_2.o
[1076/4366] Building RCCLDEV object src/CMakeFiles/rccl_device_gfx950.dir/__/hipify/gensrc/specialized/specialized_reducescatter_ring_simple_sum_f8e4m3_0_0_2.o
[1077/4366] Building RCCLDEV object src/CMakeFiles/rccl_device_gfx950.dir/__/hipify/gensrc/specialized/specialized_reducescatter_pat_simple_minmax_f8e5m2_0_0_4.o
[1078/4366] Building RCCLDEV object src/CMakeFiles/rccl_device_gfx950.dir/__/hipify/gensrc/specialized/specialized_allreduce_tree_ll128_prod_f8e5m2_1_0_2_2.o
[1079/4366] Building RCCLDEV object src/CMakeFiles/rccl_device_gfx950.dir/__/hipify/gensrc/specialized/specialized_allreduce_ring_ll128_premulsum_f8e5m2_0_0_1_2.o
[1080/4366] Building RCCLDEV object src/CMakeFiles/rccl_device_gfx950.dir/__/hipify/gensrc/specialized/specialized_allreduce_ring_ll128_sum_f8e5m2_1_0_1_1.o
[1081/4366] Building RCCLDEV object src/CMakeFiles/rccl_device_gfx950.dir/__/hipify/gensrc/specialized/specialized_reduce_ring_ll_sum_f64_0_0_1.o
[1082/4366] Building RCCLDEV object src/CMakeFiles/rccl_device_gfx950.dir/__/hipify/gensrc/specialized/specialized_allreduce_ring_ll128_premulsum_f8e4m3_1_0_2_2.o
[1083/4366] Building RCCLDEV object src/CMakeFiles/rccl_device_gfx950.dir/__/hipify/gensrc/specialized/specialized_allreduce_tree_ll128_prod_f8e5m2_1_0_1_1.o
[1084/4366] Building RCCLDEV object src/CMakeFiles/rccl_device_gfx950.dir/__/hipify/gensrc/specialized/specialized_reduce_ring_ll_prod_u8_0_0_1.o
[1085/4366] Building RCCLDEV object src/CMakeFiles/rccl_device_gfx950.dir/__/hipify/gensrc/specialized/specialized_reducescatter_pat_simple_minmax_f8e4m3_0_0_4.o
[1086/4366] Building RCCLDEV object src/CMakeFiles/rccl_device_gfx950.dir/__/hipify/gensrc/specialized/specialized_reduce_ring_ll_sum_f32_0_0_1.o
[1087/4366] Building RCCLDEV object src/CMakeFiles/rccl_device_gfx950.dir/__/hipify/gensrc/specialized/specialized_allreduce_ring_ll128_premulsum_f8e5m2_1_0_2_2.o
[1088/4366] Building RCCLDEV object src/CMakeFiles/rccl_device_gfx950.dir/__/hipify/gensrc/specialized/specialized_reduce_ring_ll_sum_f16_0_0_1.o
[1089/4366] Building RCCLDEV object src/CMakeFiles/rccl_device_gfx950.dir/__/hipify/gensrc/specialized/specialized_allreduce_ring_ll128_premulsum_f8e4m3_1_0_2_1.o
[1090/4366] Building RCCLDEV object src/CMakeFiles/rccl_device_gfx950.dir/__/hipify/gensrc/specialized/specialized_reducescatter_ring_simple_premulsum_f8e4m3_0_0_1.o
[1091/4366] Building RCCLDEV object src/CMakeFiles/rccl_device_gfx950.dir/__/hipify/gensrc/specialized/specialized_allreduce_ring_ll128_prod_f8e4m3_1_0_2_2.o
[1092/4366] Building RCCLDEV object src/CMakeFiles/rccl_device_gfx950.dir/__/hipify/gensrc/specialized/specialized_allreduce_ring_ll128_premulsum_f8e5m2_1_0_2_1.o
[1093/4366] Building RCCLDEV object src/CMakeFiles/rccl_device_gfx950.dir/__/hipify/gensrc/specialized/specialized_allreduce_ring_ll128_minmax_f8e4m3_0_0_1_1.o
[1094/4366] Building RCCLDEV object src/CMakeFiles/rccl_device_gfx950.dir/__/hipify/gensrc/specialized/specialized_allreduce_ring_ll128_minmax_f8e5m2_0_0_1_2.o
[1095/4366] Building RCCLDEV object src/CMakeFiles/rccl_device_gfx950.dir/__/hipify/gensrc/specialized/specialized_reducescatter_ring_simple_premulsum_f8e5m2_0_0_1.o
[1096/4366] Building RCCLDEV object src/CMakeFiles/rccl_device_gfx950.dir/__/hipify/gensrc/specialized/specialized_allreduce_ring_ll128_prod_f8e5m2_1_0_2_2.o
[1097/4366] Building RCCLDEV object src/CMakeFiles/rccl_device_gfx950.dir/__/hipify/gensrc/specialized/specialized_allreduce_ring_ll128_minmax_f8e5m2_0_0_1_1.o
[1098/4366] Building RCCLDEV object src/CMakeFiles/rccl_device_gfx950.dir/__/hipify/gensrc/specialized/specialized_allreduce_ring_ll128_prod_f8e4m3_1_0_2_1.o
[1099/4366] Building RCCLDEV object src/CMakeFiles/rccl_device_gfx950.dir/__/hipify/gensrc/specialized/specialized_reducescatter_ring_simple_prod_f8e5m2_0_0_1.o
[1100/4366] Building RCCLDEV object src/CMakeFiles/rccl_device_gfx950.dir/__/hipify/gensrc/specialized/specialized_allreduce_ring_ll128_prod_f8e5m2_1_0_2_1.o
[1101/4366] Building RCCLDEV object src/CMakeFiles/rccl_device_gfx950.dir/__/hipify/gensrc/specialized/specialized_reducescatter_ring_simple_prod_f8e4m3_0_0_1.o
[1102/4366] Building RCCLDEV object src/CMakeFiles/rccl_device_gfx950.dir/__/hipify/gensrc/specialized/specialized_allreduce_ring_ll128_premulsum_f8e5m2_1_0_1_2.o
[1103/4366] Building RCCLDEV object src/CMakeFiles/rccl_device_gfx950.dir/__/hipify/gensrc/specialized/specialized_allreduce_ring_ll128_premulsum_f8e4m3_1_0_1_2.o
[1104/4366] Building RCCLDEV object src/CMakeFiles/rccl_device_gfx950.dir/__/hipify/gensrc/specialized/specialized_allreduce_tree_ll128_minmax_f8e4m3_1_0_2_2.o
[1105/4366] Building RCCLDEV object src/CMakeFiles/rccl_device_gfx950.dir/__/hipify/gensrc/specialized/specialized_allreduce_tree_ll128_minmax_f8e5m2_1_0_1_2.o
[1106/4366] Building RCCLDEV object src/CMakeFiles/rccl_device_gfx950.dir/__/hipify/gensrc/specialized/specialized_reducescatter_ring_simple_sum_f8e5m2_0_0_4.o
[1107/4366] Building RCCLDEV object src/CMakeFiles/rccl_device_gfx950.dir/__/hipify/gensrc/specialized/specialized_allreduce_tree_ll128_minmax_f8e5m2_1_0_1_1.o
[1108/4366] Building RCCLDEV object src/CMakeFiles/rccl_device_gfx950.dir/__/hipify/gensrc/specialized/specialized_allreduce_ring_ll128_premulsum_f8e5m2_1_0_1_1.o
[1109/4366] Building RCCLDEV object src/CMakeFiles/rccl_device_gfx950.dir/__/hipify/gensrc/specialized/specialized_allreduce_tree_ll128_minmax_f8e5m2_1_0_4_2.o
[1110/4366] Building RCCLDEV object src/CMakeFiles/rccl_device_gfx950.dir/__/hipify/gensrc/specialized/specialized_reducescatter_ring_simple_sum_f8e4m3_0_0_4.o
[1111/4366] Building RCCLDEV object src/CMakeFiles/rccl_device_gfx950.dir/__/hipify/gensrc/specialized/specialized_reducescatter_ring_simple_minmax_f8e4m3_0_0_1.o
[1112/4366] Building RCCLDEV object src/CMakeFiles/rccl_device_gfx950.dir/__/hipify/gensrc/specialized/specialized_allreduce_ring_ll128_prod_f8e5m2_1_0_1_2.o
[1113/4366] Building RCCLDEV object src/CMakeFiles/rccl_device_gfx950.dir/__/hipify/gensrc/specialized/specialized_allreduce_tree_ll128_minmax_f8e5m2_1_0_2_2.o
[1114/4366] Building RCCLDEV object src/CMakeFiles/rccl_device_gfx950.dir/__/hipify/gensrc/specialized/specialized_reducescatter_ring_simple_minmax_f8e5m2_0_0_1.o
[1115/4366] Building RCCLDEV object src/CMakeFiles/rccl_device_gfx950.dir/__/hipify/gensrc/specialized/specialized_allreduce_ring_ll128_prod_f8e5m2_1_0_1_1.o
[1116/4366] Building RCCLDEV object src/CMakeFiles/rccl_device_gfx950.dir/__/hipify/gensrc/specialized/specialized_allreduce_tree_ll128_minmax_f8e5m2_1_0_4_1.o
[1117/4366] Building RCCLDEV object src/CMakeFiles/rccl_device_gfx950.dir/__/hipify/gensrc/specialized/specialized_allreduce_ring_ll128_premulsum_f8e4m3_1_0_1_1.o
[1118/4366] Building RCCLDEV object src/CMakeFiles/rccl_device_gfx950.dir/__/hipify/gensrc/specialized/specialized_allreduce_ring_ll128_prod_f8e4m3_1_0_1_2.o
[1119/4366] Building RCCLDEV object src/CMakeFiles/rccl_device_gfx950.dir/__/hipify/gensrc/specialized/specialized_allreduce_tree_ll128_minmax_f8e4m3_1_0_4_2.o
[1120/4366] Building RCCLDEV object src/CMakeFiles/rccl_device_gfx950.dir/__/hipify/gensrc/specialized/specialized_allreduce_tree_ll128_minmax_f8e4m3_1_0_4_1.o
[1121/4366] Building RCCLDEV object src/CMakeFiles/rccl_device_gfx950.dir/__/hipify/gensrc/specialized/specialized_allreduce_tree_ll128_minmax_f8e4m3_1_0_1_1.o
[1122/4366] Building RCCLDEV object src/CMakeFiles/rccl_device_gfx950.dir/__/hipify/gensrc/specialized/specialized_allreduce_tree_ll128_minmax_f8e5m2_1_0_2_1.o
[1123/4366] Building RCCLDEV object src/CMakeFiles/rccl_device_gfx950.dir/__/hipify/gensrc/specialized/specialized_allreduce_ring_ll128_prod_f8e4m3_1_0_1_1.o
[1124/4366] Building RCCLDEV object src/CMakeFiles/rccl_device_gfx950.dir/__/hipify/gensrc/specialized/specialized_allreduce_tree_ll128_minmax_f8e4m3_1_0_2_1.o
[1125/4366] Building RCCLDEV object src/CMakeFiles/rccl_device_gfx950.dir/__/hipify/gensrc/specialized/specialized_allreduce_tree_ll128_minmax_f8e4m3_1_0_1_2.o
[1126/4366] Building RCCLDEV object src/CMakeFiles/rccl_device_gfx950.dir/__/hipify/gensrc/specialized/specialized_reducescatter_ring_simple_sumpostdiv_u32_0_0_2.o
[1127/4366] Building RCCLDEV object src/CMakeFiles/rccl_device_gfx950.dir/__/hipify/gensrc/specialized/specialized_reducescatter_ring_simple_premulsum_f8e5m2_0_0_2.o
[1128/4366] Building RCCLDEV object src/CMakeFiles/rccl_device_gfx950.dir/__/hipify/gensrc/specialized/specialized_reducescatter_ring_simple_premulsum_f8e4m3_0_0_2.o
[1129/4366] Building RCCLDEV object src/CMakeFiles/rccl_device_gfx950.dir/__/hipify/gensrc/specialized/specialized_reducescatter_ring_simple_prod_f8e4m3_0_0_2.o
[1130/4366] Building RCCLDEV object src/CMakeFiles/rccl_device_gfx950.dir/__/hipify/gensrc/specialized/specialized_reducescatter_ring_simple_prod_f8e5m2_0_0_2.o
[1131/4366] Building RCCLDEV object src/CMakeFiles/rccl_device_gfx950.dir/__/hipify/gensrc/specialized/specialized_allreduce_ring_ll128_minmax_f8e4m3_1_0_2_2.o
[1132/4366] Building RCCLDEV object src/CMakeFiles/rccl_device_gfx950.dir/__/hipify/gensrc/specialized/specialized_allreduce_ring_ll128_minmax_f8e5m2_1_0_2_2.o
[1133/4366] Building RCCLDEV object src/CMakeFiles/rccl_device_gfx950.dir/__/hipify/gensrc/specialized/specialized_allreduce_ring_ll128_minmax_f8e5m2_1_0_2_1.o
[1134/4366] Building RCCLDEV object src/CMakeFiles/rccl_device_gfx950.dir/__/hipify/gensrc/specialized/specialized_reducescatter_ring_simple_minmax_f8e5m2_0_0_2.o
[1135/4366] Building RCCLDEV object src/CMakeFiles/rccl_device_gfx950.dir/__/hipify/gensrc/specialized/specialized_reducescatter_ring_simple_minmax_f8e4m3_0_0_2.o
[1136/4366] Building RCCLDEV object src/CMakeFiles/rccl_device_gfx950.dir/__/hipify/gensrc/specialized/specialized_reduce_ring_simple_sum_f16_0_0_4.o
[1137/4366] Building RCCLDEV object src/CMakeFiles/rccl_device_gfx950.dir/__/hipify/gensrc/specialized/specialized_reduce_ring_simple_sum_u32_0_0_4.o
[1138/4366] Building RCCLDEV object src/CMakeFiles/rccl_device_gfx950.dir/__/hipify/gensrc/specialized/specialized_reduce_ring_simple_sum_f64_0_0_4.o
[1139/4366] Building RCCLDEV object src/CMakeFiles/rccl_device_gfx950.dir/__/hipify/gensrc/specialized/specialized_reduce_ring_simple_sum_bf16_0_0_4.o
[1140/4366] Building RCCLDEV object src/CMakeFiles/rccl_device_gfx950.dir/__/hipify/gensrc/specialized/specialized_reduce_ring_simple_minmax_u32_0_0_4.o
[1141/4366] Building RCCLDEV object src/CMakeFiles/rccl_device_gfx950.dir/__/hipify/gensrc/specialized/specialized_reduce_ring_simple_sum_u64_0_0_4.o
[1142/4366] Building RCCLDEV object src/CMakeFiles/rccl_device_gfx950.dir/__/hipify/gensrc/specialized/specialized_reduce_ring_simple_sum_f32_0_0_4.o
[1143/4366] Building RCCLDEV object src/CMakeFiles/rccl_device_gfx950.dir/__/hipify/gensrc/specialized/specialized_reduce_ring_simple_prod_f64_0_0_4.o
[1144/4366] Building RCCLDEV object src/CMakeFiles/rccl_device_gfx950.dir/__/hipify/gensrc/specialized/specialized_allreduce_ring_ll128_minmax_f8e5m2_1_0_1_1.o
[1145/4366] Building RCCLDEV object src/CMakeFiles/rccl_device_gfx950.dir/__/hipify/gensrc/specialized/specialized_reduce_ring_simple_premulsum_u32_0_0_4.o
[1146/4366] Building RCCLDEV object src/CMakeFiles/rccl_device_gfx950.dir/__/hipify/gensrc/specialized/specialized_reduce_ring_simple_prod_u64_0_0_4.o
[1147/4366] Building RCCLDEV object src/CMakeFiles/rccl_device_gfx950.dir/__/hipify/gensrc/specialized/specialized_reduce_ring_simple_premulsum_u64_0_0_4.o
[1148/4366] Building RCCLDEV object src/CMakeFiles/rccl_device_gfx950.dir/__/hipify/gensrc/specialized/specialized_reduce_ring_simple_prod_f32_0_0_4.o
[1149/4366] Building RCCLDEV object src/CMakeFiles/rccl_device_gfx950.dir/__/hipify/gensrc/specialized/specialized_reduce_ring_simple_prod_u32_0_0_4.o
[1150/4366] Building RCCLDEV object src/CMakeFiles/rccl_device_gfx950.dir/__/hipify/gensrc/specialized/specialized_reduce_ring_simple_premulsum_f64_0_0_4.o
[1151/4366] Building RCCLDEV object src/CMakeFiles/rccl_device_gfx950.dir/__/hipify/gensrc/specialized/specialized_reduce_ring_simple_sum_u8_0_0_4.o
[1152/4366] Building RCCLDEV object src/CMakeFiles/rccl_device_gfx950.dir/__/hipify/gensrc/specialized/specialized_allreduce_ring_ll128_minmax_f8e5m2_1_0_1_2.o
[1153/4366] Building RCCLDEV object src/CMakeFiles/rccl_device_gfx950.dir/__/hipify/gensrc/specialized/specialized_reduce_ring_simple_prod_f16_0_0_4.o
[1154/4366] Building RCCLDEV object src/CMakeFiles/rccl_device_gfx950.dir/__/hipify/gensrc/specialized/specialized_reduce_ring_simple_minmax_f64_0_0_4.o
[1155/4366] Building RCCLDEV object src/CMakeFiles/rccl_device_gfx950.dir/__/hipify/gensrc/specialized/specialized_reduce_ring_simple_prod_bf16_0_0_4.o
[1156/4366] Building RCCLDEV object src/CMakeFiles/rccl_device_gfx950.dir/__/hipify/gensrc/specialized/specialized_allreduce_ring_ll128_minmax_f8e4m3_1_0_1_2.o
[1157/4366] Building RCCLDEV object src/CMakeFiles/rccl_device_gfx950.dir/__/hipify/gensrc/specialized/specialized_reduce_ring_simple_minmax_f32_0_0_4.o
[1158/4366] Building RCCLDEV object src/CMakeFiles/rccl_device_gfx950.dir/__/hipify/gensrc/specialized/specialized_reduce_ring_simple_minmax_u64_0_0_4.o
[1159/4366] Building RCCLDEV object src/CMakeFiles/rccl_device_gfx950.dir/__/hipify/gensrc/specialized/specialized_reduce_ring_simple_premulsum_f32_0_0_4.o
[1160/4366] Building RCCLDEV object src/CMakeFiles/rccl_device_gfx950.dir/__/hipify/gensrc/specialized/specialized_reduce_ring_simple_sumpostdiv_u32_0_0_4.o
[1161/4366] Building RCCLDEV object src/CMakeFiles/rccl_device_gfx950.dir/__/hipify/gensrc/specialized/specialized_reduce_ring_simple_premulsum_bf16_0_0_4.o
[1162/4366] Building RCCLDEV object src/CMakeFiles/rccl_device_gfx950.dir/__/hipify/gensrc/specialized/specialized_allreduce_ring_simple_sum_f8e4m3_0_0_1.o
[1163/4366] Building RCCLDEV object src/CMakeFiles/rccl_device_gfx950.dir/__/hipify/gensrc/specialized/specialized_reduce_ring_simple_minmax_u8_0_0_4.o
[1164/4366] Building RCCLDEV object src/CMakeFiles/rccl_device_gfx950.dir/__/hipify/gensrc/specialized/specialized_reduce_ring_simple_premulsum_f16_0_0_4.o
[1165/4366] Building RCCLDEV object src/CMakeFiles/rccl_device_gfx950.dir/__/hipify/gensrc/specialized/specialized_reduce_ring_simple_prod_u8_0_0_4.o
[1166/4366] Building RCCLDEV object src/CMakeFiles/rccl_device_gfx950.dir/__/hipify/gensrc/specialized/specialized_reduce_ring_simple_minmax_bf16_0_0_4.o
[1167/4366] Building RCCLDEV object src/CMakeFiles/rccl_device_gfx950.dir/__/hipify/gensrc/specialized/specialized_allreduce_ring_simple_sum_f8e5m2_0_0_1.o
[1168/4366] Building RCCLDEV object src/CMakeFiles/rccl_device_gfx950.dir/__/hipify/gensrc/specialized/specialized_allreduce_ring_ll128_minmax_f8e4m3_1_0_1_1.o
[1169/4366] Building RCCLDEV object src/CMakeFiles/rccl_device_gfx950.dir/__/hipify/gensrc/specialized/specialized_allreduce_ring_simple_sum_f8e4m3_0_0_2.o
[1170/4366] Building RCCLDEV object src/CMakeFiles/rccl_device_gfx950.dir/__/hipify/gensrc/specialized/specialized_allreduce_ring_simple_sum_f8e5m2_0_0_2.o
[1171/4366] Building RCCLDEV object src/CMakeFiles/rccl_device_gfx950.dir/__/hipify/gensrc/specialized/specialized_reduce_ring_simple_prod_bf16_0_1_4.o
[1172/4366] Building RCCLDEV object src/CMakeFiles/rccl_device_gfx950.dir/__/hipify/gensrc/specialized/specialized_reduce_ring_simple_premulsum_u8_0_0_4.o
[1173/4366] Building RCCLDEV object src/CMakeFiles/rccl_device_gfx950.dir/__/hipify/gensrc/specialized/specialized_reduce_ring_simple_sum_bf16_0_1_4.o
[1174/4366] Building RCCLDEV object src/CMakeFiles/rccl_device_gfx950.dir/__/hipify/gensrc/specialized/specialized_reducescatter_ring_simple_sumpostdiv_u8_0_0_2.o
[1175/4366] Building RCCLDEV object src/CMakeFiles/rccl_device_gfx950.dir/__/hipify/gensrc/specialized/specialized_allreduce_ring_simple_premulsum_f8e4m3_0_0_1.o
[1176/4366] Building RCCLDEV object src/CMakeFiles/rccl_device_gfx950.dir/__/hipify/gensrc/specialized/specialized_reduce_ring_simple_minmax_bf16_0_1_4.o
[1177/4366] Building RCCLDEV object src/CMakeFiles/rccl_device_gfx950.dir/__/hipify/gensrc/specialized/specialized_allreduce_tree_simple_sum_f8e5m2_0_0_1.o
[1178/4366] Building RCCLDEV object src/CMakeFiles/rccl_device_gfx950.dir/__/hipify/gensrc/specialized/specialized_reduce_ring_simple_sumpostdiv_u64_0_0_4.o
[1179/4366] Building RCCLDEV object src/CMakeFiles/rccl_device_gfx950.dir/__/hipify/gensrc/specialized/specialized_allreduce_ring_simple_prod_f8e5m2_0_0_1.o
[1180/4366] Building RCCLDEV object src/CMakeFiles/rccl_device_gfx950.dir/__/hipify/gensrc/specialized/specialized_allreduce_ring_simple_premulsum_f8e5m2_0_0_1.o
[1181/4366] Building RCCLDEV object src/CMakeFiles/rccl_device_gfx950.dir/__/hipify/gensrc/specialized/specialized_allreduce_ring_simple_prod_f8e4m3_0_0_1.o
[1182/4366] Building RCCLDEV object src/CMakeFiles/rccl_device_gfx950.dir/__/hipify/gensrc/specialized/specialized_allreduce_tree_simple_sum_f8e4m3_0_0_1.o
[1183/4366] Building RCCLDEV object src/CMakeFiles/rccl_device_gfx950.dir/__/hipify/gensrc/specialized/specialized_reducescatter_ring_simple_premulsum_f8e5m2_0_0_4.o
[1184/4366] Building RCCLDEV object src/CMakeFiles/rccl_device_gfx950.dir/__/hipify/gensrc/specialized/specialized_allreduce_ring_simple_minmax_f8e5m2_0_0_1.o
[1185/4366] Building RCCLDEV object src/CMakeFiles/rccl_device_gfx950.dir/__/hipify/gensrc/specialized/specialized_allreduce_ring_simple_minmax_f8e4m3_0_0_1.o
[1186/4366] Building RCCLDEV object src/CMakeFiles/rccl_device_gfx950.dir/__/hipify/gensrc/specialized/specialized_allreduce_tree_simple_minmax_u64_1_0_1.o
[1187/4366] Building RCCLDEV object src/CMakeFiles/rccl_device_gfx950.dir/__/hipify/gensrc/specialized/specialized_reduce_ring_simple_premulsum_bf16_0_1_4.o
[1188/4366] Building RCCLDEV object src/CMakeFiles/rccl_device_gfx950.dir/__/hipify/gensrc/specialized/specialized_reduce_ring_simple_sumpostdiv_u8_0_0_4.o
[1189/4366] Building RCCLDEV object src/CMakeFiles/rccl_device_gfx950.dir/__/hipify/gensrc/specialized/specialized_broadcast_ring_simple_sum_i8_0_0_4.o
[1190/4366] Building RCCLDEV object src/CMakeFiles/rccl_device_gfx950.dir/__/hipify/gensrc/specialized/specialized_allreduce_ring_simple_sum_f8e5m2_0_0_4.o
[1191/4366] Building RCCLDEV object src/CMakeFiles/rccl_device_gfx950.dir/__/hipify/gensrc/specialized/specialized_reducescatter_ring_simple_premulsum_f8e4m3_0_0_4.o
[1192/4366] Building RCCLDEV object src/CMakeFiles/rccl_device_gfx950.dir/__/hipify/gensrc/specialized/specialized_reduce_ring_simple_sum_f64_0_0_2.o
[1193/4366] Building RCCLDEV object src/CMakeFiles/rccl_device_gfx950.dir/__/hipify/gensrc/specialized/specialized_reduce_ring_simple_minmax_f16_0_0_4.o
[1194/4366] Building RCCLDEV object src/CMakeFiles/rccl_device_gfx950.dir/__/hipify/gensrc/specialized/specialized_allreduce_ring_simple_sum_f8e4m3_1_0_1.o
[1195/4366] Building RCCLDEV object src/CMakeFiles/rccl_device_gfx950.dir/__/hipify/gensrc/specialized/specialized_allreduce_ring_simple_sum_f8e4m3_0_0_4.o
[1196/4366] Building RCCLDEV object src/CMakeFiles/rccl_device_gfx950.dir/__/hipify/gensrc/specialized/specialized_allreduce_ring_simple_sum_f8e5m2_1_0_1.o
[1197/4366] Building RCCLDEV object src/CMakeFiles/rccl_device_gfx950.dir/__/hipify/gensrc/specialized/specialized_reduce_ring_simple_sum_u64_0_0_2.o
[1198/4366] Building RCCLDEV object src/CMakeFiles/rccl_device_gfx950.dir/__/hipify/gensrc/specialized/specialized_reduce_ring_simple_sum_f16_0_0_2.o
[1199/4366] Building RCCLDEV object src/CMakeFiles/rccl_device_gfx950.dir/__/hipify/gensrc/specialized/specialized_reducescatter_ring_simple_prod_f8e5m2_0_0_4.o
[1200/4366] Building RCCLDEV object src/CMakeFiles/rccl_device_gfx950.dir/__/hipify/gensrc/specialized/specialized_reducescatter_ring_simple_prod_f8e4m3_0_0_4.o
[1201/4366] Building RCCLDEV object src/CMakeFiles/rccl_device_gfx950.dir/__/hipify/gensrc/specialized/specialized_reduce_ring_simple_sum_u32_0_0_2.o
[1202/4366] Building RCCLDEV object src/CMakeFiles/rccl_device_gfx950.dir/__/hipify/gensrc/specialized/specialized_allreduce_ring_simple_prod_f8e4m3_0_0_2.o
[1203/4366] Building RCCLDEV object src/CMakeFiles/rccl_device_gfx950.dir/__/hipify/gensrc/specialized/specialized_reduce_ring_simple_sum_f32_0_0_2.o
[1204/4366] Building RCCLDEV object src/CMakeFiles/rccl_device_gfx950.dir/__/hipify/gensrc/specialized/specialized_allreduce_ring_simple_prod_f8e5m2_0_0_2.o
[1205/4366] Building RCCLDEV object src/CMakeFiles/rccl_device_gfx950.dir/__/hipify/gensrc/specialized/specialized_reduce_ring_simple_sum_u8_0_0_2.o
[1206/4366] Building RCCLDEV object src/CMakeFiles/rccl_device_gfx950.dir/__/hipify/gensrc/specialized/specialized_allreduce_tree_simple_sum_f8e5m2_0_0_2.o
[1207/4366] Building RCCLDEV object src/CMakeFiles/rccl_device_gfx950.dir/__/hipify/gensrc/specialized/specialized_reduce_ring_simple_sum_bf16_0_0_2.o
[1208/4366] Building RCCLDEV object src/CMakeFiles/rccl_device_gfx950.dir/__/hipify/gensrc/specialized/specialized_reduce_ring_simple_prod_u8_0_0_2.o
[1209/4366] Building RCCLDEV object src/CMakeFiles/rccl_device_gfx950.dir/__/hipify/gensrc/specialized/specialized_reduce_ring_simple_prod_f16_0_0_2.o
[1210/4366] Building RCCLDEV object src/CMakeFiles/rccl_device_gfx950.dir/__/hipify/gensrc/specialized/specialized_reduce_ring_simple_prod_u64_0_0_2.o
[1211/4366] Building RCCLDEV object src/CMakeFiles/rccl_device_gfx950.dir/__/hipify/gensrc/specialized/specialized_reduce_ring_simple_prod_u32_0_0_2.o
[1212/4366] Building RCCLDEV object src/CMakeFiles/rccl_device_gfx950.dir/__/hipify/gensrc/specialized/specialized_reduce_ring_simple_prod_f64_0_0_2.o
[1213/4366] Building RCCLDEV object src/CMakeFiles/rccl_device_gfx950.dir/__/hipify/gensrc/specialized/specialized_allreduce_tree_simple_sum_f8e4m3_0_0_2.o
[1214/4366] Building RCCLDEV object src/CMakeFiles/rccl_device_gfx950.dir/__/hipify/gensrc/specialized/specialized_reduce_ring_simple_prod_f32_0_0_2.o
[1215/4366] Building RCCLDEV object src/CMakeFiles/rccl_device_gfx950.dir/__/hipify/gensrc/specialized/specialized_alltoallpivot_ring_simple_sum_i8_0_0_4.o
[1216/4366] Building RCCLDEV object src/CMakeFiles/rccl_device_gfx950.dir/__/hipify/gensrc/specialized/specialized_reducescatter_ring_simple_sum_f64_0_0_4.o
[1217/4366] Building RCCLDEV object src/CMakeFiles/rccl_device_gfx950.dir/__/hipify/gensrc/specialized/specialized_reduce_ring_simple_prod_bf16_0_0_2.o
[1218/4366] Building RCCLDEV object src/CMakeFiles/rccl_device_gfx950.dir/__/hipify/gensrc/specialized/specialized_allreduce_tree_simple_premulsum_f8e5m2_0_0_1.o
[1219/4366] Building RCCLDEV object src/CMakeFiles/rccl_device_gfx950.dir/__/hipify/gensrc/specialized/specialized_allgatherv_ring_simple_sum_i8_0_0_4.o
[1220/4366] Building RCCLDEV object src/CMakeFiles/rccl_device_gfx950.dir/__/hipify/gensrc/specialized/specialized_reducescatter_ring_simple_prod_u64_0_0_4.o
[1221/4366] Building RCCLDEV object src/CMakeFiles/rccl_device_gfx950.dir/__/hipify/gensrc/specialized/specialized_allreduce_ring_simple_minmax_f8e4m3_0_0_2.o
[1222/4366] Building RCCLDEV object src/CMakeFiles/rccl_device_gfx950.dir/__/hipify/gensrc/specialized/specialized_reduce_ring_simple_premulsum_u64_0_0_2.o
[1223/4366] Building RCCLDEV object src/CMakeFiles/rccl_device_gfx950.dir/__/hipify/gensrc/specialized/specialized_reducescatter_ring_simple_sum_u64_0_0_4.o
[1224/4366] Building RCCLDEV object src/CMakeFiles/rccl_device_gfx950.dir/__/hipify/gensrc/specialized/specialized_reduce_ring_simple_premulsum_f16_0_0_2.o
[1225/4366] Building RCCLDEV object src/CMakeFiles/rccl_device_gfx950.dir/__/hipify/gensrc/specialized/specialized_reducescatter_ring_simple_prod_f64_0_0_4.o
[1226/4366] Building RCCLDEV object src/CMakeFiles/rccl_device_gfx950.dir/__/hipify/gensrc/specialized/specialized_allreduce_ring_simple_sum_f8e4m3_1_0_2.o
[1227/4366] Building RCCLDEV object src/CMakeFiles/rccl_device_gfx950.dir/__/hipify/gensrc/specialized/specialized_reduce_ring_simple_minmax_f64_0_0_2.o
[1228/4366] Building RCCLDEV object src/CMakeFiles/rccl_device_gfx950.dir/__/hipify/gensrc/specialized/specialized_sendrecv_ring_simple_sum_i8_0_0_4.o
[1229/4366] Building RCCLDEV object src/CMakeFiles/rccl_device_gfx950.dir/__/hipify/gensrc/specialized/specialized_reduce_ring_simple_minmax_u64_0_0_2.o
[1230/4366] Building RCCLDEV object src/CMakeFiles/rccl_device_gfx950.dir/__/hipify/gensrc/specialized/specialized_reduce_ring_simple_sum_bf16_0_1_2.o
[1231/4366] Building RCCLDEV object src/CMakeFiles/rccl_device_gfx950.dir/__/hipify/gensrc/specialized/specialized_reduce_ring_simple_premulsum_u32_0_0_2.o
[1232/4366] Building RCCLDEV object src/CMakeFiles/rccl_device_gfx950.dir/__/hipify/gensrc/specialized/specialized_reduce_ring_simple_minmax_f32_0_0_2.o
[1233/4366] Building RCCLDEV object src/CMakeFiles/rccl_device_gfx950.dir/__/hipify/gensrc/specialized/specialized_allreduce_tree_simple_prod_f8e4m3_0_0_1.o
[1234/4366] Building RCCLDEV object src/CMakeFiles/rccl_device_gfx950.dir/__/hipify/gensrc/specialized/specialized_allreduce_tree_simple_minmax_f16_0_0_1.o
[1235/4366] Building RCCLDEV object src/CMakeFiles/rccl_device_gfx950.dir/__/hipify/gensrc/specialized/specialized_reducescatter_ring_simple_sum_f16_0_0_4.o
[1236/4366] Building RCCLDEV object src/CMakeFiles/rccl_device_gfx950.dir/__/hipify/gensrc/specialized/specialized_reducescatter_ring_simple_prod_u32_0_0_4.o
[1237/4366] Building RCCLDEV object src/CMakeFiles/rccl_device_gfx950.dir/__/hipify/gensrc/specialized/specialized_reduce_ring_simple_minmax_u32_0_0_2.o
[1238/4366] Building RCCLDEV object src/CMakeFiles/rccl_device_gfx950.dir/__/hipify/gensrc/specialized/specialized_reduce_ring_simple_minmax_bf16_0_0_2.o
[1239/4366] Building RCCLDEV object src/CMakeFiles/rccl_device_gfx950.dir/__/hipify/gensrc/specialized/specialized_reduce_ring_simple_premulsum_f64_0_0_2.o
[1240/4366] Building RCCLDEV object src/CMakeFiles/rccl_device_gfx950.dir/__/hipify/gensrc/specialized/specialized_reduce_ring_simple_premulsum_f32_0_0_2.o
[1241/4366] Building RCCLDEV object src/CMakeFiles/rccl_device_gfx950.dir/__/hipify/gensrc/specialized/specialized_allreduce_ring_simple_sum_f8e5m2_1_0_2.o
[1242/4366] Building RCCLDEV object src/CMakeFiles/rccl_device_gfx950.dir/__/hipify/gensrc/specialized/specialized_reduce_ring_simple_prod_bf16_0_1_2.o
[1243/4366] Building RCCLDEV object src/CMakeFiles/rccl_device_gfx950.dir/__/hipify/gensrc/specialized/specialized_sendrecv_ring_simple_sum_i8_0_0_32_1.o
[1244/4366] Building RCCLDEV object src/CMakeFiles/rccl_device_gfx950.dir/__/hipify/gensrc/specialized/specialized_allreduce_tree_simple_prod_f8e5m2_0_0_1.o
[1245/4366] Building RCCLDEV object src/CMakeFiles/rccl_device_gfx950.dir/__/hipify/gensrc/specialized/specialized_allreduce_ring_simple_premulsum_f8e5m2_0_0_2.o
[1246/4366] Building RCCLDEV object src/CMakeFiles/rccl_device_gfx950.dir/__/hipify/gensrc/specialized/specialized_allreduce_ring_simple_premulsum_f8e4m3_0_0_2.o
[1247/4366] Building RCCLDEV object src/CMakeFiles/rccl_device_gfx950.dir/__/hipify/gensrc/specialized/specialized_reducescatter_ring_simple_prod_f32_0_0_4.o
[1248/4366] Building RCCLDEV object src/CMakeFiles/rccl_device_gfx950.dir/__/hipify/gensrc/specialized/specialized_reducescatter_ring_simple_minmax_f8e5m2_0_0_4.o
[1249/4366] Building RCCLDEV object src/CMakeFiles/rccl_device_gfx950.dir/__/hipify/gensrc/specialized/specialized_reducescatter_ring_simple_minmax_f8e4m3_0_0_4.o
[1250/4366] Building RCCLDEV object src/CMakeFiles/rccl_device_gfx950.dir/__/hipify/gensrc/specialized/specialized_reducescatter_ring_simple_minmax_f64_0_0_4.o
[1251/4366] Building RCCLDEV object src/CMakeFiles/rccl_device_gfx950.dir/__/hipify/gensrc/specialized/specialized_reduce_ring_simple_minmax_u8_0_0_2.o
[1252/4366] Building RCCLDEV object src/CMakeFiles/rccl_device_gfx950.dir/__/hipify/gensrc/specialized/specialized_reducescatter_ring_simple_sum_u32_0_0_4.o
[1253/4366] Building RCCLDEV object src/CMakeFiles/rccl_device_gfx950.dir/__/hipify/gensrc/specialized/specialized_reduce_ring_simple_premulsum_bf16_0_0_2.o
[1254/4366] Building RCCLDEV object src/CMakeFiles/rccl_device_gfx950.dir/__/hipify/gensrc/specialized/specialized_reducescatter_ring_simple_sum_f32_0_0_4.o
[1255/4366] Building RCCLDEV object src/CMakeFiles/rccl_device_gfx950.dir/__/hipify/gensrc/specialized/specialized_sendrecv_ring_simple_sum_i8_0_0_4_1.o
[1256/4366] Building RCCLDEV object src/CMakeFiles/rccl_device_gfx950.dir/__/hipify/gensrc/specialized/specialized_allreduce_ring_simple_premulsum_f8e5m2_1_0_1.o
[1257/4366] Building RCCLDEV object src/CMakeFiles/rccl_device_gfx950.dir/__/hipify/gensrc/specialized/specialized_reducescatter_ring_simple_premulsum_u64_0_0_4.o
[1258/4366] Building RCCLDEV object src/CMakeFiles/rccl_device_gfx950.dir/__/hipify/gensrc/specialized/specialized_allreduce_ring_simple_minmax_f8e5m2_0_0_2.o
[1259/4366] Building RCCLDEV object src/CMakeFiles/rccl_device_gfx950.dir/__/hipify/gensrc/specialized/specialized_allreduce_tree_simple_minmax_f8e5m2_0_0_1.o
[1260/4366] Building RCCLDEV object src/CMakeFiles/rccl_device_gfx950.dir/__/hipify/gensrc/specialized/specialized_allreduce_tree_simple_sum_f8e5m2_1_0_1.o
[1261/4366] Building RCCLDEV object src/CMakeFiles/rccl_device_gfx950.dir/__/hipify/gensrc/specialized/specialized_reduce_ring_simple_premulsum_u8_0_0_2.o
[1262/4366] Building RCCLDEV object src/CMakeFiles/rccl_device_gfx950.dir/__/hipify/gensrc/specialized/specialized_allreduce_ring_simple_premulsum_f8e4m3_1_0_1.o
[1263/4366] Building RCCLDEV object src/CMakeFiles/rccl_device_gfx950.dir/__/hipify/gensrc/specialized/specialized_allreduce_tree_simple_sum_f8e4m3_1_0_1.o
[1264/4366] Building RCCLDEV object src/CMakeFiles/rccl_device_gfx950.dir/__/hipify/gensrc/specialized/specialized_reducescatter_ring_simple_minmax_u64_0_0_4.o
[1265/4366] Building RCCLDEV object src/CMakeFiles/rccl_device_gfx950.dir/__/hipify/gensrc/specialized/specialized_reduce_ring_simple_sumpostdiv_u32_0_0_2.o
[1266/4366] Building RCCLDEV object src/CMakeFiles/rccl_device_gfx950.dir/__/hipify/gensrc/specialized/specialized_reducescatter_ring_simple_premulsum_f64_0_0_4.o
[1267/4366] Building RCCLDEV object src/CMakeFiles/rccl_device_gfx950.dir/__/hipify/gensrc/specialized/specialized_reducescatter_ring_simple_sum_bf16_0_0_4.o
[1268/4366] Building RCCLDEV object src/CMakeFiles/rccl_device_gfx950.dir/__/hipify/gensrc/specialized/specialized_reducescatter_ring_simple_premulsum_f32_0_0_4.o
[1269/4366] Building RCCLDEV object src/CMakeFiles/rccl_device_gfx950.dir/__/hipify/gensrc/specialized/specialized_broadcast_ring_simple_sum_i8_0_0_2.o
[1270/4366] Building RCCLDEV object src/CMakeFiles/rccl_device_gfx950.dir/__/hipify/gensrc/specialized/specialized_reduce_ring_simple_minmax_bf16_0_1_2.o
[1271/4366] Building RCCLDEV object src/CMakeFiles/rccl_device_gfx950.dir/__/hipify/gensrc/specialized/specialized_reducescatter_ring_simple_prod_bf16_0_0_4.o
[1272/4366] Building RCCLDEV object src/CMakeFiles/rccl_device_gfx950.dir/__/hipify/gensrc/specialized/specialized_reducescatter_ring_simple_prod_f16_0_0_4.o
[1273/4366] Building RCCLDEV object src/CMakeFiles/rccl_device_gfx950.dir/__/hipify/gensrc/specialized/specialized_reducescatter_ring_simple_minmax_u32_0_0_4.o
[1274/4366] Building RCCLDEV object src/CMakeFiles/rccl_device_gfx950.dir/__/hipify/gensrc/specialized/specialized_reduce_ring_simple_sumpostdiv_u8_0_0_2.o
[1275/4366] Building RCCLDEV object src/CMakeFiles/rccl_device_gfx950.dir/__/hipify/gensrc/specialized/specialized_reducescatter_ring_simple_sum_u8_0_0_4.o
[1276/4366] Building RCCLDEV object src/CMakeFiles/rccl_device_gfx950.dir/__/hipify/gensrc/specialized/specialized_reduce_ring_simple_minmax_f16_0_0_2.o
[1277/4366] Building RCCLDEV object src/CMakeFiles/rccl_device_gfx950.dir/__/hipify/gensrc/specialized/specialized_reducescatter_ring_simple_premulsum_u32_0_0_4.o
[1278/4366] Building RCCLDEV object src/CMakeFiles/rccl_device_gfx950.dir/__/hipify/gensrc/specialized/specialized_reducescatter_ring_simple_premulsum_f16_0_0_4.o
[1279/4366] Building RCCLDEV object src/CMakeFiles/rccl_device_gfx950.dir/__/hipify/gensrc/specialized/specialized_allreduce_tree_simple_sum_f8e4m3_0_0_4.o
[1280/4366] Building RCCLDEV object src/CMakeFiles/rccl_device_gfx950.dir/__/hipify/gensrc/specialized/specialized_allreduce_tree_simple_sum_f8e5m2_0_0_4.o
[1281/4366] Building RCCLDEV object src/CMakeFiles/rccl_device_gfx950.dir/__/hipify/gensrc/specialized/specialized_reducescatter_ring_simple_sumpostdiv_u32_0_0_4.o
[1282/4366] Building RCCLDEV object src/CMakeFiles/rccl_device_gfx950.dir/__/hipify/gensrc/specialized/specialized_reducescatter_ring_simple_minmax_f32_0_0_4.o
[1283/4366] Building RCCLDEV object src/CMakeFiles/rccl_device_gfx950.dir/__/hipify/gensrc/specialized/specialized_reduce_ring_simple_premulsum_bf16_0_1_2.o
[1284/4366] Building RCCLDEV object src/CMakeFiles/rccl_device_gfx950.dir/__/hipify/gensrc/specialized/specialized_reduce_ring_simple_sumpostdiv_u64_0_0_2.o
[1285/4366] Building RCCLDEV object src/CMakeFiles/rccl_device_gfx950.dir/__/hipify/gensrc/specialized/specialized_allreduce_tree_simple_minmax_f8e4m3_0_0_1.o
[1286/4366] Building RCCLDEV object src/CMakeFiles/rccl_device_gfx950.dir/__/hipify/gensrc/specialized/specialized_allreduce_tree_simple_premulsum_f8e4m3_0_0_2.o
[1287/4366] Building RCCLDEV object src/CMakeFiles/rccl_device_gfx950.dir/__/hipify/gensrc/specialized/specialized_allreduce_tree_ll128_prod_u32_0_0_4_2.o
[1288/4366] Building RCCLDEV object src/CMakeFiles/rccl_device_gfx950.dir/__/hipify/gensrc/specialized/specialized_allreduce_tree_simple_premulsum_f8e5m2_1_0_1.o
[1289/4366] Building RCCLDEV object src/CMakeFiles/rccl_device_gfx950.dir/__/hipify/gensrc/specialized/specialized_allreduce_tree_ll128_prod_u32_0_0_4_1.o
[1290/4366] Building RCCLDEV object src/CMakeFiles/rccl_device_gfx950.dir/__/hipify/gensrc/specialized/specialized_reducescatter_ring_simple_premulsum_bf16_0_0_4.o
[1291/4366] Building RCCLDEV object src/CMakeFiles/rccl_device_gfx950.dir/__/hipify/gensrc/specialized/specialized_allreduce_tree_simple_premulsum_f8e5m2_0_0_2.o
[1292/4366] Building RCCLDEV object src/CMakeFiles/rccl_device_gfx950.dir/__/hipify/gensrc/specialized/specialized_allreduce_tree_simple_sum_u64_0_0_4.o
[1293/4366] Building RCCLDEV object src/CMakeFiles/rccl_device_gfx950.dir/__/hipify/gensrc/specialized/specialized_reducescatter_ring_simple_minmax_bf16_0_0_4.o
[1294/4366] Building RCCLDEV object src/CMakeFiles/rccl_device_gfx950.dir/__/hipify/gensrc/specialized/specialized_allreduce_ring_simple_prod_f8e5m2_0_0_4.o
[1295/4366] Building RCCLDEV object src/CMakeFiles/rccl_device_gfx950.dir/__/hipify/gensrc/specialized/specialized_allreduce_tree_simple_premulsum_f8e4m3_1_0_1.o
[1296/4366] Building RCCLDEV object src/CMakeFiles/rccl_device_gfx950.dir/__/hipify/gensrc/specialized/specialized_allreduce_tree_simple_prod_f8e5m2_0_0_2.o
[1297/4366] Building RCCLDEV object src/CMakeFiles/rccl_device_gfx950.dir/__/hipify/gensrc/specialized/specialized_allreduce_tree_simple_sum_u64_0_0_2.o
[1298/4366] Building RCCLDEV object src/CMakeFiles/rccl_device_gfx950.dir/__/hipify/gensrc/specialized/specialized_allreduce_tree_simple_sum_f64_0_0_4.o
[1299/4366] Building RCCLDEV object src/CMakeFiles/rccl_device_gfx950.dir/__/hipify/gensrc/specialized/specialized_allreduce_tree_simple_sum_f8e4m3_1_0_2.o
[1300/4366] Building RCCLDEV object src/CMakeFiles/rccl_device_gfx950.dir/__/hipify/gensrc/specialized/specialized_allreduce_tree_simple_prod_f64_0_0_4.o
[1301/4366] Building RCCLDEV object src/CMakeFiles/rccl_device_gfx950.dir/__/hipify/gensrc/specialized/specialized_allreduce_tree_simple_prod_u64_0_0_4.o
[1302/4366] Building RCCLDEV object src/CMakeFiles/rccl_device_gfx950.dir/__/hipify/gensrc/specialized/specialized_allreduce_tree_simple_prod_u64_0_0_2.o
[1303/4366] Building RCCLDEV object src/CMakeFiles/rccl_device_gfx950.dir/__/hipify/gensrc/specialized/specialized_allreduce_tree_simple_sum_u32_0_0_4.o
[1304/4366] Building RCCLDEV object src/CMakeFiles/rccl_device_gfx950.dir/__/hipify/gensrc/specialized/specialized_allreduce_tree_simple_minmax_f64_0_0_4.o
[1305/4366] Building RCCLDEV object src/CMakeFiles/rccl_device_gfx950.dir/__/hipify/gensrc/specialized/specialized_allreduce_ring_simple_prod_f8e5m2_1_0_1.o
[1306/4366] Building RCCLDEV object src/CMakeFiles/rccl_device_gfx950.dir/__/hipify/gensrc/specialized/specialized_allreduce_tree_simple_prod_f8e4m3_0_0_2.o
[1307/4366] Building RCCLDEV object src/CMakeFiles/rccl_device_gfx950.dir/__/hipify/gensrc/specialized/specialized_allreduce_tree_simple_sum_f32_0_0_2.o
[1308/4366] Building RCCLDEV object src/CMakeFiles/rccl_device_gfx950.dir/__/hipify/gensrc/specialized/specialized_allreduce_tree_simple_minmax_u64_0_0_4.o
[1309/4366] Building RCCLDEV object src/CMakeFiles/rccl_device_gfx950.dir/__/hipify/gensrc/specialized/specialized_allreduce_tree_simple_prod_f32_0_0_4.o
[1310/4366] Building RCCLDEV object src/CMakeFiles/rccl_device_gfx950.dir/__/hipify/gensrc/specialized/specialized_allreduce_ring_simple_prod_f8e4m3_1_0_1.o
[1311/4366] Building RCCLDEV object src/CMakeFiles/rccl_device_gfx950.dir/__/hipify/gensrc/specialized/specialized_allreduce_tree_simple_premulsum_f64_0_0_4.o
[1312/4366] Building RCCLDEV object src/CMakeFiles/rccl_device_gfx950.dir/__/hipify/gensrc/specialized/specialized_allreduce_tree_simple_premulsum_f8e4m3_0_0_1.o
[1313/4366] Building RCCLDEV object src/CMakeFiles/rccl_device_gfx950.dir/__/hipify/gensrc/specialized/specialized_allreduce_tree_simple_minmax_f8e5m2_0_0_2.o
[1314/4366] Building RCCLDEV object src/CMakeFiles/rccl_device_gfx950.dir/__/hipify/gensrc/specialized/specialized_allreduce_tree_simple_sum_f32_0_0_4.o
[1315/4366] Building RCCLDEV object src/CMakeFiles/rccl_device_gfx950.dir/__/hipify/gensrc/specialized/specialized_allreduce_tree_simple_prod_f64_0_0_2.o
[1316/4366] Building RCCLDEV object src/CMakeFiles/rccl_device_gfx950.dir/__/hipify/gensrc/specialized/specialized_allreduce_ring_simple_minmax_f8e5m2_1_0_1.o
[1317/4366] Building RCCLDEV object src/CMakeFiles/rccl_device_gfx950.dir/__/hipify/gensrc/specialized/specialized_allgather_ring_simple_sum_i8_0_0_4.o
[1318/4366] Building RCCLDEV object src/CMakeFiles/rccl_device_gfx950.dir/__/hipify/gensrc/specialized/specialized_allreduce_tree_simple_sum_f16_0_0_2.o
[1319/4366] Building RCCLDEV object src/CMakeFiles/rccl_device_gfx950.dir/__/hipify/gensrc/specialized/specialized_reducescatter_ring_simple_sum_bf16_0_1_4.o
[1320/4366] Building RCCLDEV object src/CMakeFiles/rccl_device_gfx950.dir/__/hipify/gensrc/specialized/specialized_allreduce_ring_simple_minmax_f8e4m3_0_0_4.o
[1321/4366] Building RCCLDEV object src/CMakeFiles/rccl_device_gfx950.dir/__/hipify/gensrc/specialized/specialized_allreduce_tree_simple_prod_u32_0_0_2.o
[1322/4366] Building RCCLDEV object src/CMakeFiles/rccl_device_gfx950.dir/__/hipify/gensrc/specialized/specialized_allreduce_tree_simple_minmax_f8e4m3_0_0_2.o
[1323/4366] Building RCCLDEV object src/CMakeFiles/rccl_device_gfx950.dir/__/hipify/gensrc/specialized/specialized_allreduce_tree_simple_sum_f8e5m2_1_0_2.o
[1324/4366] Building RCCLDEV object src/CMakeFiles/rccl_device_gfx950.dir/__/hipify/gensrc/specialized/specialized_allreduce_tree_simple_premulsum_f32_0_0_4.o
[1325/4366] Building RCCLDEV object src/CMakeFiles/rccl_device_gfx950.dir/__/hipify/gensrc/specialized/specialized_allreduce_tree_simple_sum_f16_0_0_4.o
[1326/4366] Building RCCLDEV object src/CMakeFiles/rccl_device_gfx950.dir/__/hipify/gensrc/specialized/specialized_allreduce_tree_simple_minmax_f64_0_0_2.o
[1327/4366] Building RCCLDEV object src/CMakeFiles/rccl_device_gfx950.dir/__/hipify/gensrc/specialized/specialized_reducescatter_ring_simple_sumpostdiv_u64_0_0_4.o
[1328/4366] Building RCCLDEV object src/CMakeFiles/rccl_device_gfx950.dir/__/hipify/gensrc/specialized/specialized_allreduce_tree_simple_sum_u64_1_0_4.o
[1329/4366] Building RCCLDEV object src/CMakeFiles/rccl_device_gfx950.dir/__/hipify/gensrc/specialized/specialized_allreduce_tree_simple_prod_f32_0_0_2.o
[1330/4366] Building RCCLDEV object src/CMakeFiles/rccl_device_gfx950.dir/__/hipify/gensrc/specialized/specialized_reducescatter_ring_simple_prod_bf16_0_1_4.o
[1331/4366] Building RCCLDEV object src/CMakeFiles/rccl_device_gfx950.dir/__/hipify/gensrc/specialized/specialized_allreduce_ring_simple_minmax_f8e5m2_0_0_4.o
[1332/4366] Building RCCLDEV object src/CMakeFiles/rccl_device_gfx950.dir/__/hipify/gensrc/specialized/specialized_reducescatter_ring_simple_prod_u8_0_0_4.o
[1333/4366] Building RCCLDEV object src/CMakeFiles/rccl_device_gfx950.dir/__/hipify/gensrc/specialized/specialized_allreduce_ring_simple_premulsum_f8e5m2_1_0_2.o
[1334/4366] Building RCCLDEV object src/CMakeFiles/rccl_device_gfx950.dir/__/hipify/gensrc/specialized/specialized_allreduce_tree_simple_prod_f64_1_0_4.o
[1335/4366] Building RCCLDEV object src/CMakeFiles/rccl_device_gfx950.dir/__/hipify/gensrc/specialized/specialized_allreduce_tree_simple_premulsum_u32_0_0_4.o
[1336/4366] Building RCCLDEV object src/CMakeFiles/rccl_device_gfx950.dir/__/hipify/gensrc/specialized/specialized_allreduce_tree_simple_sum_f64_1_0_4.o
[1337/4366] Building RCCLDEV object src/CMakeFiles/rccl_device_gfx950.dir/__/hipify/gensrc/specialized/specialized_allreduce_tree_ll128_prod_u8_1_0_4_2.o
[1338/4366] Building RCCLDEV object src/CMakeFiles/rccl_device_gfx950.dir/__/hipify/gensrc/specialized/specialized_allreduce_tree_simple_minmax_f32_0_0_4.o
[1339/4366] Building RCCLDEV object src/CMakeFiles/rccl_device_gfx950.dir/__/hipify/gensrc/specialized/specialized_reducescatter_ring_simple_premulsum_u8_0_0_4.o
[1340/4366] Building RCCLDEV object src/CMakeFiles/rccl_device_gfx950.dir/__/hipify/gensrc/specialized/specialized_reducescatter_ring_simple_minmax_u8_0_0_4.o
[1341/4366] Building RCCLDEV object src/CMakeFiles/rccl_device_gfx950.dir/__/hipify/gensrc/specialized/specialized_allreduce_tree_simple_sum_u32_0_0_1.o
[1342/4366] Building RCCLDEV object src/CMakeFiles/rccl_device_gfx950.dir/__/hipify/gensrc/specialized/specialized_allreduce_tree_simple_minmax_u32_0_0_4.o
[1343/4366] Building RCCLDEV object src/CMakeFiles/rccl_device_gfx950.dir/__/hipify/gensrc/specialized/specialized_allreduce_ring_simple_minmax_f8e4m3_1_0_1.o
[1344/4366] Building RCCLDEV object src/CMakeFiles/rccl_device_gfx950.dir/__/hipify/gensrc/specialized/specialized_allreduce_tree_simple_prod_u64_1_0_4.o
[1345/4366] Building RCCLDEV object src/CMakeFiles/rccl_device_gfx950.dir/__/hipify/gensrc/specialized/specialized_allreduce_tree_simple_sum_f32_0_0_1.o
[1346/4366] Building RCCLDEV object src/CMakeFiles/rccl_device_gfx950.dir/__/hipify/gensrc/specialized/specialized_allreduce_ring_simple_premulsum_f8e4m3_1_0_2.o
[1347/4366] Building RCCLDEV object src/CMakeFiles/rccl_device_gfx950.dir/__/hipify/gensrc/specialized/specialized_allreduce_tree_simple_premulsum_f64_0_0_2.o
[1348/4366] Building RCCLDEV object src/CMakeFiles/rccl_device_gfx950.dir/__/hipify/gensrc/specialized/specialized_allreduce_tree_simple_sum_u8_0_0_2.o
[1349/4366] Building RCCLDEV object src/CMakeFiles/rccl_device_gfx950.dir/__/hipify/gensrc/specialized/specialized_allreduce_tree_simple_sum_bf16_0_0_4.o
[1350/4366] Building RCCLDEV object src/CMakeFiles/rccl_device_gfx950.dir/__/hipify/gensrc/specialized/specialized_allreduce_tree_simple_prod_f16_0_0_2.o
[1351/4366] Building RCCLDEV object src/CMakeFiles/rccl_device_gfx950.dir/__/hipify/gensrc/specialized/specialized_allreduce_tree_simple_minmax_u64_0_0_2.o
[1352/4366] Building RCCLDEV object src/CMakeFiles/rccl_device_gfx950.dir/__/hipify/gensrc/specialized/specialized_allreduce_tree_simple_sum_u8_0_0_1.o
[1353/4366] Building RCCLDEV object src/CMakeFiles/rccl_device_gfx950.dir/__/hipify/gensrc/specialized/specialized_allreduce_tree_simple_sum_bf16_0_0_2.o
[1354/4366] Building RCCLDEV object src/CMakeFiles/rccl_device_gfx950.dir/__/hipify/gensrc/specialized/specialized_allreduce_tree_simple_minmax_u64_1_0_4.o
[1355/4366] Building RCCLDEV object src/CMakeFiles/rccl_device_gfx950.dir/__/hipify/gensrc/specialized/specialized_allreduce_tree_simple_prod_f32_0_0_1.o
[1356/4366] Building RCCLDEV object src/CMakeFiles/rccl_device_gfx950.dir/__/hipify/gensrc/specialized/specialized_allreduce_tree_simple_premulsum_f64_1_0_4.o
[1357/4366] Building RCCLDEV object src/CMakeFiles/rccl_device_gfx950.dir/__/hipify/gensrc/specialized/specialized_allreduce_tree_simple_sum_f32_1_0_2.o
[1358/4366] Building RCCLDEV object src/CMakeFiles/rccl_device_gfx950.dir/__/hipify/gensrc/specialized/specialized_allreduce_tree_simple_minmax_f32_0_0_2.o
[1359/4366] Building RCCLDEV object src/CMakeFiles/rccl_device_gfx950.dir/__/hipify/gensrc/specialized/specialized_allreduce_tree_simple_sum_u64_1_0_2.o
[1360/4366] Building RCCLDEV object src/CMakeFiles/rccl_device_gfx950.dir/__/hipify/gensrc/specialized/specialized_allreduce_tree_simple_premulsum_f64_0_0_1.o
[1361/4366] Building RCCLDEV object src/CMakeFiles/rccl_device_gfx950.dir/__/hipify/gensrc/specialized/specialized_allreduce_tree_simple_sum_f16_0_0_1.o
[1362/4366] Building RCCLDEV object src/CMakeFiles/rccl_device_gfx950.dir/__/hipify/gensrc/specialized/specialized_allreduce_tree_simple_sum_f64_1_0_2.o
[1363/4366] Building RCCLDEV object src/CMakeFiles/rccl_device_gfx950.dir/__/hipify/gensrc/specialized/specialized_allreduce_tree_simple_prod_f64_0_0_1.o
[1364/4366] Building RCCLDEV object src/CMakeFiles/rccl_device_gfx950.dir/__/hipify/gensrc/specialized/specialized_allreduce_tree_simple_sum_f64_0_0_1.o
[1365/4366] Building RCCLDEV object src/CMakeFiles/rccl_device_gfx950.dir/__/hipify/gensrc/specialized/specialized_allreduce_tree_simple_premulsum_u64_0_0_2.o
[1366/4366] Building RCCLDEV object src/CMakeFiles/rccl_device_gfx950.dir/__/hipify/gensrc/specialized/specialized_reducescatter_ring_simple_sum_u32_0_0_2.o
[1367/4366] Building RCCLDEV object src/CMakeFiles/rccl_device_gfx950.dir/__/hipify/gensrc/specialized/specialized_allreduce_tree_simple_prod_f16_0_0_1.o
[1368/4366] Building RCCLDEV object src/CMakeFiles/rccl_device_gfx950.dir/__/hipify/gensrc/specialized/specialized_allreduce_tree_simple_sum_u64_0_0_1.o
[1369/4366] Building RCCLDEV object src/CMakeFiles/rccl_device_gfx950.dir/__/hipify/gensrc/specialized/specialized_allreduce_tree_simple_prod_bf16_0_0_2.o
[1370/4366] Building RCCLDEV object src/CMakeFiles/rccl_device_gfx950.dir/__/hipify/gensrc/specialized/specialized_allreduce_tree_simple_minmax_u32_0_0_2.o
[1371/4366] Building RCCLDEV object src/CMakeFiles/rccl_device_gfx950.dir/__/hipify/gensrc/specialized/specialized_allreduce_tree_simple_minmax_f64_1_0_4.o
[1372/4366] Building RCCLDEV object src/CMakeFiles/rccl_device_gfx950.dir/__/hipify/gensrc/specialized/specialized_reducescatter_ring_simple_sum_f32_0_0_2.o
[1373/4366] Building RCCLDEV object src/CMakeFiles/rccl_device_gfx950.dir/__/hipify/gensrc/specialized/specialized_allreduce_tree_simple_prod_u32_0_0_1.o
[1374/4366] Building RCCLDEV object src/CMakeFiles/rccl_device_gfx950.dir/__/hipify/gensrc/specialized/specialized_allreduce_tree_simple_minmax_f32_0_0_1.o
[1375/4366] Building RCCLDEV object src/CMakeFiles/rccl_device_gfx950.dir/__/hipify/gensrc/specialized/specialized_allreduce_tree_simple_prod_f64_1_0_2.o
[1376/4366] Building RCCLDEV object src/CMakeFiles/rccl_device_gfx950.dir/__/hipify/gensrc/specialized/specialized_allreduce_tree_simple_premulsum_u32_0_0_2.o
[1377/4366] Building RCCLDEV object src/CMakeFiles/rccl_device_gfx950.dir/__/hipify/gensrc/specialized/specialized_allreduce_tree_simple_sum_u32_0_0_2.o
[1378/4366] Building RCCLDEV object src/CMakeFiles/rccl_device_gfx950.dir/__/hipify/gensrc/specialized/specialized_allreduce_tree_simple_premulsum_u64_1_0_4.o
[1379/4366] Building RCCLDEV object src/CMakeFiles/rccl_device_gfx950.dir/__/hipify/gensrc/specialized/specialized_reducescatter_ring_simple_sum_u8_0_0_2.o
[1380/4366] Building RCCLDEV object src/CMakeFiles/rccl_device_gfx950.dir/__/hipify/gensrc/specialized/specialized_allreduce_tree_simple_sum_f64_1_0_1.o
[1381/4366] Building RCCLDEV object src/CMakeFiles/rccl_device_gfx950.dir/__/hipify/gensrc/specialized/specialized_allreduce_tree_simple_premulsum_f32_0_0_2.o
[1382/4366] Building RCCLDEV object src/CMakeFiles/rccl_device_gfx950.dir/__/hipify/gensrc/specialized/specialized_allreduce_tree_simple_sum_u32_1_0_2.o
[1383/4366] Building RCCLDEV object src/CMakeFiles/rccl_device_gfx950.dir/__/hipify/gensrc/specialized/specialized_allreduce_tree_simple_minmax_u64_0_0_1.o
[1384/4366] Building RCCLDEV object src/CMakeFiles/rccl_device_gfx950.dir/__/hipify/gensrc/specialized/specialized_allreduce_tree_simple_prod_u64_0_0_1.o
[1385/4366] Building RCCLDEV object src/CMakeFiles/rccl_device_gfx950.dir/__/hipify/gensrc/specialized/specialized_reducescatter_ring_simple_sum_u64_0_0_2.o
[1386/4366] Building RCCLDEV object src/CMakeFiles/rccl_device_gfx950.dir/__/hipify/gensrc/specialized/specialized_allreduce_tree_simple_prod_u64_1_0_2.o
[1387/4366] Building RCCLDEV object src/CMakeFiles/rccl_device_gfx950.dir/__/hipify/gensrc/specialized/specialized_allreduce_tree_simple_premulsum_f16_0_0_4.o
[1388/4366] Building RCCLDEV object src/CMakeFiles/rccl_device_gfx950.dir/__/hipify/gensrc/specialized/specialized_allreduce_tree_simple_prod_u32_0_0_4.o
[1389/4366] Building RCCLDEV object src/CMakeFiles/rccl_device_gfx950.dir/__/hipify/gensrc/specialized/specialized_reducescatter_ring_simple_sum_f64_0_0_2.o
[1390/4366] Building RCCLDEV object src/CMakeFiles/rccl_device_gfx950.dir/__/hipify/gensrc/specialized/specialized_allreduce_tree_ll128_prod_u8_1_0_4_1.o
[1391/4366] Building RCCLDEV object src/CMakeFiles/rccl_device_gfx950.dir/__/hipify/gensrc/specialized/specialized_allreduce_tree_simple_prod_f32_1_0_2.o
[1392/4366] Building RCCLDEV object src/CMakeFiles/rccl_device_gfx950.dir/__/hipify/gensrc/specialized/specialized_allreduce_tree_simple_minmax_f64_0_0_1.o
[1393/4366] Building RCCLDEV object src/CMakeFiles/rccl_device_gfx950.dir/__/hipify/gensrc/specialized/specialized_allreduce_tree_simple_sum_f64_0_0_2.o
[1394/4366] Building RCCLDEV object src/CMakeFiles/rccl_device_gfx950.dir/__/hipify/gensrc/specialized/specialized_allreduce_tree_simple_minmax_u32_0_0_1.o
[1395/4366] Building RCCLDEV object src/CMakeFiles/rccl_device_gfx950.dir/__/hipify/gensrc/specialized/specialized_allreduce_tree_simple_premulsum_f16_0_0_2.o
[1396/4366] Building RCCLDEV object src/CMakeFiles/rccl_device_gfx950.dir/__/hipify/gensrc/specialized/specialized_reducescatter_ring_simple_prod_u64_0_0_2.o
[1397/4366] Building RCCLDEV object src/CMakeFiles/rccl_device_gfx950.dir/__/hipify/gensrc/specialized/specialized_allreduce_tree_simple_sumpostdiv_u32_0_0_4.o
[1398/4366] Building RCCLDEV object src/CMakeFiles/rccl_device_gfx950.dir/__/hipify/gensrc/specialized/specialized_allreduce_tree_simple_premulsum_u32_0_0_1.o
[1399/4366] Building RCCLDEV object src/CMakeFiles/rccl_device_gfx950.dir/__/hipify/gensrc/specialized/specialized_allreduce_tree_simple_prod_f32_1_0_4.o
[1400/4366] Building RCCLDEV object src/CMakeFiles/rccl_device_gfx950.dir/__/hipify/gensrc/specialized/specialized_reducescatter_ring_simple_sum_f16_0_0_2.o
[1401/4366] Building RCCLDEV object src/CMakeFiles/rccl_device_gfx950.dir/__/hipify/gensrc/specialized/specialized_allreduce_tree_simple_minmax_f64_1_0_2.o
[1402/4366] Building RCCLDEV object src/CMakeFiles/rccl_device_gfx950.dir/__/hipify/gensrc/specialized/specialized_allreduce_tree_simple_sum_bf16_0_0_1.o
[1403/4366] Building RCCLDEV object src/CMakeFiles/rccl_device_gfx950.dir/__/hipify/gensrc/specialized/specialized_allreduce_tree_simple_sum_f32_1_0_4.o
[1404/4366] Building RCCLDEV object src/CMakeFiles/rccl_device_gfx950.dir/__/hipify/gensrc/specialized/specialized_allreduce_tree_simple_prod_u8_0_0_2.o
[1405/4366] Building RCCLDEV object src/CMakeFiles/rccl_device_gfx950.dir/__/hipify/gensrc/specialized/specialized_allreduce_tree_simple_prod_bf16_0_0_4.o
[1406/4366] Building RCCLDEV object src/CMakeFiles/rccl_device_gfx950.dir/__/hipify/gensrc/specialized/specialized_allreduce_tree_simple_sum_f16_1_0_2.o
[1407/4366] Building RCCLDEV object src/CMakeFiles/rccl_device_gfx950.dir/__/hipify/gensrc/specialized/specialized_reducescatter_ring_simple_sum_bf16_0_0_2.o
[1408/4366] Building RCCLDEV object src/CMakeFiles/rccl_device_gfx950.dir/__/hipify/gensrc/specialized/specialized_allreduce_tree_simple_premulsum_u32_1_0_4.o
[1409/4366] Building RCCLDEV object src/CMakeFiles/rccl_device_gfx950.dir/__/hipify/gensrc/specialized/specialized_allreduce_tree_simple_premulsum_u64_0_0_1.o
[1410/4366] Building RCCLDEV object src/CMakeFiles/rccl_device_gfx950.dir/__/hipify/gensrc/specialized/specialized_allreduce_tree_simple_premulsum_u64_1_0_2.o
[1411/4366] Building RCCLDEV object src/CMakeFiles/rccl_device_gfx950.dir/__/hipify/gensrc/specialized/specialized_reducescatter_ring_simple_prod_u32_0_0_2.o
[1412/4366] Building RCCLDEV object src/CMakeFiles/rccl_device_gfx950.dir/__/hipify/gensrc/specialized/specialized_allreduce_tree_simple_prod_u64_1_0_1.o
[1413/4366] Building RCCLDEV object src/CMakeFiles/rccl_device_gfx950.dir/__/hipify/gensrc/specialized/specialized_allreduce_tree_simple_sum_u8_0_0_4.o
[1414/4366] Building RCCLDEV object src/CMakeFiles/rccl_device_gfx950.dir/__/hipify/gensrc/specialized/specialized_allreduce_tree_simple_sumpostdiv_u32_0_0_2.o
[1415/4366] Building RCCLDEV object src/CMakeFiles/rccl_device_gfx950.dir/__/hipify/gensrc/specialized/specialized_allreduce_tree_simple_prod_u32_1_0_2.o
[1416/4366] Building RCCLDEV object src/CMakeFiles/rccl_device_gfx950.dir/__/hipify/gensrc/specialized/specialized_allreduce_tree_simple_sum_u64_1_0_1.o
[1417/4366] Building RCCLDEV object src/CMakeFiles/rccl_device_gfx950.dir/__/hipify/gensrc/specialized/specialized_allreduce_tree_simple_prod_bf16_0_0_1.o
[1418/4366] Building RCCLDEV object src/CMakeFiles/rccl_device_gfx950.dir/__/hipify/gensrc/specialized/specialized_allreduce_ring_simple_sum_f8e4m3_1_0_4.o
[1419/4366] Building RCCLDEV object src/CMakeFiles/rccl_device_gfx950.dir/__/hipify/gensrc/specialized/specialized_allreduce_tree_simple_minmax_bf16_0_0_4.o
[1420/4366] Building RCCLDEV object src/CMakeFiles/rccl_device_gfx950.dir/__/hipify/gensrc/specialized/specialized_allreduce_tree_simple_premulsum_f32_1_0_4.o
[1421/4366] Building RCCLDEV object src/CMakeFiles/rccl_device_gfx950.dir/__/hipify/gensrc/specialized/specialized_allreduce_ring_simple_sum_u64_0_0_4.o
[1422/4366] Building RCCLDEV object src/CMakeFiles/rccl_device_gfx950.dir/__/hipify/gensrc/specialized/specialized_reducescatter_ring_simple_minmax_u64_0_0_2.o
[1423/4366] Building RCCLDEV object src/CMakeFiles/rccl_device_gfx950.dir/__/hipify/gensrc/specialized/specialized_allreduce_tree_simple_premulsum_f16_0_0_1.o
[1424/4366] Building RCCLDEV object src/CMakeFiles/rccl_device_gfx950.dir/__/hipify/gensrc/specialized/specialized_allreduce_tree_simple_prod_u32_1_0_4.o
[1425/4366] Building RCCLDEV object src/CMakeFiles/rccl_device_gfx950.dir/__/hipify/gensrc/specialized/specialized_allreduce_tree_simple_sum_u32_1_0_1.o
[1426/4366] Building RCCLDEV object src/CMakeFiles/rccl_device_gfx950.dir/__/hipify/gensrc/specialized/specialized_allreduce_tree_simple_minmax_u64_1_0_2.o
[1427/4366] Building RCCLDEV object src/CMakeFiles/rccl_device_gfx950.dir/__/hipify/gensrc/specialized/specialized_allreduce_tree_simple_prod_u8_0_0_1.o
[1428/4366] Building RCCLDEV object src/CMakeFiles/rccl_device_gfx950.dir/__/hipify/gensrc/specialized/specialized_allreduce_tree_simple_prod_f64_1_0_1.o
[1429/4366] Building RCCLDEV object src/CMakeFiles/rccl_device_gfx950.dir/__/hipify/gensrc/specialized/specialized_allreduce_tree_simple_premulsum_f64_1_0_2.o
[1430/4366] Building RCCLDEV object src/CMakeFiles/rccl_device_gfx950.dir/__/hipify/gensrc/specialized/specialized_allreduce_tree_simple_premulsum_u64_1_0_1.o
[1431/4366] Building RCCLDEV object src/CMakeFiles/rccl_device_gfx950.dir/__/hipify/gensrc/specialized/specialized_allreduce_tree_simple_sum_f16_1_0_1.o
[1432/4366] Building RCCLDEV object src/CMakeFiles/rccl_device_gfx950.dir/__/hipify/gensrc/specialized/specialized_allreduce_tree_simple_prod_f8e4m3_1_0_1.o
[1433/4366] Building RCCLDEV object src/CMakeFiles/rccl_device_gfx950.dir/__/hipify/gensrc/specialized/specialized_reducescatter_ring_simple_sumpostdiv_u8_0_0_4.o
[1434/4366] Building RCCLDEV object src/CMakeFiles/rccl_device_gfx950.dir/__/hipify/gensrc/specialized/specialized_allreduce_tree_simple_prod_f8e5m2_1_0_1.o
[1435/4366] Building RCCLDEV object src/CMakeFiles/rccl_device_gfx950.dir/__/hipify/gensrc/specialized/specialized_allreduce_ring_simple_sum_f32_0_0_4.o
[1436/4366] Building RCCLDEV object src/CMakeFiles/rccl_device_gfx950.dir/__/hipify/gensrc/specialized/specialized_allreduce_tree_simple_premulsum_bf16_0_0_2.o
[1437/4366] Building RCCLDEV object src/CMakeFiles/rccl_device_gfx950.dir/__/hipify/gensrc/specialized/specialized_allreduce_tree_simple_minmax_bf16_0_0_2.o
[1438/4366] Building RCCLDEV object src/CMakeFiles/rccl_device_gfx950.dir/__/hipify/gensrc/specialized/specialized_reducescatter_ring_simple_premulsum_f64_0_0_2.o
[1439/4366] Building RCCLDEV object src/CMakeFiles/rccl_device_gfx950.dir/__/hipify/gensrc/specialized/specialized_reducescatter_ring_simple_premulsum_bf16_0_1_4.o
[1440/4366] Building RCCLDEV object src/CMakeFiles/rccl_device_gfx950.dir/__/hipify/gensrc/specialized/specialized_allreduce_tree_simple_sum_f32_1_0_1.o
[1441/4366] Building RCCLDEV object src/CMakeFiles/rccl_device_gfx950.dir/__/hipify/gensrc/specialized/specialized_reducescatter_ring_simple_minmax_f64_0_0_2.o
[1442/4366] Building RCCLDEV object src/CMakeFiles/rccl_device_gfx950.dir/__/hipify/gensrc/specialized/specialized_allreduce_ring_simple_premulsum_f8e5m2_0_0_4.o
[1443/4366] Building RCCLDEV object src/CMakeFiles/rccl_device_gfx950.dir/__/hipify/gensrc/specialized/specialized_reducescatter_ring_simple_prod_f64_0_0_2.o
[1444/4366] Building RCCLDEV object src/CMakeFiles/rccl_device_gfx950.dir/__/hipify/gensrc/specialized/specialized_allreduce_ring_simple_prod_f8e4m3_0_0_4.o
[1445/4366] Building RCCLDEV object src/CMakeFiles/rccl_device_gfx950.dir/__/hipify/gensrc/specialized/specialized_allreduce_ring_simple_sum_f8e5m2_1_0_4.o
[1446/4366] Building RCCLDEV object src/CMakeFiles/rccl_device_gfx950.dir/__/hipify/gensrc/specialized/specialized_reducescatter_ring_simple_premulsum_f32_0_0_2.o
[1447/4366] Building RCCLDEV object src/CMakeFiles/rccl_device_gfx950.dir/__/hipify/gensrc/specialized/specialized_reducescatter_ring_simple_prod_f32_0_0_2.o
[1448/4366] Building RCCLDEV object src/CMakeFiles/rccl_device_gfx950.dir/__/hipify/gensrc/specialized/specialized_allreduce_ring_simple_premulsum_f8e4m3_0_0_4.o
[1449/4366] Building RCCLDEV object src/CMakeFiles/rccl_device_gfx950.dir/__/hipify/gensrc/specialized/specialized_reducescatter_ring_simple_premulsum_u64_0_0_2.o
[1450/4366] Building RCCLDEV object src/CMakeFiles/rccl_device_gfx950.dir/__/hipify/gensrc/specialized/specialized_allreduce_tree_simple_minmax_bf16_0_0_1.o
[1451/4366] Building RCCLDEV object src/CMakeFiles/rccl_device_gfx950.dir/__/hipify/gensrc/specialized/specialized_allreduce_tree_simple_sumpostdiv_u32_0_0_1.o
[1452/4366] Building RCCLDEV object src/CMakeFiles/rccl_device_gfx950.dir/__/hipify/gensrc/specialized/specialized_allreduce_tree_simple_premulsum_u64_0_0_4.o
[1453/4366] Building RCCLDEV object src/CMakeFiles/rccl_device_gfx950.dir/__/hipify/gensrc/specialized/specialized_reducescatter_ring_simple_minmax_u32_0_0_2.o
[1454/4366] Building RCCLDEV object src/CMakeFiles/rccl_device_gfx950.dir/__/hipify/gensrc/specialized/specialized_reducescatter_ring_simple_premulsum_u32_0_0_2.o
[1455/4366] Building RCCLDEV object src/CMakeFiles/rccl_device_gfx950.dir/__/hipify/gensrc/specialized/specialized_allreduce_tree_simple_sum_bf16_1_0_1.o
[1456/4366] Building RCCLDEV object src/CMakeFiles/rccl_device_gfx950.dir/__/hipify/gensrc/specialized/specialized_reducescatter_ring_simple_minmax_f32_0_0_2.o
[1457/4366] Building RCCLDEV object src/CMakeFiles/rccl_device_gfx950.dir/__/hipify/gensrc/specialized/specialized_allreduce_tree_simple_premulsum_bf16_0_0_1.o
[1458/4366] Building RCCLDEV object src/CMakeFiles/rccl_device_gfx950.dir/__/hipify/gensrc/specialized/specialized_allreduce_tree_simple_prod_f32_1_0_1.o
[1459/4366] Building RCCLDEV object src/CMakeFiles/rccl_device_gfx950.dir/__/hipify/gensrc/specialized/specialized_allreduce_ring_simple_sum_f64_0_0_4.o
[1460/4366] Building RCCLDEV object src/CMakeFiles/rccl_device_gfx950.dir/__/hipify/gensrc/specialized/specialized_allreduce_tree_simple_minmax_f32_1_0_2.o
[1461/4366] Building RCCLDEV object src/CMakeFiles/rccl_device_gfx950.dir/__/hipify/gensrc/specialized/specialized_allreduce_tree_simple_premulsum_u32_1_0_1.o
[1462/4366] Building RCCLDEV object src/CMakeFiles/rccl_device_gfx950.dir/__/hipify/gensrc/specialized/specialized_allreduce_tree_simple_minmax_f32_1_0_4.o
[1463/4366] Building RCCLDEV object src/CMakeFiles/rccl_device_gfx950.dir/__/hipify/gensrc/specialized/specialized_reducescatter_ring_simple_prod_f16_0_0_2.o
[1464/4366] Building RCCLDEV object src/CMakeFiles/rccl_device_gfx950.dir/__/hipify/gensrc/specialized/specialized_reduce_ring_simple_sum_u8_0_0_1.o
[1465/4366] Building RCCLDEV object src/CMakeFiles/rccl_device_gfx950.dir/__/hipify/gensrc/specialized/specialized_allreduce_tree_simple_sum_f16_1_0_4.o
[1466/4366] Building RCCLDEV object src/CMakeFiles/rccl_device_gfx950.dir/__/hipify/gensrc/specialized/specialized_allreduce_ring_simple_sum_u32_0_0_4.o
[1467/4366] Building RCCLDEV object src/CMakeFiles/rccl_device_gfx950.dir/__/hipify/gensrc/specialized/specialized_reducescatter_ring_simple_prod_bf16_0_0_2.o
[1468/4366] Building RCCLDEV object src/CMakeFiles/rccl_device_gfx950.dir/__/hipify/gensrc/specialized/specialized_reduce_ring_simple_sum_u32_0_0_1.o
[1469/4366] Building RCCLDEV object src/CMakeFiles/rccl_device_gfx950.dir/__/hipify/gensrc/specialized/specialized_allreduce_ring_simple_prod_u64_0_0_4.o
[1470/4366] Building RCCLDEV object src/CMakeFiles/rccl_device_gfx950.dir/__/hipify/gensrc/specialized/specialized_allreduce_ring_simple_prod_f64_0_0_4.o
[1471/4366] Building RCCLDEV object src/CMakeFiles/rccl_device_gfx950.dir/__/hipify/gensrc/specialized/specialized_reduce_ring_simple_sum_f64_0_0_1.o
[1472/4366] Building RCCLDEV object src/CMakeFiles/rccl_device_gfx950.dir/__/hipify/gensrc/specialized/specialized_reduce_ring_simple_sum_bf16_0_0_1.o
[1473/4366] Building RCCLDEV object src/CMakeFiles/rccl_device_gfx950.dir/__/hipify/gensrc/specialized/specialized_reduce_ring_simple_sum_f32_0_0_1.o
[1474/4366] Building RCCLDEV object src/CMakeFiles/rccl_device_gfx950.dir/__/hipify/gensrc/specialized/specialized_reducescatter_ring_simple_premulsum_f16_0_0_2.o
[1475/4366] Building RCCLDEV object src/CMakeFiles/rccl_device_gfx950.dir/__/hipify/gensrc/specialized/specialized_allreduce_ring_simple_prod_u32_0_0_4.o
[1476/4366] Building RCCLDEV object src/CMakeFiles/rccl_device_gfx950.dir/__/hipify/gensrc/specialized/specialized_allreduce_tree_simple_prod_f16_1_0_2.o
[1477/4366] Building RCCLDEV object src/CMakeFiles/rccl_device_gfx950.dir/__/hipify/gensrc/specialized/specialized_allreduce_ring_simple_sum_f16_0_0_4.o
[1478/4366] Building RCCLDEV object src/CMakeFiles/rccl_device_gfx950.dir/__/hipify/gensrc/specialized/specialized_reduce_ring_simple_sum_f16_0_0_1.o
[1479/4366] Building RCCLDEV object src/CMakeFiles/rccl_device_gfx950.dir/__/hipify/gensrc/specialized/specialized_allreduce_tree_simple_prod_f16_1_0_4.o
[1480/4366] Building RCCLDEV object src/CMakeFiles/rccl_device_gfx950.dir/__/hipify/gensrc/specialized/specialized_reduce_ring_simple_prod_u64_0_0_1.o
[1481/4366] Building RCCLDEV object src/CMakeFiles/rccl_device_gfx950.dir/__/hipify/gensrc/specialized/specialized_reduce_ring_simple_prod_bf16_0_0_1.o
[1482/4366] Building RCCLDEV object src/CMakeFiles/rccl_device_gfx950.dir/__/hipify/gensrc/specialized/specialized_allreduce_tree_simple_premulsum_f32_1_0_2.o
[1483/4366] Building RCCLDEV object src/CMakeFiles/rccl_device_gfx950.dir/__/hipify/gensrc/specialized/specialized_allreduce_tree_simple_premulsum_f8e5m2_1_0_2.o
[1484/4366] Building RCCLDEV object src/CMakeFiles/rccl_device_gfx950.dir/__/hipify/gensrc/specialized/specialized_reduce_ring_simple_sum_u64_0_0_1.o
[1485/4366] Building RCCLDEV object src/CMakeFiles/rccl_device_gfx950.dir/__/hipify/gensrc/specialized/specialized_allreduce_tree_simple_premulsum_f32_0_0_1.o
[1486/4366] Building RCCLDEV object src/CMakeFiles/rccl_device_gfx950.dir/__/hipify/gensrc/specialized/specialized_reduce_ring_simple_prod_f64_0_0_1.o
[1487/4366] Building RCCLDEV object src/CMakeFiles/rccl_device_gfx950.dir/__/hipify/gensrc/specialized/specialized_allreduce_tree_simple_premulsum_f64_1_0_1.o
[1488/4366] Building RCCLDEV object src/CMakeFiles/rccl_device_gfx950.dir/__/hipify/gensrc/specialized/specialized_allreduce_tree_simple_minmax_f32_1_0_1.o
[1489/4366] Building RCCLDEV object src/CMakeFiles/rccl_device_gfx950.dir/__/hipify/gensrc/specialized/specialized_reduce_ring_simple_prod_f16_0_0_1.o
[1490/4366] Building RCCLDEV object src/CMakeFiles/rccl_device_gfx950.dir/__/hipify/gensrc/specialized/specialized_allreduce_tree_simple_minmax_f64_1_0_1.o
[1491/4366] Building RCCLDEV object src/CMakeFiles/rccl_device_gfx950.dir/__/hipify/gensrc/specialized/specialized_allreduce_tree_simple_premulsum_u32_1_0_2.o
[1492/4366] Building RCCLDEV object src/CMakeFiles/rccl_device_gfx950.dir/__/hipify/gensrc/specialized/specialized_reduce_ring_simple_prod_f32_0_0_1.o
[1493/4366] Building RCCLDEV object src/CMakeFiles/rccl_device_gfx950.dir/__/hipify/gensrc/specialized/specialized_allreduce_ring_simple_minmax_u64_0_0_4.o
[1494/4366] Building RCCLDEV object src/CMakeFiles/rccl_device_gfx950.dir/__/hipify/gensrc/specialized/specialized_reducescatter_ring_simple_premulsum_bf16_0_0_2.o
[1495/4366] Building RCCLDEV object src/CMakeFiles/rccl_device_gfx950.dir/__/hipify/gensrc/specialized/specialized_allreduce_tree_simple_premulsum_u8_0_0_2.o
[1496/4366] Building RCCLDEV object src/CMakeFiles/rccl_device_gfx950.dir/__/hipify/gensrc/specialized/specialized_allreduce_tree_simple_prod_f16_1_0_1.o
[1497/4366] Building RCCLDEV object src/CMakeFiles/rccl_device_gfx950.dir/__/hipify/gensrc/specialized/specialized_allreduce_ring_simple_prod_f32_0_0_4.o
[1498/4366] Building RCCLDEV object src/CMakeFiles/rccl_device_gfx950.dir/__/hipify/gensrc/specialized/specialized_reduce_ring_simple_prod_u32_0_0_1.o
[1499/4366] Building RCCLDEV object src/CMakeFiles/rccl_device_gfx950.dir/__/hipify/gensrc/specialized/specialized_reducescatter_ring_simple_prod_u8_0_0_2.o
[1500/4366] Building RCCLDEV object src/CMakeFiles/rccl_device_gfx950.dir/__/hipify/gensrc/specialized/specialized_alltoallpivot_ring_simple_sum_i8_0_0_2.o
[1501/4366] Building RCCLDEV object src/CMakeFiles/rccl_device_gfx950.dir/__/hipify/gensrc/specialized/specialized_allreduce_tree_simple_premulsum_f8e4m3_1_0_2.o
[1502/4366] Building RCCLDEV object src/CMakeFiles/rccl_device_gfx950.dir/__/hipify/gensrc/specialized/specialized_reduce_ring_simple_minmax_u32_0_0_1.o
[1503/4366] Building RCCLDEV object src/CMakeFiles/rccl_device_gfx950.dir/__/hipify/gensrc/specialized/specialized_reduce_ring_simple_minmax_f32_0_0_1.o
[1504/4366] Building RCCLDEV object src/CMakeFiles/rccl_device_gfx950.dir/__/hipify/gensrc/specialized/specialized_allreduce_tree_simple_premulsum_u8_0_0_1.o
[1505/4366] Building RCCLDEV object src/CMakeFiles/rccl_device_gfx950.dir/__/hipify/gensrc/specialized/specialized_allreduce_tree_simple_sumpostdiv_u32_1_0_2.o
[1506/4366] Building RCCLDEV object src/CMakeFiles/rccl_device_gfx950.dir/__/hipify/gensrc/specialized/specialized_reduce_ring_simple_minmax_f64_0_0_1.o
[1507/4366] Building RCCLDEV object src/CMakeFiles/rccl_device_gfx950.dir/__/hipify/gensrc/specialized/specialized_reduce_ring_simple_minmax_u64_0_0_1.o
[1508/4366] Building RCCLDEV object src/CMakeFiles/rccl_device_gfx950.dir/__/hipify/gensrc/specialized/specialized_allreduce_tree_simple_minmax_u32_1_0_1.o
[1509/4366] Building RCCLDEV object src/CMakeFiles/rccl_device_gfx950.dir/__/hipify/gensrc/specialized/specialized_allreduce_tree_simple_minmax_f8e5m2_1_0_1.o
[1510/4366] Building RCCLDEV object src/CMakeFiles/rccl_device_gfx950.dir/__/hipify/gensrc/specialized/specialized_allreduce_tree_simple_minmax_u8_0_0_2.o
[1511/4366] Building RCCLDEV object src/CMakeFiles/rccl_device_gfx950.dir/__/hipify/gensrc/specialized/specialized_reduce_ring_simple_minmax_u8_0_0_1.o
[1512/4366] Building RCCLDEV object src/CMakeFiles/rccl_device_gfx950.dir/__/hipify/gensrc/specialized/specialized_allreduce_tree_simple_prod_f16_0_0_4.o
[1513/4366] Building RCCLDEV object src/CMakeFiles/rccl_device_gfx950.dir/__/hipify/gensrc/specialized/specialized_reduce_ring_simple_prod_u8_0_0_1.o
[1514/4366] Building RCCLDEV object src/CMakeFiles/rccl_device_gfx950.dir/__/hipify/gensrc/specialized/specialized_allreduce_ring_simple_minmax_f32_0_0_4.o
[1515/4366] Building RCCLDEV object src/CMakeFiles/rccl_device_gfx950.dir/__/hipify/gensrc/specialized/specialized_allreduce_tree_simple_minmax_u32_1_0_4.o
[1516/4366] Building RCCLDEV object src/CMakeFiles/rccl_device_gfx950.dir/__/hipify/gensrc/specialized/specialized_reduce_ring_simple_premulsum_f16_0_0_1.o
[1517/4366] Building RCCLDEV object src/CMakeFiles/rccl_device_gfx950.dir/__/hipify/gensrc/specialized/specialized_reduce_ring_simple_premulsum_u64_0_0_1.o
[1518/4366] Building RCCLDEV object src/CMakeFiles/rccl_device_gfx950.dir/__/hipify/gensrc/specialized/specialized_allreduce_tree_simple_sum_u8_1_0_2.o
[1519/4366] Building RCCLDEV object src/CMakeFiles/rccl_device_gfx950.dir/__/hipify/gensrc/specialized/specialized_allreduce_tree_simple_sum_bf16_1_0_2.o
[1520/4366] Building RCCLDEV object src/CMakeFiles/rccl_device_gfx950.dir/__/hipify/gensrc/specialized/specialized_allreduce_tree_simple_sum_u8_1_0_1.o
[1521/4366] Building RCCLDEV object src/CMakeFiles/rccl_device_gfx950.dir/__/hipify/gensrc/specialized/specialized_allreduce_tree_simple_sumpostdiv_u32_1_0_4.o
[1522/4366] Building RCCLDEV object src/CMakeFiles/rccl_device_gfx950.dir/__/hipify/gensrc/specialized/specialized_allreduce_tree_simple_premulsum_f16_1_0_4.o
[1523/4366] Building RCCLDEV object src/CMakeFiles/rccl_device_gfx950.dir/__/hipify/gensrc/specialized/specialized_allreduce_tree_simple_prod_bf16_1_0_1.o
[1524/4366] Building RCCLDEV object src/CMakeFiles/rccl_device_gfx950.dir/__/hipify/gensrc/specialized/specialized_allreduce_tree_simple_minmax_u8_0_0_1.o
[1525/4366] Building RCCLDEV object src/CMakeFiles/rccl_device_gfx950.dir/__/hipify/gensrc/specialized/specialized_reducescatter_ring_simple_minmax_bf16_0_1_4.o
[1526/4366] Building RCCLDEV object src/CMakeFiles/rccl_device_gfx950.dir/__/hipify/gensrc/specialized/specialized_allreduce_tree_simple_prod_bf16_1_0_2.o
[1527/4366] Building RCCLDEV object src/CMakeFiles/rccl_device_gfx950.dir/__/hipify/gensrc/specialized/specialized_allreduce_tree_simple_prod_u8_0_0_4.o
[1528/4366] Building RCCLDEV object src/CMakeFiles/rccl_device_gfx950.dir/__/hipify/gensrc/specialized/specialized_allreduce_ring_simple_sum_f64_1_0_4.o
[1529/4366] Building RCCLDEV object src/CMakeFiles/rccl_device_gfx950.dir/__/hipify/gensrc/specialized/specialized_allreduce_ring_simple_minmax_u32_0_0_4.o
[1530/4366] Building RCCLDEV object src/CMakeFiles/rccl_device_gfx950.dir/__/hipify/gensrc/specialized/specialized_reducescatter_ring_simple_minmax_bf16_0_0_2.o
[1531/4366] Building RCCLDEV object src/CMakeFiles/rccl_device_gfx950.dir/__/hipify/gensrc/specialized/specialized_reduce_ring_simple_premulsum_u8_0_0_1.o
[1532/4366] Building RCCLDEV object src/CMakeFiles/rccl_device_gfx950.dir/__/hipify/gensrc/specialized/specialized_allgatherv_ring_simple_sum_i8_0_0_2.o
[1533/4366] Building RCCLDEV object src/CMakeFiles/rccl_device_gfx950.dir/__/hipify/gensrc/specialized/specialized_reducescatter_ring_simple_minmax_u8_0_0_2.o
[1534/4366] Building RCCLDEV object src/CMakeFiles/rccl_device_gfx950.dir/__/hipify/gensrc/specialized/specialized_reduce_ring_simple_minmax_bf16_0_0_1.o
[1535/4366] Building RCCLDEV object src/CMakeFiles/rccl_device_gfx950.dir/__/hipify/gensrc/specialized/specialized_allreduce_ring_simple_minmax_f64_0_0_4.o
[1536/4366] Building RCCLDEV object src/CMakeFiles/rccl_device_gfx950.dir/__/hipify/gensrc/specialized/specialized_reduce_ring_simple_sum_bf16_0_1_1.o
[1537/4366] Building RCCLDEV object src/CMakeFiles/rccl_device_gfx950.dir/__/hipify/gensrc/specialized/specialized_reduce_ring_simple_premulsum_f64_0_0_1.o
[1538/4366] Building RCCLDEV object src/CMakeFiles/rccl_device_gfx950.dir/__/hipify/gensrc/specialized/specialized_reduce_ring_simple_premulsum_f32_0_0_1.o
[1539/4366] Building RCCLDEV object src/CMakeFiles/rccl_device_gfx950.dir/__/hipify/gensrc/specialized/specialized_allreduce_tree_simple_minmax_f8e4m3_1_0_1.o
[1540/4366] Building RCCLDEV object src/CMakeFiles/rccl_device_gfx950.dir/__/hipify/gensrc/specialized/specialized_reduce_ring_simple_premulsum_bf16_0_0_1.o
[1541/4366] Building RCCLDEV object src/CMakeFiles/rccl_device_gfx950.dir/__/hipify/gensrc/specialized/specialized_allreduce_tree_simple_sumpostdiv_u32_1_0_1.o
[1542/4366] Building RCCLDEV object src/CMakeFiles/rccl_device_gfx950.dir/__/hipify/gensrc/specialized/specialized_allreduce_tree_simple_sum_u32_1_0_4.o
[1543/4366] Building RCCLDEV object src/CMakeFiles/rccl_device_gfx950.dir/__/hipify/gensrc/specialized/specialized_reducescatter_ring_simple_sum_bf16_0_1_2.o
[1544/4366] Building RCCLDEV object src/CMakeFiles/rccl_device_gfx950.dir/__/hipify/gensrc/specialized/specialized_allreduce_tree_simple_premulsum_f32_1_0_1.o
[1545/4366] Building RCCLDEV object src/CMakeFiles/rccl_device_gfx950.dir/__/hipify/gensrc/specialized/specialized_allreduce_ring_simple_sum_u8_0_0_4.o
[1546/4366] Building RCCLDEV object src/CMakeFiles/rccl_device_gfx950.dir/__/hipify/gensrc/specialized/specialized_allreduce_tree_simple_premulsum_f8e4m3_0_0_4.o
[1547/4366] Building RCCLDEV object src/CMakeFiles/rccl_device_gfx950.dir/__/hipify/gensrc/specialized/specialized_allreduce_ring_simple_sum_f32_1_0_4.o
[1548/4366] Building RCCLDEV object src/CMakeFiles/rccl_device_gfx950.dir/__/hipify/gensrc/specialized/specialized_sendrecv_ring_simple_sum_i8_0_0_2.o
[1549/4366] Building RCCLDEV object src/CMakeFiles/rccl_device_gfx950.dir/__/hipify/gensrc/specialized/specialized_reducescatter_ring_simple_premulsum_u8_0_0_2.o
[1550/4366] Building RCCLDEV object src/CMakeFiles/rccl_device_gfx950.dir/__/hipify/gensrc/specialized/specialized_allreduce_tree_simple_minmax_u32_1_0_2.o
[1551/4366] Building RCCLDEV object src/CMakeFiles/rccl_device_gfx950.dir/__/hipify/gensrc/specialized/specialized_reduce_ring_simple_premulsum_u32_0_0_1.o
[1552/4366] Building RCCLDEV object src/CMakeFiles/rccl_device_gfx950.dir/__/hipify/gensrc/specialized/specialized_allreduce_tree_simple_premulsum_f16_1_0_2.o
[1553/4366] Building RCCLDEV object src/CMakeFiles/rccl_device_gfx950.dir/__/hipify/gensrc/specialized/specialized_reduce_ring_simple_minmax_f16_0_0_1.o
[1554/4366] Building RCCLDEV object src/CMakeFiles/rccl_device_gfx950.dir/__/hipify/gensrc/specialized/specialized_allreduce_tree_simple_premulsum_f16_1_0_1.o
[1555/4366] Building RCCLDEV object src/CMakeFiles/rccl_device_gfx950.dir/__/hipify/gensrc/specialized/specialized_allreduce_ring_simple_sum_u64_1_0_4.o
[1556/4366] Building RCCLDEV object src/CMakeFiles/rccl_device_gfx950.dir/__/hipify/gensrc/specialized/specialized_allreduce_ring_simple_premulsum_u64_0_0_4.o
[1557/4366] Building RCCLDEV object src/CMakeFiles/rccl_device_gfx950.dir/__/hipify/gensrc/specialized/specialized_allreduce_ring_simple_sum_bf16_0_0_4.o
[1558/4366] Building RCCLDEV object src/CMakeFiles/rccl_device_gfx950.dir/__/hipify/gensrc/specialized/specialized_allreduce_tree_simple_sum_bf16_1_0_4.o
[1559/4366] Building RCCLDEV object src/CMakeFiles/rccl_device_gfx950.dir/__/hipify/gensrc/specialized/specialized_allreduce_tree_simple_prod_f8e4m3_0_0_4.o
[1560/4366] Building RCCLDEV object src/CMakeFiles/rccl_device_gfx950.dir/__/hipify/gensrc/specialized/specialized_allreduce_ring_simple_prod_bf16_0_0_4.o
[1561/4366] Building RCCLDEV object src/CMakeFiles/rccl_device_gfx950.dir/__/hipify/gensrc/specialized/specialized_allreduce_tree_simple_prod_u32_1_0_1.o
[1562/4366] Building RCCLDEV object src/CMakeFiles/rccl_device_gfx950.dir/__/hipify/gensrc/specialized/specialized_allreduce_ring_simple_premulsum_u32_0_0_4.o
[1563/4366] Building RCCLDEV object src/CMakeFiles/rccl_device_gfx950.dir/__/hipify/gensrc/specialized/specialized_allreduce_ring_simple_premulsum_f64_0_0_4.o
[1564/4366] Building RCCLDEV object src/CMakeFiles/rccl_device_gfx950.dir/__/hipify/gensrc/specialized/specialized_allreduce_tree_simple_premulsum_u8_0_0_4.o
[1565/4366] Building RCCLDEV object src/CMakeFiles/rccl_device_gfx950.dir/__/hipify/gensrc/specialized/specialized_allreduce_ring_simple_prod_f64_1_0_4.o
[1566/4366] Building RCCLDEV object src/CMakeFiles/rccl_device_gfx950.dir/__/hipify/gensrc/specialized/specialized_allreduce_tree_simple_premulsum_bf16_1_0_1.o
[1567/4366] Building RCCLDEV object src/CMakeFiles/rccl_device_gfx950.dir/__/hipify/gensrc/specialized/specialized_allreduce_tree_simple_prod_bf16_1_0_4.o
[1568/4366] Building RCCLDEV object src/CMakeFiles/rccl_device_gfx950.dir/__/hipify/gensrc/specialized/specialized_allreduce_ring_simple_premulsum_f32_0_0_4.o
[1569/4366] Building RCCLDEV object src/CMakeFiles/rccl_device_gfx950.dir/__/hipify/gensrc/specialized/specialized_allreduce_tree_simple_prod_f8e5m2_0_0_4.o
[1570/4366] Building RCCLDEV object src/CMakeFiles/rccl_device_gfx950.dir/__/hipify/gensrc/specialized/specialized_allreduce_ring_simple_minmax_u64_1_0_4.o
[1571/4366] Building RCCLDEV object src/CMakeFiles/rccl_device_gfx950.dir/__/hipify/gensrc/specialized/specialized_reducescatter_ring_simple_prod_bf16_0_1_2.o
[1572/4366] Building RCCLDEV object src/CMakeFiles/rccl_device_gfx950.dir/__/hipify/gensrc/specialized/specialized_allreduce_tree_simple_sumpostdiv_u8_0_0_1.o
[1573/4366] Building RCCLDEV object src/CMakeFiles/rccl_device_gfx950.dir/__/hipify/gensrc/specialized/specialized_reduce_ring_simple_sumpostdiv_u32_0_0_1.o
[1574/4366] Building RCCLDEV object src/CMakeFiles/rccl_device_gfx950.dir/__/hipify/gensrc/specialized/specialized_reduce_ring_simple_prod_bf16_0_1_1.o
[1575/4366] Building RCCLDEV object src/CMakeFiles/rccl_device_gfx950.dir/__/hipify/gensrc/specialized/specialized_allreduce_tree_simple_sum_f8e4m3_1_0_4.o
[1576/4366] Building RCCLDEV object src/CMakeFiles/rccl_device_gfx950.dir/__/hipify/gensrc/specialized/specialized_allreduce_tree_simple_premulsum_u8_1_0_1.o
[1577/4366] Building RCCLDEV object src/CMakeFiles/rccl_device_gfx950.dir/__/hipify/gensrc/specialized/specialized_reduce_ring_simple_minmax_bf16_0_1_1.o
[1578/4366] Building RCCLDEV object src/CMakeFiles/rccl_device_gfx950.dir/__/hipify/gensrc/specialized/specialized_allreduce_tree_simple_prod_u8_1_0_1.o
[1579/4366] Building RCCLDEV object src/CMakeFiles/rccl_device_gfx950.dir/__/hipify/gensrc/specialized/specialized_allreduce_tree_simple_premulsum_bf16_1_0_4.o
[1580/4366] Building RCCLDEV object src/CMakeFiles/rccl_device_gfx950.dir/__/hipify/gensrc/specialized/specialized_allreduce_ring_simple_prod_u32_1_0_4.o
[1581/4366] Building RCCLDEV object src/CMakeFiles/rccl_device_gfx950.dir/__/hipify/gensrc/specialized/specialized_allreduce_ring_simple_sum_u32_1_0_4.o
[1582/4366] Building RCCLDEV object src/CMakeFiles/rccl_device_gfx950.dir/__/hipify/gensrc/specialized/specialized_allreduce_tree_simple_premulsum_bf16_1_0_2.o
[1583/4366] Building RCCLDEV object src/CMakeFiles/rccl_device_gfx950.dir/__/hipify/gensrc/specialized/specialized_allreduce_ring_simple_premulsum_f16_0_0_4.o
[1584/4366] Building RCCLDEV object src/CMakeFiles/rccl_device_gfx950.dir/__/hipify/gensrc/specialized/specialized_sendrecv_ring_simple_sum_i8_0_0_2_1.o
[1585/4366] Building RCCLDEV object src/CMakeFiles/rccl_device_gfx950.dir/__/hipify/gensrc/specialized/specialized_allgather_ring_simple_sum_i8_0_0_2.o
[1586/4366] Building RCCLDEV object src/CMakeFiles/rccl_device_gfx950.dir/__/hipify/gensrc/specialized/specialized_allreduce_ring_simple_prod_f8e4m3_1_0_2.o
[1587/4366] Building RCCLDEV object src/CMakeFiles/rccl_device_gfx950.dir/__/hipify/gensrc/specialized/specialized_allreduce_ring_simple_prod_f32_1_0_4.o
[1588/4366] Building RCCLDEV object src/CMakeFiles/rccl_device_gfx950.dir/__/hipify/gensrc/specialized/specialized_allreduce_tree_simple_sum_f8e5m2_1_0_4.o
[1589/4366] Building RCCLDEV object src/CMakeFiles/rccl_device_gfx950.dir/__/hipify/gensrc/specialized/specialized_allreduce_tree_simple_minmax_bf16_1_0_1.o
[1590/4366] Building RCCLDEV object src/CMakeFiles/rccl_device_gfx950.dir/__/hipify/gensrc/specialized/specialized_reduce_ring_simple_sumpostdiv_u8_0_0_1.o
[1591/4366] Building RCCLDEV object src/CMakeFiles/rccl_device_gfx950.dir/__/hipify/gensrc/specialized/specialized_allreduce_ring_simple_minmax_f64_1_0_4.o
[1592/4366] Building RCCLDEV object src/CMakeFiles/rccl_device_gfx950.dir/__/hipify/gensrc/specialized/specialized_reduce_ring_simple_premulsum_bf16_0_1_1.o
[1593/4366] Building RCCLDEV object src/CMakeFiles/rccl_device_gfx950.dir/__/hipify/gensrc/specialized/specialized_allreduce_ring_simple_prod_f16_0_0_4.o
[1594/4366] Building RCCLDEV object src/CMakeFiles/rccl_device_gfx950.dir/__/hipify/gensrc/specialized/specialized_allreduce_ring_simple_premulsum_f64_1_0_4.o
[1595/4366] Building RCCLDEV object src/CMakeFiles/rccl_device_gfx950.dir/__/hipify/gensrc/specialized/specialized_allreduce_tree_simple_premulsum_bf16_0_0_4.o
[1596/4366] Building RCCLDEV object src/CMakeFiles/rccl_device_gfx950.dir/__/hipify/gensrc/specialized/specialized_allreduce_ring_simple_prod_f8e5m2_1_0_2.o
[1597/4366] Building RCCLDEV object src/CMakeFiles/rccl_device_gfx950.dir/__/hipify/gensrc/specialized/specialized_allreduce_ring_simple_premulsum_u64_1_0_4.o
[1598/4366] Building RCCLDEV object src/CMakeFiles/rccl_device_gfx950.dir/__/hipify/gensrc/specialized/specialized_reduce_ring_simple_sumpostdiv_u64_0_0_1.o
[1599/4366] Building RCCLDEV object src/CMakeFiles/rccl_device_gfx950.dir/__/hipify/gensrc/specialized/specialized_allreduce_ring_simple_prod_u8_0_0_4.o
[1600/4366] Building RCCLDEV object src/CMakeFiles/rccl_device_gfx950.dir/__/hipify/gensrc/specialized/specialized_allreduce_tree_simple_minmax_u8_0_0_4.o
[1601/4366] Building RCCLDEV object src/CMakeFiles/rccl_device_gfx950.dir/__/hipify/gensrc/specialized/specialized_allreduce_ring_simple_sumpostdiv_u32_0_0_4.o
[1602/4366] Building RCCLDEV object src/CMakeFiles/rccl_device_gfx950.dir/__/hipify/gensrc/specialized/specialized_allreduce_ring_simple_prod_u64_1_0_4.o
[1603/4366] Building RCCLDEV object src/CMakeFiles/rccl_device_gfx950.dir/__/hipify/gensrc/specialized/specialized_allreduce_tree_simple_sumpostdiv_u64_0_0_4.o
[1604/4366] Building RCCLDEV object src/CMakeFiles/rccl_device_gfx950.dir/__/hipify/gensrc/specialized/specialized_allreduce_tree_simple_minmax_f8e4m3_0_0_4.o
[1605/4366] Building RCCLDEV object src/CMakeFiles/rccl_device_gfx950.dir/__/hipify/gensrc/specialized/specialized_allreduce_ring_simple_premulsum_bf16_0_0_4.o
[1606/4366] Building RCCLDEV object src/CMakeFiles/rccl_device_gfx950.dir/__/hipify/gensrc/specialized/specialized_allreduce_tree_simple_minmax_bf16_1_0_2.o
[1607/4366] Building RCCLDEV object src/CMakeFiles/rccl_device_gfx950.dir/__/hipify/gensrc/specialized/specialized_broadcast_ring_simple_sum_i8_0_0_1.o
[1608/4366] Building RCCLDEV object src/CMakeFiles/rccl_device_gfx950.dir/__/hipify/gensrc/specialized/specialized_allreduce_ring_simple_sum_f16_1_0_4.o
[1609/4366] Building RCCLDEV object src/CMakeFiles/rccl_device_gfx950.dir/__/hipify/gensrc/specialized/specialized_allreduce_tree_simple_sum_bf16_1_1_1.o
[1610/4366] Building RCCLDEV object src/CMakeFiles/rccl_device_gfx950.dir/__/hipify/gensrc/specialized/specialized_allreduce_tree_simple_sumpostdiv_u8_0_0_2.o
[1611/4366] Building RCCLDEV object src/CMakeFiles/rccl_device_gfx950.dir/__/hipify/gensrc/specialized/specialized_reducescatter_ring_simple_premulsum_bf16_0_1_2.o
[1612/4366] Building RCCLDEV object src/CMakeFiles/rccl_device_gfx950.dir/__/hipify/gensrc/specialized/specialized_allreduce_tree_simple_sum_u8_1_0_4.o
[1613/4366] Building RCCLDEV object src/CMakeFiles/rccl_device_gfx950.dir/__/hipify/gensrc/specialized/specialized_allreduce_tree_simple_sum_bf16_1_1_2.o
[1614/4366] Building RCCLDEV object src/CMakeFiles/rccl_device_gfx950.dir/__/hipify/gensrc/specialized/specialized_allreduce_tree_simple_minmax_f8e5m2_0_0_4.o
[1615/4366] Building RCCLDEV object src/CMakeFiles/rccl_device_gfx950.dir/__/hipify/gensrc/specialized/specialized_allreduce_ring_simple_minmax_f32_1_0_4.o
[1616/4366] Building RCCLDEV object src/CMakeFiles/rccl_device_gfx950.dir/__/hipify/gensrc/specialized/specialized_allreduce_tree_simple_prod_u8_1_0_2.o
[1617/4366] Building RCCLDEV object src/CMakeFiles/rccl_device_gfx950.dir/__/hipify/gensrc/specialized/specialized_reducescatter_ring_simple_minmax_bf16_0_1_2.o
[1618/4366] Building RCCLDEV object src/CMakeFiles/rccl_device_gfx950.dir/__/hipify/gensrc/specialized/specialized_allreduce_ring_simple_minmax_bf16_0_0_4.o
[1619/4366] Building RCCLDEV object src/CMakeFiles/rccl_device_gfx950.dir/__/hipify/gensrc/specialized/specialized_allreduce_tree_simple_prod_bf16_1_1_2.o
[1620/4366] Building RCCLDEV object src/CMakeFiles/rccl_device_gfx950.dir/__/hipify/gensrc/specialized/specialized_allreduce_tree_simple_minmax_u8_1_0_1.o
[1621/4366] Building RCCLDEV object src/CMakeFiles/rccl_device_gfx950.dir/__/hipify/gensrc/specialized/specialized_allreduce_ring_simple_minmax_u32_1_0_4.o
[1622/4366] Building RCCLDEV object src/CMakeFiles/rccl_device_gfx950.dir/__/hipify/gensrc/specialized/specialized_allreduce_ring_simple_premulsum_f32_1_0_4.o
[1623/4366] Building RCCLDEV object src/CMakeFiles/rccl_device_gfx950.dir/__/hipify/gensrc/specialized/specialized_allreduce_tree_simple_premulsum_u8_1_0_2.o
[1624/4366] Building RCCLDEV object src/CMakeFiles/rccl_device_gfx950.dir/__/hipify/gensrc/specialized/specialized_allreduce_ring_simple_premulsum_u32_1_0_4.o
[1625/4366] Building RCCLDEV object src/CMakeFiles/rccl_device_gfx950.dir/__/hipify/gensrc/specialized/specialized_allreduce_tree_simple_sumpostdiv_u8_1_0_1.o
[1626/4366] Building RCCLDEV object src/CMakeFiles/rccl_device_gfx950.dir/__/hipify/gensrc/specialized/specialized_allreduce_ring_simple_minmax_f8e5m2_1_0_2.o
[1627/4366] Building RCCLDEV object src/CMakeFiles/rccl_device_gfx950.dir/__/hipify/gensrc/specialized/specialized_allreduce_tree_simple_sumpostdiv_u64_0_0_2.o
[1628/4366] Building RCCLDEV object src/CMakeFiles/rccl_device_gfx950.dir/__/hipify/gensrc/specialized/specialized_allreduce_ring_simple_sum_bf16_1_0_4.o
[1629/4366] Building RCCLDEV object src/CMakeFiles/rccl_device_gfx950.dir/__/hipify/gensrc/specialized/specialized_allreduce_tree_simple_premulsum_bf16_1_1_1.o
[1630/4366] Building RCCLDEV object src/CMakeFiles/rccl_device_gfx950.dir/__/hipify/gensrc/specialized/specialized_allreduce_ring_simple_minmax_u8_0_0_4.o
[1631/4366] Building RCCLDEV object src/CMakeFiles/rccl_device_gfx950.dir/__/hipify/gensrc/specialized/specialized_reducescatter_ring_simple_sumpostdiv_u64_0_0_2.o
[1632/4366] Building RCCLDEV object src/CMakeFiles/rccl_device_gfx950.dir/__/hipify/gensrc/specialized/specialized_allreduce_ring_simple_minmax_f8e4m3_1_0_2.o
[1633/4366] Building RCCLDEV object src/CMakeFiles/rccl_device_gfx950.dir/__/hipify/gensrc/specialized/specialized_allreduce_tree_simple_prod_bf16_1_1_1.o
[1634/4366] Building RCCLDEV object src/CMakeFiles/rccl_device_gfx950.dir/__/hipify/gensrc/specialized/specialized_allreduce_ring_simple_premulsum_f16_1_0_4.o
[1635/4366] Building RCCLDEV object src/CMakeFiles/rccl_device_gfx950.dir/__/hipify/gensrc/specialized/specialized_allreduce_tree_simple_minmax_bf16_1_0_4.o
[1636/4366] Building RCCLDEV object src/CMakeFiles/rccl_device_gfx950.dir/__/hipify/gensrc/specialized/specialized_allreduce_ring_simple_prod_bf16_1_0_4.o
[1637/4366] Building RCCLDEV object src/CMakeFiles/rccl_device_gfx950.dir/__/hipify/gensrc/specialized/specialized_allreduce_tree_simple_premulsum_f8e5m2_0_0_4.o
[1638/4366] Building RCCLDEV object src/CMakeFiles/rccl_device_gfx950.dir/__/hipify/gensrc/specialized/specialized_allreduce_ring_simple_sumpostdiv_u32_1_0_4.o
[1639/4366] Building RCCLDEV object src/CMakeFiles/rccl_device_gfx950.dir/__/hipify/gensrc/specialized/specialized_allreduce_tree_simple_minmax_bf16_1_1_1.o
[1640/4366] Building RCCLDEV object src/CMakeFiles/rccl_device_gfx950.dir/__/hipify/gensrc/specialized/specialized_allreduce_tree_simple_prod_bf16_0_1_1.o
[1641/4366] Building RCCLDEV object src/CMakeFiles/rccl_device_gfx950.dir/__/hipify/gensrc/specialized/specialized_allreduce_ring_simple_prod_f16_1_0_4.o
[1642/4366] Building RCCLDEV object src/CMakeFiles/rccl_device_gfx950.dir/__/hipify/gensrc/specialized/specialized_allreduce_tree_simple_premulsum_bf16_1_1_2.o
[1643/4366] Building RCCLDEV object src/CMakeFiles/rccl_device_gfx950.dir/__/hipify/gensrc/specialized/specialized_allreduce_tree_simple_sumpostdiv_u64_1_0_4.o
[1644/4366] Building RCCLDEV object src/CMakeFiles/rccl_device_gfx950.dir/__/hipify/gensrc/specialized/specialized_allreduce_ring_simple_sum_u64_0_0_2.o
[1645/4366] Building RCCLDEV object src/CMakeFiles/rccl_device_gfx950.dir/__/hipify/gensrc/specialized/specialized_allreduce_tree_simple_sum_bf16_0_1_1.o
[1646/4366] Building RCCLDEV object src/CMakeFiles/rccl_device_gfx950.dir/__/hipify/gensrc/specialized/specialized_allreduce_tree_simple_sumpostdiv_u8_0_0_4.o
[1647/4366] Building RCCLDEV object src/CMakeFiles/rccl_device_gfx950.dir/__/hipify/gensrc/specialized/specialized_allreduce_ring_simple_premulsum_u8_0_0_4.o
[1648/4366] Building RCCLDEV object src/CMakeFiles/rccl_device_gfx950.dir/__/hipify/gensrc/specialized/specialized_allreduce_ring_simple_sum_f16_0_0_2.o
[1649/4366] Building RCCLDEV object src/CMakeFiles/rccl_device_gfx950.dir/__/hipify/gensrc/specialized/specialized_allreduce_tree_simple_sum_bf16_0_1_2.o
[1650/4366] Building RCCLDEV object src/CMakeFiles/rccl_device_gfx950.dir/__/hipify/gensrc/specialized/specialized_allreduce_ring_simple_sum_u32_0_0_2.o
[1651/4366] Building RCCLDEV object src/CMakeFiles/rccl_device_gfx950.dir/__/hipify/gensrc/specialized/specialized_allreduce_tree_ll_sum_u32_0_0_4.o
[1652/4366] Building RCCLDEV object src/CMakeFiles/rccl_device_gfx950.dir/__/hipify/gensrc/specialized/specialized_allreduce_tree_simple_prod_bf16_1_1_4.o
[1653/4366] Building RCCLDEV object src/CMakeFiles/rccl_device_gfx950.dir/__/hipify/gensrc/specialized/specialized_reducescatter_ring_simple_sum_f32_0_0_1.o
[1654/4366] Building RCCLDEV object src/CMakeFiles/rccl_device_gfx950.dir/__/hipify/gensrc/specialized/specialized_allreduce_tree_ll_sum_u64_1_0_4.o
[1655/4366] Building RCCLDEV object src/CMakeFiles/rccl_device_gfx950.dir/__/hipify/gensrc/specialized/specialized_allreduce_tree_simple_sumpostdiv_u64_1_0_2.o
[1656/4366] Building RCCLDEV object src/CMakeFiles/rccl_device_gfx950.dir/__/hipify/gensrc/specialized/specialized_allreduce_ring_simple_sum_f64_0_0_2.o
[1657/4366] Building RCCLDEV object src/CMakeFiles/rccl_device_gfx950.dir/__/hipify/gensrc/specialized/specialized_allreduce_tree_ll_sum_u32_1_0_4.o
[1658/4366] Building RCCLDEV object src/CMakeFiles/rccl_device_gfx950.dir/__/hipify/gensrc/specialized/specialized_allreduce_tree_ll_sum_u64_0_0_4.o
[1659/4366] Building RCCLDEV object src/CMakeFiles/rccl_device_gfx950.dir/__/hipify/gensrc/specialized/specialized_allreduce_tree_simple_sumpostdiv_u8_1_0_2.o
[1660/4366] Building RCCLDEV object src/CMakeFiles/rccl_device_gfx950.dir/__/hipify/gensrc/specialized/specialized_allreduce_tree_simple_sum_bf16_1_1_4.o
[1661/4366] Building RCCLDEV object src/CMakeFiles/rccl_device_gfx950.dir/__/hipify/gensrc/specialized/specialized_reducescatter_ring_simple_sum_u8_0_0_1.o
[1662/4366] Building RCCLDEV object src/CMakeFiles/rccl_device_gfx950.dir/__/hipify/gensrc/specialized/specialized_allreduce_ring_simple_premulsum_bf16_1_0_4.o
[1663/4366] Building RCCLDEV object src/CMakeFiles/rccl_device_gfx950.dir/__/hipify/gensrc/specialized/specialized_reducescatter_ring_simple_sum_f16_0_0_1.o
[1664/4366] Building RCCLDEV object src/CMakeFiles/rccl_device_gfx950.dir/__/hipify/gensrc/specialized/specialized_allreduce_tree_ll_sum_f32_0_0_4.o
[1665/4366] Building RCCLDEV object src/CMakeFiles/rccl_device_gfx950.dir/__/hipify/gensrc/specialized/specialized_allreduce_tree_ll_sum_bf16_0_0_4.o
[1666/4366] Building RCCLDEV object src/CMakeFiles/rccl_device_gfx950.dir/__/hipify/gensrc/specialized/specialized_allreduce_tree_ll_sum_u8_1_0_4.o
[1667/4366] Building RCCLDEV object src/CMakeFiles/rccl_device_gfx950.dir/__/hipify/gensrc/specialized/specialized_allreduce_tree_ll_minmax_f64_0_0_4.o
[1668/4366] Building RCCLDEV object src/CMakeFiles/rccl_device_gfx950.dir/__/hipify/gensrc/specialized/specialized_allreduce_tree_ll_prod_u32_1_0_4.o
[1669/4366] Building RCCLDEV object src/CMakeFiles/rccl_device_gfx950.dir/__/hipify/gensrc/specialized/specialized_allreduce_tree_ll_sum_u8_0_0_4.o
[1670/4366] Building RCCLDEV object src/CMakeFiles/rccl_device_gfx950.dir/__/hipify/gensrc/specialized/specialized_allreduce_tree_ll_sum_f64_0_0_4.o
[1671/4366] Building RCCLDEV object src/CMakeFiles/rccl_device_gfx950.dir/__/hipify/gensrc/specialized/specialized_allreduce_ring_simple_sum_u8_1_0_4.o
[1672/4366] Building RCCLDEV object src/CMakeFiles/rccl_device_gfx950.dir/__/hipify/gensrc/specialized/specialized_allreduce_tree_ll_prod_u64_0_0_4.o
[1673/4366] Building RCCLDEV object src/CMakeFiles/rccl_device_gfx950.dir/__/hipify/gensrc/specialized/specialized_allreduce_tree_ll_sum_f64_1_0_4.o
[1674/4366] Building RCCLDEV object src/CMakeFiles/rccl_device_gfx950.dir/__/hipify/gensrc/specialized/specialized_allreduce_tree_ll_sum_bf16_1_0_4.o
[1675/4366] Building RCCLDEV object src/CMakeFiles/rccl_device_gfx950.dir/__/hipify/gensrc/specialized/specialized_allreduce_tree_ll_minmax_u64_0_0_4.o
[1676/4366] Building RCCLDEV object src/CMakeFiles/rccl_device_gfx950.dir/__/hipify/gensrc/specialized/specialized_allreduce_tree_ll_minmax_f64_1_0_4.o
[1677/4366] Building RCCLDEV object src/CMakeFiles/rccl_device_gfx950.dir/__/hipify/gensrc/specialized/specialized_allreduce_tree_simple_prod_bf16_0_1_2.o
[1678/4366] Building RCCLDEV object src/CMakeFiles/rccl_device_gfx950.dir/__/hipify/gensrc/specialized/specialized_allreduce_tree_ll_minmax_u64_1_0_4.o
[1679/4366] Building RCCLDEV object src/CMakeFiles/rccl_device_gfx950.dir/__/hipify/gensrc/specialized/specialized_allreduce_tree_ll_premulsum_u32_0_0_4.o
[1680/4366] Building RCCLDEV object src/CMakeFiles/rccl_device_gfx950.dir/__/hipify/gensrc/specialized/specialized_allreduce_tree_ll_prod_u64_1_0_4.o
[1681/4366] Building RCCLDEV object src/CMakeFiles/rccl_device_gfx950.dir/__/hipify/gensrc/specialized/specialized_allreduce_tree_ll_sum_f16_0_0_4.o
[1682/4366] Building RCCLDEV object src/CMakeFiles/rccl_device_gfx950.dir/__/hipify/gensrc/specialized/specialized_alltoallpivot_ring_simple_sum_i8_0_0_1.o
[1683/4366] Building RCCLDEV object src/CMakeFiles/rccl_device_gfx950.dir/__/hipify/gensrc/specialized/specialized_allreduce_tree_ll_prod_u32_0_0_4.o
[1684/4366] Building RCCLDEV object src/CMakeFiles/rccl_device_gfx950.dir/__/hipify/gensrc/specialized/specialized_allreduce_tree_ll_premulsum_f32_0_0_4.o
[1685/4366] Building RCCLDEV object src/CMakeFiles/rccl_device_gfx950.dir/__/hipify/gensrc/specialized/specialized_allreduce_tree_simple_sumpostdiv_u64_1_0_1.o
[1686/4366] Building RCCLDEV object src/CMakeFiles/rccl_device_gfx950.dir/__/hipify/gensrc/specialized/specialized_allreduce_tree_ll_prod_f64_0_0_4.o
[1687/4366] Building RCCLDEV object src/CMakeFiles/rccl_device_gfx950.dir/__/hipify/gensrc/specialized/specialized_reducescatter_ring_simple_sum_u32_0_0_1.o
[1688/4366] Building RCCLDEV object src/CMakeFiles/rccl_device_gfx950.dir/__/hipify/gensrc/specialized/specialized_allreduce_tree_ll_premulsum_u64_1_0_4.o
[1689/4366] Building RCCLDEV object src/CMakeFiles/rccl_device_gfx950.dir/__/hipify/gensrc/specialized/specialized_allreduce_tree_simple_minmax_f16_0_0_2.o
[1690/4366] Building RCCLDEV object src/CMakeFiles/rccl_device_gfx950.dir/__/hipify/gensrc/specialized/specialized_allreduce_tree_simple_premulsum_bf16_0_1_1.o
[1691/4366] Building RCCLDEV object src/CMakeFiles/rccl_device_gfx950.dir/__/hipify/gensrc/specialized/specialized_allreduce_tree_ll_prod_u8_1_0_4.o
[1692/4366] Building RCCLDEV object src/CMakeFiles/rccl_device_gfx950.dir/__/hipify/gensrc/specialized/specialized_allreduce_tree_ll_premulsum_f16_0_0_4.o
[1693/4366] Building RCCLDEV object src/CMakeFiles/rccl_device_gfx950.dir/__/hipify/gensrc/specialized/specialized_allreduce_tree_ll_sum_f32_1_0_4.o
[1694/4366] Building RCCLDEV object src/CMakeFiles/rccl_device_gfx950.dir/__/hipify/gensrc/specialized/specialized_allreduce_tree_ll_minmax_f32_1_0_4.o
[1695/4366] Building RCCLDEV object src/CMakeFiles/rccl_device_gfx950.dir/__/hipify/gensrc/specialized/specialized_allreduce_tree_ll_prod_f64_1_0_4.o
[1696/4366] Building RCCLDEV object src/CMakeFiles/rccl_device_gfx950.dir/__/hipify/gensrc/specialized/specialized_allreduce_tree_ll_prod_f16_0_0_4.o
[1697/4366] Building RCCLDEV object src/CMakeFiles/rccl_device_gfx950.dir/__/hipify/gensrc/specialized/specialized_allreduce_ring_simple_sum_f32_0_0_2.o
[1698/4366] Building RCCLDEV object src/CMakeFiles/rccl_device_gfx950.dir/__/hipify/gensrc/specialized/specialized_allreduce_tree_simple_minmax_u8_1_0_2.o
[1699/4366] Building RCCLDEV object src/CMakeFiles/rccl_device_gfx950.dir/__/hipify/gensrc/specialized/specialized_allreduce_tree_ll_prod_f32_0_0_4.o
[1700/4366] Building RCCLDEV object src/CMakeFiles/rccl_device_gfx950.dir/__/hipify/gensrc/specialized/specialized_reducescatter_ring_simple_sum_u64_0_0_1.o
[1701/4366] Building RCCLDEV object src/CMakeFiles/rccl_device_gfx950.dir/__/hipify/gensrc/specialized/specialized_allgatherv_ring_simple_sum_i8_0_0_1.o
[1702/4366] Building RCCLDEV object src/CMakeFiles/rccl_device_gfx950.dir/__/hipify/gensrc/specialized/specialized_allreduce_tree_simple_minmax_bf16_1_1_2.o
[1703/4366] Building RCCLDEV object src/CMakeFiles/rccl_device_gfx950.dir/__/hipify/gensrc/specialized/specialized_allreduce_tree_ll_sum_f16_1_0_4.o
[1704/4366] Building RCCLDEV object src/CMakeFiles/rccl_device_gfx950.dir/__/hipify/gensrc/specialized/specialized_allreduce_tree_ll_prod_f16_1_0_4.o
[1705/4366] Building RCCLDEV object src/CMakeFiles/rccl_device_gfx950.dir/__/hipify/gensrc/specialized/specialized_reducescatter_ring_simple_prod_u32_0_0_1.o
[1706/4366] Building RCCLDEV object src/CMakeFiles/rccl_device_gfx950.dir/__/hipify/gensrc/specialized/specialized_reducescatter_ring_simple_prod_f64_0_0_1.o
[1707/4366] Building RCCLDEV object src/CMakeFiles/rccl_device_gfx950.dir/__/hipify/gensrc/specialized/specialized_reducescatter_pat_simple_sum_u64_0_0_4.o
[1708/4366] Building RCCLDEV object src/CMakeFiles/rccl_device_gfx950.dir/__/hipify/gensrc/specialized/specialized_allreduce_tree_ll_prod_u8_0_0_4.o
[1709/4366] Building RCCLDEV object src/CMakeFiles/rccl_device_gfx950.dir/__/hipify/gensrc/specialized/specialized_allreduce_tree_ll_minmax_u32_0_0_4.o
[1710/4366] Building RCCLDEV object src/CMakeFiles/rccl_device_gfx950.dir/__/hipify/gensrc/specialized/specialized_allreduce_tree_ll_prod_bf16_0_0_4.o
[1711/4366] Building RCCLDEV object src/CMakeFiles/rccl_device_gfx950.dir/__/hipify/gensrc/specialized/specialized_allreduce_tree_ll_minmax_f32_0_0_4.o
[1712/4366] Building RCCLDEV object src/CMakeFiles/rccl_device_gfx950.dir/__/hipify/gensrc/specialized/specialized_allreduce_tree_ll_premulsum_u64_0_0_4.o
[1713/4366] Building RCCLDEV object src/CMakeFiles/rccl_device_gfx950.dir/__/hipify/gensrc/specialized/specialized_reducescatter_ring_simple_prod_u64_0_0_1.o
[1714/4366] Building RCCLDEV object src/CMakeFiles/rccl_device_gfx950.dir/__/hipify/gensrc/specialized/specialized_allreduce_ring_simple_prod_bf16_1_1_4.o
[1715/4366] Building RCCLDEV object src/CMakeFiles/rccl_device_gfx950.dir/__/hipify/gensrc/specialized/specialized_allreduce_tree_ll_premulsum_f64_0_0_4.o
[1716/4366] Building RCCLDEV object src/CMakeFiles/rccl_device_gfx950.dir/__/hipify/gensrc/specialized/specialized_allreduce_tree_ll_sumpostdiv_u32_0_0_4.o
[1717/4366] Building RCCLDEV object src/CMakeFiles/rccl_device_gfx950.dir/__/hipify/gensrc/specialized/specialized_allreduce_tree_ll_sum_u64_1_0_2.o
[1718/4366] Building RCCLDEV object src/CMakeFiles/rccl_device_gfx950.dir/__/hipify/gensrc/specialized/specialized_allreduce_tree_ll_prod_f32_1_0_4.o
[1719/4366] Building RCCLDEV object src/CMakeFiles/rccl_device_gfx950.dir/__/hipify/gensrc/specialized/specialized_allreduce_ring_simple_sum_u8_0_0_2.o
[1720/4366] Building RCCLDEV object src/CMakeFiles/rccl_device_gfx950.dir/__/hipify/gensrc/specialized/specialized_reducescatter_ring_simple_sum_bf16_0_0_1.o
[1721/4366] Building RCCLDEV object src/CMakeFiles/rccl_device_gfx950.dir/__/hipify/gensrc/specialized/specialized_allreduce_tree_ll_minmax_bf16_1_0_4.o
[1722/4366] Building RCCLDEV object src/CMakeFiles/rccl_device_gfx950.dir/__/hipify/gensrc/specialized/specialized_allreduce_tree_ll_prod_bf16_1_0_4.o
[1723/4366] Building RCCLDEV object src/CMakeFiles/rccl_device_gfx950.dir/__/hipify/gensrc/specialized/specialized_allreduce_ring_simple_sum_u64_1_0_2.o
[1724/4366] Building RCCLDEV object src/CMakeFiles/rccl_device_gfx950.dir/__/hipify/gensrc/specialized/specialized_allreduce_tree_ll_minmax_u32_1_0_4.o
[1725/4366] Building RCCLDEV object src/CMakeFiles/rccl_device_gfx950.dir/__/hipify/gensrc/specialized/specialized_reducescatter_ring_simple_prod_f16_0_0_1.o
[1726/4366] Building RCCLDEV object src/CMakeFiles/rccl_device_gfx950.dir/__/hipify/gensrc/specialized/specialized_allreduce_tree_simple_prod_f8e5m2_1_0_2.o
[1727/4366] Building RCCLDEV object src/CMakeFiles/rccl_device_gfx950.dir/__/hipify/gensrc/specialized/specialized_reducescatter_ring_simple_prod_bf16_0_0_1.o
[1728/4366] Building RCCLDEV object src/CMakeFiles/rccl_device_gfx950.dir/__/hipify/gensrc/specialized/specialized_allreduce_tree_ll_premulsum_f64_1_0_4.o
[1729/4366] Building RCCLDEV object src/CMakeFiles/rccl_device_gfx950.dir/__/hipify/gensrc/specialized/specialized_allreduce_tree_ll_premulsum_u32_1_0_4.o
[1730/4366] Building RCCLDEV object src/CMakeFiles/rccl_device_gfx950.dir/__/hipify/gensrc/specialized/specialized_allreduce_tree_ll_minmax_u8_0_0_4.o
[1731/4366] Building RCCLDEV object src/CMakeFiles/rccl_device_gfx950.dir/__/hipify/gensrc/specialized/specialized_allreduce_ring_simple_sum_bf16_1_1_4.o
[1732/4366] Building RCCLDEV object src/CMakeFiles/rccl_device_gfx950.dir/__/hipify/gensrc/specialized/specialized_allreduce_tree_ll_minmax_bf16_0_0_4.o
[1733/4366] Building RCCLDEV object src/CMakeFiles/rccl_device_gfx950.dir/__/hipify/gensrc/specialized/specialized_allreduce_tree_simple_premulsum_bf16_0_1_2.o
[1734/4366] Building RCCLDEV object src/CMakeFiles/rccl_device_gfx950.dir/__/hipify/gensrc/specialized/specialized_allreduce_tree_ll_premulsum_bf16_0_0_4.o
[1735/4366] Building RCCLDEV object src/CMakeFiles/rccl_device_gfx950.dir/__/hipify/gensrc/specialized/specialized_allreduce_tree_ll_sumpostdiv_u8_0_0_4.o
[1736/4366] Building RCCLDEV object src/CMakeFiles/rccl_device_gfx950.dir/__/hipify/gensrc/specialized/specialized_allreduce_ring_simple_sum_u32_1_0_2.o
[1737/4366] Building RCCLDEV object src/CMakeFiles/rccl_device_gfx950.dir/__/hipify/gensrc/specialized/specialized_allreduce_tree_ll_sum_u64_0_0_2.o
[1738/4366] Building RCCLDEV object src/CMakeFiles/rccl_device_gfx950.dir/__/hipify/gensrc/specialized/specialized_allreduce_tree_ll_prod_u64_0_0_2.o
[1739/4366] Building RCCLDEV object src/CMakeFiles/rccl_device_gfx950.dir/__/hipify/gensrc/specialized/specialized_reducescatter_ring_simple_minmax_u32_0_0_1.o
[1740/4366] Building RCCLDEV object src/CMakeFiles/rccl_device_gfx950.dir/__/hipify/gensrc/specialized/specialized_allreduce_tree_ll_prod_u32_0_0_2.o
[1741/4366] Building RCCLDEV object src/CMakeFiles/rccl_device_gfx950.dir/__/hipify/gensrc/specialized/specialized_allreduce_tree_ll_sum_u32_1_0_2.o
[1742/4366] Building RCCLDEV object src/CMakeFiles/rccl_device_gfx950.dir/__/hipify/gensrc/specialized/specialized_allreduce_tree_ll_sum_u32_0_0_2.o
[1743/4366] Building RCCLDEV object src/CMakeFiles/rccl_device_gfx950.dir/__/hipify/gensrc/specialized/specialized_allreduce_tree_ll_sum_f64_0_0_2.o
[1744/4366] Building RCCLDEV object src/CMakeFiles/rccl_device_gfx950.dir/__/hipify/gensrc/specialized/specialized_allreduce_tree_ll_premulsum_f32_1_0_4.o
[1745/4366] Building RCCLDEV object src/CMakeFiles/rccl_device_gfx950.dir/__/hipify/gensrc/specialized/specialized_allreduce_tree_ll_sum_f16_0_0_2.o
[1746/4366] Building RCCLDEV object src/CMakeFiles/rccl_device_gfx950.dir/__/hipify/gensrc/specialized/specialized_allreduce_tree_ll_premulsum_u8_0_0_4.o
[1747/4366] Building RCCLDEV object src/CMakeFiles/rccl_device_gfx950.dir/__/hipify/gensrc/specialized/specialized_allreduce_tree_ll_sumpostdiv_u8_1_0_4.o
[1748/4366] Building RCCLDEV object src/CMakeFiles/rccl_device_gfx950.dir/__/hipify/gensrc/specialized/specialized_allreduce_tree_ll_minmax_u8_1_0_4.o
[1749/4366] Building RCCLDEV object src/CMakeFiles/rccl_device_gfx950.dir/__/hipify/gensrc/specialized/specialized_allreduce_tree_ll_sum_u8_0_0_2.o
[1750/4366] Building RCCLDEV object src/CMakeFiles/rccl_device_gfx950.dir/__/hipify/gensrc/specialized/specialized_allreduce_ring_simple_prod_u32_0_0_2.o
[1751/4366] Building RCCLDEV object src/CMakeFiles/rccl_device_gfx950.dir/__/hipify/gensrc/specialized/specialized_allreduce_tree_ll_premulsum_f16_1_0_4.o
[1752/4366] Building RCCLDEV object src/CMakeFiles/rccl_device_gfx950.dir/__/hipify/gensrc/specialized/specialized_allreduce_tree_simple_premulsum_bf16_1_1_4.o
[1753/4366] Building RCCLDEV object src/CMakeFiles/rccl_device_gfx950.dir/__/hipify/gensrc/specialized/specialized_allreduce_tree_ll_sumpostdiv_u32_1_0_4.o
[1754/4366] Building RCCLDEV object src/CMakeFiles/rccl_device_gfx950.dir/__/hipify/gensrc/specialized/specialized_allreduce_tree_ll_sum_bf16_1_0_2.o
[1755/4366] Building RCCLDEV object src/CMakeFiles/rccl_device_gfx950.dir/__/hipify/gensrc/specialized/specialized_allreduce_tree_ll_prod_f64_0_0_2.o
[1756/4366] Building RCCLDEV object src/CMakeFiles/rccl_device_gfx950.dir/__/hipify/gensrc/specialized/specialized_allreduce_tree_ll_minmax_f16_0_0_4.o
[1757/4366] Building RCCLDEV object src/CMakeFiles/rccl_device_gfx950.dir/__/hipify/gensrc/specialized/specialized_reducescatter_ring_simple_sum_f64_0_0_1.o
[1758/4366] Building RCCLDEV object src/CMakeFiles/rccl_device_gfx950.dir/__/hipify/gensrc/specialized/specialized_allreduce_tree_simple_premulsum_u8_1_0_4.o
[1759/4366] Building RCCLDEV object src/CMakeFiles/rccl_device_gfx950.dir/__/hipify/gensrc/specialized/specialized_reducescatter_ring_simple_minmax_u64_0_0_1.o
[1760/4366] Building RCCLDEV object src/CMakeFiles/rccl_device_gfx950.dir/__/hipify/gensrc/specialized/specialized_reducescatter_pat_simple_sum_u64_0_0_2.o
[1761/4366] Building RCCLDEV object src/CMakeFiles/rccl_device_gfx950.dir/__/hipify/gensrc/specialized/specialized_allreduce_tree_ll_sum_f64_1_0_2.o
[1762/4366] Building RCCLDEV object src/CMakeFiles/rccl_device_gfx950.dir/__/hipify/gensrc/specialized/specialized_allreduce_tree_ll_sum_f32_0_0_2.o
[1763/4366] Building RCCLDEV object src/CMakeFiles/rccl_device_gfx950.dir/__/hipify/gensrc/specialized/specialized_allreduce_tree_ll_prod_f16_0_0_2.o
[1764/4366] Building RCCLDEV object src/CMakeFiles/rccl_device_gfx950.dir/__/hipify/gensrc/specialized/specialized_reducescatter_pat_simple_prod_f64_0_0_4.o
[1765/4366] Building RCCLDEV object src/CMakeFiles/rccl_device_gfx950.dir/__/hipify/gensrc/specialized/specialized_allreduce_tree_ll_sumpostdiv_u64_0_0_4.o
[1766/4366] Building RCCLDEV object src/CMakeFiles/rccl_device_gfx950.dir/__/hipify/gensrc/specialized/specialized_reducescatter_ring_simple_minmax_f64_0_0_1.o
[1767/4366] Building RCCLDEV object src/CMakeFiles/rccl_device_gfx950.dir/__/hipify/gensrc/specialized/specialized_allreduce_tree_simple_sumpostdiv_u64_0_0_1.o
[1768/4366] Building RCCLDEV object src/CMakeFiles/rccl_device_gfx950.dir/__/hipify/gensrc/specialized/specialized_reducescatter_ring_simple_premulsum_u64_0_0_1.o
[1769/4366] Building RCCLDEV object src/CMakeFiles/rccl_device_gfx950.dir/__/hipify/gensrc/specialized/specialized_allreduce_tree_simple_prod_f8e4m3_1_0_2.o
[1770/4366] Building RCCLDEV object src/CMakeFiles/rccl_device_gfx950.dir/__/hipify/gensrc/specialized/specialized_allreduce_tree_ll_sum_bf16_0_0_2.o
[1771/4366] Building RCCLDEV object src/CMakeFiles/rccl_device_gfx950.dir/__/hipify/gensrc/specialized/specialized_allreduce_tree_ll_prod_u64_1_0_2.o
[1772/4366] Building RCCLDEV object src/CMakeFiles/rccl_device_gfx950.dir/__/hipify/gensrc/specialized/specialized_reducescatter_pat_simple_prod_u64_0_0_2.o
[1773/4366] Building RCCLDEV object src/CMakeFiles/rccl_device_gfx950.dir/__/hipify/gensrc/specialized/specialized_allreduce_tree_ll_sum_f32_1_0_2.o
[1774/4366] Building RCCLDEV object src/CMakeFiles/rccl_device_gfx950.dir/__/hipify/gensrc/specialized/specialized_allreduce_tree_ll_premulsum_u8_1_0_4.o
[1775/4366] Building RCCLDEV object src/CMakeFiles/rccl_device_gfx950.dir/__/hipify/gensrc/specialized/specialized_allreduce_tree_ll_sumpostdiv_u64_1_0_4.o
[1776/4366] Building RCCLDEV object src/CMakeFiles/rccl_device_gfx950.dir/__/hipify/gensrc/specialized/specialized_reducescatter_pat_simple_sum_u32_0_0_2.o
[1777/4366] Building RCCLDEV object src/CMakeFiles/rccl_device_gfx950.dir/__/hipify/gensrc/specialized/specialized_reducescatter_pat_simple_sum_f32_0_0_4.o
[1778/4366] Building RCCLDEV object src/CMakeFiles/rccl_device_gfx950.dir/__/hipify/gensrc/specialized/specialized_reducescatter_pat_simple_sum_u32_0_0_4.o
[1779/4366] Building RCCLDEV object src/CMakeFiles/rccl_device_gfx950.dir/__/hipify/gensrc/specialized/specialized_allreduce_tree_ll_sum_u8_1_0_2.o
[1780/4366] Building RCCLDEV object src/CMakeFiles/rccl_device_gfx950.dir/__/hipify/gensrc/specialized/specialized_reducescatter_ring_simple_minmax_f16_0_0_2.o
[1781/4366] Building RCCLDEV object src/CMakeFiles/rccl_device_gfx950.dir/__/hipify/gensrc/specialized/specialized_allreduce_tree_ll_prod_u8_1_0_2.o
[1782/4366] Building RCCLDEV object src/CMakeFiles/rccl_device_gfx950.dir/__/hipify/gensrc/specialized/specialized_allreduce_tree_ll_prod_u8_0_0_2.o
[1783/4366] Building RCCLDEV object src/CMakeFiles/rccl_device_gfx950.dir/__/hipify/gensrc/specialized/specialized_reducescatter_pat_simple_prod_u32_0_0_4.o
[1784/4366] Building RCCLDEV object src/CMakeFiles/rccl_device_gfx950.dir/__/hipify/gensrc/specialized/specialized_allreduce_ring_simple_prod_u64_0_0_2.o
[1785/4366] Building RCCLDEV object src/CMakeFiles/rccl_device_gfx950.dir/__/hipify/gensrc/specialized/specialized_reducescatter_ring_simple_minmax_f32_0_0_1.o
[1786/4366] Building RCCLDEV object src/CMakeFiles/rccl_device_gfx950.dir/__/hipify/gensrc/specialized/specialized_allreduce_tree_simple_minmax_bf16_0_1_1.o
[1787/4366] Building RCCLDEV object src/CMakeFiles/rccl_device_gfx950.dir/__/hipify/gensrc/specialized/specialized_reducescatter_pat_simple_sum_u8_0_0_2.o
[1788/4366] Building RCCLDEV object src/CMakeFiles/rccl_device_gfx950.dir/__/hipify/gensrc/specialized/specialized_reducescatter_pat_simple_sum_u32_0_0_1.o
[1789/4366] Building RCCLDEV object src/CMakeFiles/rccl_device_gfx950.dir/__/hipify/gensrc/specialized/specialized_allreduce_tree_ll_premulsum_bf16_1_0_4.o
[1790/4366] Building RCCLDEV object src/CMakeFiles/rccl_device_gfx950.dir/__/hipify/gensrc/specialized/specialized_reducescatter_pat_simple_sumpostdiv_u32_0_0_4.o
[1791/4366] Building RCCLDEV object src/CMakeFiles/rccl_device_gfx950.dir/__/hipify/gensrc/specialized/specialized_reducescatter_pat_simple_minmax_u32_0_0_4.o
[1792/4366] Building RCCLDEV object src/CMakeFiles/rccl_device_gfx950.dir/__/hipify/gensrc/specialized/specialized_allreduce_tree_ll_minmax_f16_1_0_4.o
[1793/4366] Building RCCLDEV object src/CMakeFiles/rccl_device_gfx950.dir/__/hipify/gensrc/specialized/specialized_reducescatter_pat_simple_minmax_f64_0_0_2.o
[1794/4366] Building RCCLDEV object src/CMakeFiles/rccl_device_gfx950.dir/__/hipify/gensrc/specialized/specialized_allreduce_ring_simple_sum_f64_1_0_2.o
[1795/4366] Building RCCLDEV object src/CMakeFiles/rccl_device_gfx950.dir/__/hipify/gensrc/specialized/specialized_allreduce_tree_ll_sum_f16_1_0_2.o
[1796/4366] Building RCCLDEV object src/CMakeFiles/rccl_device_gfx950.dir/__/hipify/gensrc/specialized/specialized_reducescatter_pat_simple_sum_f16_0_0_2.o
[1797/4366] Building RCCLDEV object src/CMakeFiles/rccl_device_gfx950.dir/__/hipify/gensrc/specialized/specialized_allreduce_tree_ll_prod_f64_1_0_2.o
[1798/4366] Building RCCLDEV object src/CMakeFiles/rccl_device_gfx950.dir/__/hipify/gensrc/specialized/specialized_reducescatter_pat_simple_sum_f16_0_0_1.o
[1799/4366] Building RCCLDEV object src/CMakeFiles/rccl_device_gfx950.dir/__/hipify/gensrc/specialized/specialized_allreduce_tree_ll_prod_f32_0_0_2.o
[1800/4366] Building RCCLDEV object src/CMakeFiles/rccl_device_gfx950.dir/__/hipify/gensrc/specialized/specialized_reducescatter_pat_simple_prod_bf16_0_1_4.o
[1801/4366] Building RCCLDEV object src/CMakeFiles/rccl_device_gfx950.dir/__/hipify/gensrc/specialized/specialized_reducescatter_pat_simple_prod_f64_0_0_2.o
[1802/4366] Building RCCLDEV object src/CMakeFiles/rccl_device_gfx950.dir/__/hipify/gensrc/specialized/specialized_allreduce_tree_ll_minmax_u32_1_0_2.o
[1803/4366] Building RCCLDEV object src/CMakeFiles/rccl_device_gfx950.dir/__/hipify/gensrc/specialized/specialized_allreduce_ring_simple_sum_f16_1_0_2.o
[1804/4366] Building RCCLDEV object src/CMakeFiles/rccl_device_gfx950.dir/__/hipify/gensrc/specialized/specialized_reducescatter_pat_simple_sum_bf16_0_0_2.o
[1805/4366] Building RCCLDEV object src/CMakeFiles/rccl_device_gfx950.dir/__/hipify/gensrc/specialized/specialized_reducescatter_pat_simple_prod_f16_0_0_4.o
[1806/4366] Building RCCLDEV object src/CMakeFiles/rccl_device_gfx950.dir/__/hipify/gensrc/specialized/specialized_allreduce_tree_ll_minmax_f32_0_0_2.o
[1807/4366] Building RCCLDEV object src/CMakeFiles/rccl_device_gfx950.dir/__/hipify/gensrc/specialized/specialized_reducescatter_pat_simple_sum_f32_0_0_2.o
[1808/4366] Building RCCLDEV object src/CMakeFiles/rccl_device_gfx950.dir/__/hipify/gensrc/specialized/specialized_reducescatter_pat_simple_sum_f64_0_0_4.o
[1809/4366] Building RCCLDEV object src/CMakeFiles/rccl_device_gfx950.dir/__/hipify/gensrc/specialized/specialized_allreduce_tree_ll_prod_bf16_0_0_2.o
[1810/4366] Building RCCLDEV object src/CMakeFiles/rccl_device_gfx950.dir/__/hipify/gensrc/specialized/specialized_allreduce_tree_ll_prod_u32_1_0_2.o
[1811/4366] Building RCCLDEV object src/CMakeFiles/rccl_device_gfx950.dir/__/hipify/gensrc/specialized/specialized_allreduce_tree_ll_prod_f16_1_0_2.o
[1812/4366] Building RCCLDEV object src/CMakeFiles/rccl_device_gfx950.dir/__/hipify/gensrc/specialized/specialized_reducescatter_pat_simple_minmax_u64_0_0_4.o
[1813/4366] Building RCCLDEV object src/CMakeFiles/rccl_device_gfx950.dir/__/hipify/gensrc/specialized/specialized_reducescatter_ring_simple_prod_f32_0_0_1.o
[1814/4366] Building RCCLDEV object src/CMakeFiles/rccl_device_gfx950.dir/__/hipify/gensrc/specialized/specialized_allreduce_tree_ll_minmax_u64_0_0_2.o
[1815/4366] Building RCCLDEV object src/CMakeFiles/rccl_device_gfx950.dir/__/hipify/gensrc/specialized/specialized_allreduce_tree_simple_prod_u8_1_0_4.o
[1816/4366] Building RCCLDEV object src/CMakeFiles/rccl_device_gfx950.dir/__/hipify/gensrc/specialized/specialized_reducescatter_pat_simple_minmax_f32_0_0_2.o
[1817/4366] Building RCCLDEV object src/CMakeFiles/rccl_device_gfx950.dir/__/hipify/gensrc/specialized/specialized_sendrecv_ring_simple_sum_i8_0_0_1.o
[1818/4366] Building RCCLDEV object src/CMakeFiles/rccl_device_gfx950.dir/__/hipify/gensrc/specialized/specialized_allreduce_tree_ll_minmax_u64_1_0_2.o
[1819/4366] Building RCCLDEV object src/CMakeFiles/rccl_device_gfx950.dir/__/hipify/gensrc/specialized/specialized_reducescatter_pat_simple_premulsum_f64_0_0_2.o
[1820/4366] Building RCCLDEV object src/CMakeFiles/rccl_device_gfx950.dir/__/hipify/gensrc/specialized/specialized_reducescatter_ring_simple_premulsum_u32_0_0_1.o
[1821/4366] Building RCCLDEV object src/CMakeFiles/rccl_device_gfx950.dir/__/hipify/gensrc/specialized/specialized_reducescatter_pat_simple_prod_f32_0_0_4.o
[1822/4366] Building RCCLDEV object src/CMakeFiles/rccl_device_gfx950.dir/__/hipify/gensrc/specialized/specialized_allreduce_ring_simple_minmax_bf16_1_0_4.o
[1823/4366] Building RCCLDEV object src/CMakeFiles/rccl_device_gfx950.dir/__/hipify/gensrc/specialized/specialized_reducescatter_pat_simple_premulsum_u64_0_0_4.o
[1824/4366] Building RCCLDEV object src/CMakeFiles/rccl_device_gfx950.dir/__/hipify/gensrc/specialized/specialized_reducescatter_pat_simple_minmax_f32_0_0_4.o
[1825/4366] Building RCCLDEV object src/CMakeFiles/rccl_device_gfx950.dir/__/hipify/gensrc/specialized/specialized_reducescatter_pat_simple_prod_u64_0_0_1.o
[1826/4366] Building RCCLDEV object src/CMakeFiles/rccl_device_gfx950.dir/__/hipify/gensrc/specialized/specialized_reducescatter_pat_simple_minmax_f64_0_0_4.o
[1827/4366] Building RCCLDEV object src/CMakeFiles/rccl_device_gfx950.dir/__/hipify/gensrc/specialized/specialized_reducescatter_pat_simple_minmax_u64_0_0_2.o
[1828/4366] Building RCCLDEV object src/CMakeFiles/rccl_device_gfx950.dir/__/hipify/gensrc/specialized/specialized_reducescatter_pat_simple_sum_f64_0_0_2.o
[1829/4366] Building RCCLDEV object src/CMakeFiles/rccl_device_gfx950.dir/__/hipify/gensrc/specialized/specialized_reducescatter_pat_simple_prod_u32_0_0_2.o
[1830/4366] Building RCCLDEV object src/CMakeFiles/rccl_device_gfx950.dir/__/hipify/gensrc/specialized/specialized_allreduce_tree_ll_premulsum_u32_0_0_2.o
[1831/4366] Building RCCLDEV object src/CMakeFiles/rccl_device_gfx950.dir/__/hipify/gensrc/specialized/specialized_reducescatter_pat_simple_sum_bf16_0_0_1.o
[1832/4366] Building RCCLDEV object src/CMakeFiles/rccl_device_gfx950.dir/__/hipify/gensrc/specialized/specialized_reducescatter_pat_simple_prod_f32_0_0_2.o
[1833/4366] Building RCCLDEV object src/CMakeFiles/rccl_device_gfx950.dir/__/hipify/gensrc/specialized/specialized_allreduce_ring_simple_prod_f16_0_0_2.o
[1834/4366] Building RCCLDEV object src/CMakeFiles/rccl_device_gfx950.dir/__/hipify/gensrc/specialized/specialized_allreduce_tree_ll_minmax_f32_1_0_2.o
[1835/4366] Building RCCLDEV object src/CMakeFiles/rccl_device_gfx950.dir/__/hipify/gensrc/specialized/specialized_allreduce_tree_ll_minmax_u32_0_0_2.o
[1836/4366] Building RCCLDEV object src/CMakeFiles/rccl_device_gfx950.dir/__/hipify/gensrc/specialized/specialized_allreduce_tree_ll_minmax_f64_0_0_2.o
[1837/4366] Building RCCLDEV object src/CMakeFiles/rccl_device_gfx950.dir/__/hipify/gensrc/specialized/specialized_reducescatter_ring_simple_premulsum_f32_0_0_1.o
[1838/4366] Building RCCLDEV object src/CMakeFiles/rccl_device_gfx950.dir/__/hipify/gensrc/specialized/specialized_reducescatter_ring_simple_premulsum_f64_0_0_1.o
[1839/4366] Building RCCLDEV object src/CMakeFiles/rccl_device_gfx950.dir/__/hipify/gensrc/specialized/specialized_reducescatter_pat_simple_premulsum_f64_0_0_4.o
[1840/4366] Building RCCLDEV object src/CMakeFiles/rccl_device_gfx950.dir/__/hipify/gensrc/specialized/specialized_reducescatter_pat_simple_minmax_u32_0_0_1.o
[1841/4366] Building RCCLDEV object src/CMakeFiles/rccl_device_gfx950.dir/__/hipify/gensrc/specialized/specialized_allreduce_ring_simple_minmax_u64_0_0_2.o
[1842/4366] Building RCCLDEV object src/CMakeFiles/rccl_device_gfx950.dir/__/hipify/gensrc/specialized/specialized_allreduce_tree_ll_premulsum_u64_0_0_2.o
[1843/4366] Building RCCLDEV object src/CMakeFiles/rccl_device_gfx950.dir/__/hipify/gensrc/specialized/specialized_allreduce_tree_ll_minmax_u8_0_0_2.o
[1844/4366] Building RCCLDEV object src/CMakeFiles/rccl_device_gfx950.dir/__/hipify/gensrc/specialized/specialized_reducescatter_pat_simple_sum_f16_0_0_4.o
[1845/4366] Building RCCLDEV object src/CMakeFiles/rccl_device_gfx950.dir/__/hipify/gensrc/specialized/specialized_reducescatter_pat_simple_prod_bf16_0_0_2.o
[1846/4366] Building RCCLDEV object src/CMakeFiles/rccl_device_gfx950.dir/__/hipify/gensrc/specialized/specialized_reducescatter_pat_simple_sum_f32_0_0_1.o
[1847/4366] Building RCCLDEV object src/CMakeFiles/rccl_device_gfx950.dir/__/hipify/gensrc/specialized/specialized_allreduce_tree_ll_prod_f32_1_0_2.o
[1848/4366] Building RCCLDEV object src/CMakeFiles/rccl_device_gfx950.dir/__/hipify/gensrc/specialized/specialized_reducescatter_pat_simple_premulsum_u64_0_0_2.o
[1849/4366] Building RCCLDEV object src/CMakeFiles/rccl_device_gfx950.dir/__/hipify/gensrc/specialized/specialized_allreduce_tree_ll_premulsum_u8_0_0_2.o
[1850/4366] Building RCCLDEV object src/CMakeFiles/rccl_device_gfx950.dir/__/hipify/gensrc/specialized/specialized_reducescatter_pat_simple_premulsum_u32_0_0_4.o
[1851/4366] Building RCCLDEV object src/CMakeFiles/rccl_device_gfx950.dir/__/hipify/gensrc/specialized/specialized_allreduce_tree_ll_prod_bf16_1_0_2.o
[1852/4366] Building RCCLDEV object src/CMakeFiles/rccl_device_gfx950.dir/__/hipify/gensrc/specialized/specialized_reducescatter_pat_simple_prod_u64_0_0_4.o
[1853/4366] Building RCCLDEV object src/CMakeFiles/rccl_device_gfx950.dir/__/hipify/gensrc/specialized/specialized_allreduce_tree_ll_minmax_f64_1_0_2.o
[1854/4366] Building RCCLDEV object src/CMakeFiles/rccl_device_gfx950.dir/__/hipify/gensrc/specialized/specialized_reducescatter_pat_simple_prod_bf16_0_1_2.o
[1855/4366] Building RCCLDEV object src/CMakeFiles/rccl_device_gfx950.dir/__/hipify/gensrc/specialized/specialized_allreduce_ring_simple_sum_f32_1_0_2.o
[1856/4366] Building RCCLDEV object src/CMakeFiles/rccl_device_gfx950.dir/__/hipify/gensrc/specialized/specialized_allreduce_ring_simple_sum_bf16_0_0_2.o
[1857/4366] Building RCCLDEV object src/CMakeFiles/rccl_device_gfx950.dir/__/hipify/gensrc/specialized/specialized_allreduce_tree_ll_premulsum_u32_1_0_2.o
[1858/4366] Building RCCLDEV object src/CMakeFiles/rccl_device_gfx950.dir/__/hipify/gensrc/specialized/specialized_reducescatter_pat_simple_sumpostdiv_u64_0_0_4.o
[1859/4366] Building RCCLDEV object src/CMakeFiles/rccl_device_gfx950.dir/__/hipify/gensrc/specialized/specialized_allreduce_ring_simple_prod_f64_0_0_2.o
[1860/4366] Building RCCLDEV object src/CMakeFiles/rccl_device_gfx950.dir/__/hipify/gensrc/specialized/specialized_reducescatter_pat_simple_sum_bf16_0_0_4.o
[1861/4366] Building RCCLDEV object src/CMakeFiles/rccl_device_gfx950.dir/__/hipify/gensrc/specialized/specialized_allreduce_tree_simple_minmax_f8e5m2_1_0_2.o
[1862/4366] Building RCCLDEV object src/CMakeFiles/rccl_device_gfx950.dir/__/hipify/gensrc/specialized/specialized_reducescatter_pat_simple_sum_bf16_0_1_4.o
[1863/4366] Building RCCLDEV object src/CMakeFiles/rccl_device_gfx950.dir/__/hipify/gensrc/specialized/specialized_allreduce_tree_ll_minmax_u8_1_0_2.o
[1864/4366] Building RCCLDEV object src/CMakeFiles/rccl_device_gfx950.dir/__/hipify/gensrc/specialized/specialized_allreduce_ring_simple_prod_bf16_0_0_2.o
[1865/4366] Building RCCLDEV object src/CMakeFiles/rccl_device_gfx950.dir/__/hipify/gensrc/specialized/specialized_reducescatter_pat_simple_premulsum_f32_0_0_4.o
[1866/4366] Building RCCLDEV object src/CMakeFiles/rccl_device_gfx950.dir/__/hipify/gensrc/specialized/specialized_reducescatter_pat_simple_sum_f64_0_0_1.o
[1867/4366] Building RCCLDEV object src/CMakeFiles/rccl_device_gfx950.dir/__/hipify/gensrc/specialized/specialized_reducescatter_pat_simple_sumpostdiv_u64_0_0_2.o
[1868/4366] Building RCCLDEV object src/CMakeFiles/rccl_device_gfx950.dir/__/hipify/gensrc/specialized/specialized_reducescatter_pat_simple_sum_u64_0_0_1.o
[1869/4366] Building RCCLDEV object src/CMakeFiles/rccl_device_gfx950.dir/__/hipify/gensrc/specialized/specialized_reducescatter_pat_simple_minmax_bf16_0_0_2.o
[1870/4366] Building RCCLDEV object src/CMakeFiles/rccl_device_gfx950.dir/__/hipify/gensrc/specialized/specialized_reducescatter_pat_simple_prod_f16_0_0_2.o
[1871/4366] Building RCCLDEV object src/CMakeFiles/rccl_device_gfx950.dir/__/hipify/gensrc/specialized/specialized_reducescatter_pat_simple_sum_u8_0_0_1.o
[1872/4366] Building RCCLDEV object src/CMakeFiles/rccl_device_gfx950.dir/__/hipify/gensrc/specialized/specialized_reducescatter_pat_simple_sum_u8_0_0_4.o
[1873/4366] Building RCCLDEV object src/CMakeFiles/rccl_device_gfx950.dir/__/hipify/gensrc/specialized/specialized_allreduce_tree_ll_minmax_bf16_0_0_2.o
[1874/4366] Building RCCLDEV object src/CMakeFiles/rccl_device_gfx950.dir/__/hipify/gensrc/specialized/specialized_reducescatter_pat_simple_premulsum_f32_0_0_2.o
[1875/4366] Building RCCLDEV object src/CMakeFiles/rccl_device_gfx950.dir/__/hipify/gensrc/specialized/specialized_allreduce_tree_ll_premulsum_f16_0_0_2.o
[1876/4366] Building RCCLDEV object src/CMakeFiles/rccl_device_gfx950.dir/__/hipify/gensrc/specialized/specialized_reducescatter_pat_simple_prod_bf16_0_0_4.o
[1877/4366] Building RCCLDEV object src/CMakeFiles/rccl_device_gfx950.dir/__/hipify/gensrc/specialized/specialized_allreduce_tree_ll_minmax_bf16_1_0_2.o
[1878/4366] Building RCCLDEV object src/CMakeFiles/rccl_device_gfx950.dir/__/hipify/gensrc/specialized/specialized_allreduce_ring_simple_minmax_f64_0_0_2.o
[1879/4366] Building RCCLDEV object src/CMakeFiles/rccl_device_gfx950.dir/__/hipify/gensrc/specialized/specialized_reducescatter_pat_simple_premulsum_u32_0_0_2.o
[1880/4366] Building RCCLDEV object src/CMakeFiles/rccl_device_gfx950.dir/__/hipify/gensrc/specialized/specialized_allreduce_tree_simple_minmax_f8e4m3_1_0_2.o
[1881/4366] Building RCCLDEV object src/CMakeFiles/rccl_device_gfx950.dir/__/hipify/gensrc/specialized/specialized_sendrecv_ring_simple_sum_i8_0_0_1_1.o
[1882/4366] Building RCCLDEV object src/CMakeFiles/rccl_device_gfx950.dir/__/hipify/gensrc/specialized/specialized_allreduce_tree_ll_premulsum_u64_1_0_2.o
[1883/4366] Building RCCLDEV object src/CMakeFiles/rccl_device_gfx950.dir/__/hipify/gensrc/specialized/specialized_allreduce_tree_ll_premulsum_f64_0_0_2.o
[1884/4366] Building RCCLDEV object src/CMakeFiles/rccl_device_gfx950.dir/__/hipify/gensrc/specialized/specialized_reducescatter_pat_simple_prod_u32_0_0_1.o
[1885/4366] Building RCCLDEV object src/CMakeFiles/rccl_device_gfx950.dir/__/hipify/gensrc/specialized/specialized_reducescatter_pat_simple_prod_f64_0_0_1.o
[1886/4366] Building RCCLDEV object src/CMakeFiles/rccl_device_gfx950.dir/__/hipify/gensrc/specialized/specialized_reducescatter_pat_simple_premulsum_bf16_0_0_1.o
[1887/4366] Building RCCLDEV object src/CMakeFiles/rccl_device_gfx950.dir/__/hipify/gensrc/specialized/specialized_reducescatter_ring_simple_minmax_bf16_0_0_1.o
[1888/4366] Building RCCLDEV object src/CMakeFiles/rccl_device_gfx950.dir/__/hipify/gensrc/specialized/specialized_reducescatter_pat_simple_premulsum_bf16_0_0_4.o
[1889/4366] Building RCCLDEV object src/CMakeFiles/rccl_device_gfx950.dir/__/hipify/gensrc/specialized/specialized_reducescatter_pat_simple_premulsum_f16_0_0_2.o
[1890/4366] Building RCCLDEV object src/CMakeFiles/rccl_device_gfx950.dir/__/hipify/gensrc/specialized/specialized_allreduce_tree_ll_premulsum_u8_1_0_2.o
[1891/4366] Building RCCLDEV object src/CMakeFiles/rccl_device_gfx950.dir/__/hipify/gensrc/specialized/specialized_allreduce_tree_ll_minmax_f16_0_0_2.o
[1892/4366] Building RCCLDEV object src/CMakeFiles/rccl_device_gfx950.dir/__/hipify/gensrc/specialized/specialized_reducescatter_pat_simple_minmax_u32_0_0_2.o
[1893/4366] Building RCCLDEV object src/CMakeFiles/rccl_device_gfx950.dir/__/hipify/gensrc/specialized/specialized_allreduce_ring_simple_prod_u64_1_0_2.o
[1894/4366] Building RCCLDEV object src/CMakeFiles/rccl_device_gfx950.dir/__/hipify/gensrc/specialized/specialized_reducescatter_pat_simple_minmax_f64_0_0_1.o
[1895/4366] Building RCCLDEV object src/CMakeFiles/rccl_device_gfx950.dir/__/hipify/gensrc/specialized/specialized_reducescatter_ring_simple_minmax_u8_0_0_1.o
[1896/4366] Building RCCLDEV object src/CMakeFiles/rccl_device_gfx950.dir/__/hipify/gensrc/specialized/specialized_reducescatter_pat_simple_sum_bf16_0_1_2.o
[1897/4366] Building RCCLDEV object src/CMakeFiles/rccl_device_gfx950.dir/__/hipify/gensrc/specialized/specialized_reducescatter_pat_simple_sumpostdiv_u32_0_0_2.o
[1898/4366] Building RCCLDEV object src/CMakeFiles/rccl_device_gfx950.dir/__/hipify/gensrc/specialized/specialized_reducescatter_pat_simple_premulsum_f64_0_0_1.o
[1899/4366] Building RCCLDEV object src/CMakeFiles/rccl_device_gfx950.dir/__/hipify/gensrc/specialized/specialized_allreduce_tree_simple_premulsum_f8e4m3_1_0_4.o
[1900/4366] Building RCCLDEV object src/CMakeFiles/rccl_device_gfx950.dir/__/hipify/gensrc/specialized/specialized_reducescatter_ring_simple_premulsum_f16_0_0_1.o
[1901/4366] Building RCCLDEV object src/CMakeFiles/rccl_device_gfx950.dir/__/hipify/gensrc/specialized/specialized_reducescatter_pat_simple_prod_u8_0_0_1.o
[1902/4366] Building RCCLDEV object src/CMakeFiles/rccl_device_gfx950.dir/__/hipify/gensrc/specialized/specialized_reducescatter_pat_simple_prod_bf16_0_0_1.o
[1903/4366] Building RCCLDEV object src/CMakeFiles/rccl_device_gfx950.dir/__/hipify/gensrc/specialized/specialized_allreduce_tree_simple_sumpostdiv_u8_1_0_4.o
[1904/4366] Building RCCLDEV object src/CMakeFiles/rccl_device_gfx950.dir/__/hipify/gensrc/specialized/specialized_reducescatter_pat_simple_sum_bf16_0_1_1.o
[1905/4366] Building RCCLDEV object src/CMakeFiles/rccl_device_gfx950.dir/__/hipify/gensrc/specialized/specialized_reducescatter_pat_simple_prod_f32_0_0_1.o
[1906/4366] Building RCCLDEV object src/CMakeFiles/rccl_device_gfx950.dir/__/hipify/gensrc/specialized/specialized_reducescatter_pat_simple_minmax_u64_0_0_1.o
[1907/4366] Building RCCLDEV object src/CMakeFiles/rccl_device_gfx950.dir/__/hipify/gensrc/specialized/specialized_allreduce_tree_ll_premulsum_f32_0_0_2.o
[1908/4366] Building RCCLDEV object src/CMakeFiles/rccl_device_gfx950.dir/__/hipify/gensrc/specialized/specialized_allreduce_ring_simple_prod_f32_0_0_2.o
[1909/4366] Building RCCLDEV object src/CMakeFiles/rccl_device_gfx950.dir/__/hipify/gensrc/specialized/specialized_reducescatter_pat_simple_sumpostdiv_u8_0_0_2.o
[1910/4366] Building RCCLDEV object src/CMakeFiles/rccl_device_gfx950.dir/__/hipify/gensrc/specialized/specialized_reducescatter_pat_simple_premulsum_bf16_0_1_4.o
[1911/4366] Building RCCLDEV object src/CMakeFiles/rccl_device_gfx950.dir/__/hipify/gensrc/specialized/specialized_allreduce_tree_ll_premulsum_bf16_1_0_2.o
[1912/4366] Building RCCLDEV object src/CMakeFiles/rccl_device_gfx950.dir/__/hipify/gensrc/specialized/specialized_allreduce_tree_ll_premulsum_f64_1_0_2.o
[1913/4366] Building RCCLDEV object src/CMakeFiles/rccl_device_gfx950.dir/__/hipify/gensrc/specialized/specialized_reducescatter_pat_simple_prod_u8_0_0_4.o
[1914/4366] Building RCCLDEV object src/CMakeFiles/rccl_device_gfx950.dir/__/hipify/gensrc/specialized/specialized_reducescatter_ring_simple_sumpostdiv_u32_0_0_1.o
[1915/4366] Building RCCLDEV object src/CMakeFiles/rccl_device_gfx950.dir/__/hipify/gensrc/specialized/specialized_reducescatter_pat_simple_premulsum_f16_0_0_4.o
[1916/4366] Building RCCLDEV object src/CMakeFiles/rccl_device_gfx950.dir/__/hipify/gensrc/specialized/specialized_reducescatter_pat_simple_prod_f16_0_0_1.o
[1917/4366] Building RCCLDEV object src/CMakeFiles/rccl_device_gfx950.dir/__/hipify/gensrc/specialized/specialized_allgather_pat_simple_sum_i8_0_0_4.o
[1918/4366] Building RCCLDEV object src/CMakeFiles/rccl_device_gfx950.dir/__/hipify/gensrc/specialized/specialized_reducescatter_pat_simple_premulsum_f32_0_0_1.o
[1919/4366] Building RCCLDEV object src/CMakeFiles/rccl_device_gfx950.dir/__/hipify/gensrc/specialized/specialized_allreduce_tree_simple_sum_bf16_0_1_4.o
[1920/4366] Building RCCLDEV object src/CMakeFiles/rccl_device_gfx950.dir/__/hipify/gensrc/specialized/specialized_allreduce_ring_simple_premulsum_u64_0_0_2.o
[1921/4366] Building RCCLDEV object src/CMakeFiles/rccl_device_gfx950.dir/__/hipify/gensrc/specialized/specialized_reducescatter_pat_simple_prod_u8_0_0_2.o
[1922/4366] Building RCCLDEV object src/CMakeFiles/rccl_device_gfx950.dir/__/hipify/gensrc/specialized/specialized_reducescatter_pat_simple_minmax_bf16_0_0_1.o
[1923/4366] Building RCCLDEV object src/CMakeFiles/rccl_device_gfx950.dir/__/hipify/gensrc/specialized/specialized_allreduce_tree_ll_sumpostdiv_u64_0_0_2.o
[1924/4366] Building RCCLDEV object src/CMakeFiles/rccl_device_gfx950.dir/__/hipify/gensrc/specialized/specialized_reducescatter_pat_simple_premulsum_u32_0_0_1.o
[1925/4366] Building RCCLDEV object src/CMakeFiles/rccl_device_gfx950.dir/__/hipify/gensrc/specialized/specialized_allreduce_tree_ll_sum_u64_1_0_1.o
[1926/4366] Building RCCLDEV object src/CMakeFiles/rccl_device_gfx950.dir/__/hipify/gensrc/specialized/specialized_reducescatter_ring_simple_premulsum_bf16_0_0_1.o
[1927/4366] Building RCCLDEV object src/CMakeFiles/rccl_device_gfx950.dir/__/hipify/gensrc/specialized/specialized_reducescatter_pat_simple_premulsum_u64_0_0_1.o
[1928/4366] Building RCCLDEV object src/CMakeFiles/rccl_device_gfx950.dir/__/hipify/gensrc/specialized/specialized_allreduce_tree_ll_premulsum_f16_1_0_2.o
[1929/4366] Building RCCLDEV object src/CMakeFiles/rccl_device_gfx950.dir/__/hipify/gensrc/specialized/specialized_allreduce_tree_ll_premulsum_f32_1_0_2.o
[1930/4366] Building RCCLDEV object src/CMakeFiles/rccl_device_gfx950.dir/__/hipify/gensrc/specialized/specialized_allreduce_ring_simple_minmax_f32_0_0_2.o
[1931/4366] Building RCCLDEV object src/CMakeFiles/rccl_device_gfx950.dir/__/hipify/gensrc/specialized/specialized_allgather_pat_simple_sum_i8_0_0_2.o
[1932/4366] Building RCCLDEV object src/CMakeFiles/rccl_device_gfx950.dir/__/hipify/gensrc/specialized/specialized_reducescatter_pat_simple_minmax_f32_0_0_1.o
[1933/4366] Building RCCLDEV object src/CMakeFiles/rccl_device_gfx950.dir/__/hipify/gensrc/specialized/specialized_reducescatter_pat_simple_minmax_u8_0_0_2.o
[1934/4366] Building RCCLDEV object src/CMakeFiles/rccl_device_gfx950.dir/__/hipify/gensrc/specialized/specialized_reducescatter_ring_simple_sum_bf16_0_1_1.o
[1935/4366] Building RCCLDEV object src/CMakeFiles/rccl_device_gfx950.dir/__/hipify/gensrc/specialized/specialized_allreduce_ring_simple_sum_bf16_0_1_4.o
[1936/4366] Building RCCLDEV object src/CMakeFiles/rccl_device_gfx950.dir/__/hipify/gensrc/specialized/specialized_reducescatter_pat_simple_minmax_bf16_0_1_2.o
[1937/4366] Building RCCLDEV object src/CMakeFiles/rccl_device_gfx950.dir/__/hipify/gensrc/specialized/specialized_allreduce_ring_simple_sum_u8_1_0_2.o
[1938/4366] Building RCCLDEV object src/CMakeFiles/rccl_device_gfx950.dir/__/hipify/gensrc/specialized/specialized_reducescatter_pat_simple_prod_bf16_0_1_1.o
[1939/4366] Building RCCLDEV object src/CMakeFiles/rccl_device_gfx950.dir/__/hipify/gensrc/specialized/specialized_reducescatter_pat_simple_premulsum_u8_0_0_1.o
[1940/4366] Building RCCLDEV object src/CMakeFiles/rccl_device_gfx950.dir/__/hipify/gensrc/specialized/specialized_reducescatter_pat_simple_sumpostdiv_u64_0_0_1.o
[1941/4366] Building RCCLDEV object src/CMakeFiles/rccl_device_gfx950.dir/__/hipify/gensrc/specialized/specialized_reducescatter_pat_simple_premulsum_bf16_0_1_2.o
[1942/4366] Building RCCLDEV object src/CMakeFiles/rccl_device_gfx950.dir/__/hipify/gensrc/specialized/specialized_reducescatter_pat_simple_premulsum_bf16_0_0_2.o
[1943/4366] Building RCCLDEV object src/CMakeFiles/rccl_device_gfx950.dir/__/hipify/gensrc/specialized/specialized_reducescatter_pat_simple_premulsum_u8_0_0_2.o
[1944/4366] Building RCCLDEV object src/CMakeFiles/rccl_device_gfx950.dir/__/hipify/gensrc/specialized/specialized_allreduce_tree_ll_sum_u32_0_0_1.o
[1945/4366] Building RCCLDEV object src/CMakeFiles/rccl_device_gfx950.dir/__/hipify/gensrc/specialized/specialized_reducescatter_ring_simple_prod_u8_0_0_1.o
[1946/4366] Building RCCLDEV object src/CMakeFiles/rccl_device_gfx950.dir/__/hipify/gensrc/specialized/specialized_allreduce_tree_ll_premulsum_bf16_0_0_2.o
[1947/4366] Building RCCLDEV object src/CMakeFiles/rccl_device_gfx950.dir/__/hipify/gensrc/specialized/specialized_reducescatter_pat_simple_premulsum_f16_0_0_1.o
[1948/4366] Building RCCLDEV object src/CMakeFiles/rccl_device_gfx950.dir/__/hipify/gensrc/specialized/specialized_allreduce_tree_ll_sumpostdiv_u32_0_0_2.o
[1949/4366] Building RCCLDEV object src/CMakeFiles/rccl_device_gfx950.dir/__/hipify/gensrc/specialized/specialized_allgather_pat_simple_sum_i8_0_0_1.o
[1950/4366] Building RCCLDEV object src/CMakeFiles/rccl_device_gfx950.dir/__/hipify/gensrc/specialized/specialized_allreduce_tree_ll_sum_u8_0_0_1.o
[1951/4366] Building RCCLDEV object src/CMakeFiles/rccl_device_gfx950.dir/__/hipify/gensrc/specialized/specialized_allreduce_ring_simple_minmax_u32_0_0_2.o
[1952/4366] Building RCCLDEV object src/CMakeFiles/rccl_device_gfx950.dir/__/hipify/gensrc/specialized/specialized_reducescatter_pat_simple_sumpostdiv_u8_0_0_4.o
[1953/4366] Building RCCLDEV object src/CMakeFiles/rccl_device_gfx950.dir/__/hipify/gensrc/specialized/specialized_allreduce_ring_simple_prod_u8_1_0_4.o
[1954/4366] Building RCCLDEV object src/CMakeFiles/rccl_device_gfx950.dir/__/hipify/gensrc/specialized/specialized_allreduce_tree_ll_sumpostdiv_u32_1_0_2.o
[1955/4366] Building RCCLDEV object src/CMakeFiles/rccl_device_gfx950.dir/__/hipify/gensrc/specialized/specialized_reducescatter_ring_simple_prod_bf16_0_1_1.o
[1956/4366] Building RCCLDEV object src/CMakeFiles/rccl_device_gfx950.dir/__/hipify/gensrc/specialized/specialized_allreduce_tree_ll_minmax_f16_1_0_2.o
[1957/4366] Building RCCLDEV object src/CMakeFiles/rccl_device_gfx950.dir/__/hipify/gensrc/specialized/specialized_allreduce_ring_simple_premulsum_f8e5m2_1_0_4.o
[1958/4366] Building RCCLDEV object src/CMakeFiles/rccl_device_gfx950.dir/__/hipify/gensrc/specialized/specialized_allgather_ring_simple_sum_i8_0_0_1.o
[1959/4366] Building RCCLDEV object src/CMakeFiles/rccl_device_gfx950.dir/__/hipify/gensrc/specialized/specialized_reducescatter_pat_simple_minmax_bf16_0_0_4.o
[1960/4366] Building RCCLDEV object src/CMakeFiles/rccl_device_gfx950.dir/__/hipify/gensrc/specialized/specialized_allreduce_tree_simple_prod_bf16_0_1_4.o
[1961/4366] Building RCCLDEV object src/CMakeFiles/rccl_device_gfx950.dir/__/hipify/gensrc/specialized/specialized_allreduce_tree_ll_sum_f32_0_0_1.o
[1962/4366] Building RCCLDEV object src/CMakeFiles/rccl_device_gfx950.dir/__/hipify/gensrc/specialized/specialized_allreduce_tree_ll_sumpostdiv_u8_1_0_2.o
[1963/4366] Building RCCLDEV object src/CMakeFiles/rccl_device_gfx950.dir/__/hipify/gensrc/specialized/specialized_reducescatter_pat_simple_sumpostdiv_u32_0_0_1.o
[1964/4366] Building RCCLDEV object src/CMakeFiles/rccl_device_gfx950.dir/__/hipify/gensrc/specialized/specialized_reducescatter_pat_simple_minmax_bf16_0_1_4.o
[1965/4366] Building RCCLDEV object src/CMakeFiles/rccl_device_gfx950.dir/__/hipify/gensrc/specialized/specialized_reducescatter_pat_simple_premulsum_bf16_0_1_1.o
[1966/4366] Building RCCLDEV object src/CMakeFiles/rccl_device_gfx950.dir/__/hipify/gensrc/specialized/specialized_allreduce_ring_simple_premulsum_bf16_1_1_4.o
[1967/4366] Building RCCLDEV object src/CMakeFiles/rccl_device_gfx950.dir/__/hipify/gensrc/specialized/specialized_reducescatter_ring_simple_premulsum_u8_0_0_1.o
[1968/4366] Building RCCLDEV object src/CMakeFiles/rccl_device_gfx950.dir/__/hipify/gensrc/specialized/specialized_allreduce_tree_ll_sum_u64_0_0_1.o
[1969/4366] Building RCCLDEV object src/CMakeFiles/rccl_device_gfx950.dir/__/hipify/gensrc/specialized/specialized_allreduce_ring_simple_prod_f32_1_0_2.o
[1970/4366] Building RCCLDEV object src/CMakeFiles/rccl_device_gfx950.dir/__/hipify/gensrc/specialized/specialized_reducescatter_pat_simple_minmax_u8_0_0_1.o
[1971/4366] Building RCCLDEV object src/CMakeFiles/rccl_device_gfx950.dir/__/hipify/gensrc/specialized/specialized_allreduce_tree_ll_sum_u8_1_0_1.o
[1972/4366] Building RCCLDEV object src/CMakeFiles/rccl_device_gfx950.dir/__/hipify/gensrc/specialized/specialized_allreduce_tree_ll_sumpostdiv_u8_0_0_2.o
[1973/4366] Building RCCLDEV object src/CMakeFiles/rccl_device_gfx950.dir/__/hipify/gensrc/specialized/specialized_reducescatter_pat_simple_minmax_bf16_0_1_1.o
[1974/4366] Building RCCLDEV object src/CMakeFiles/rccl_device_gfx950.dir/__/hipify/gensrc/specialized/specialized_allreduce_tree_simple_minmax_bf16_0_1_2.o
[1975/4366] Building RCCLDEV object src/CMakeFiles/rccl_device_gfx950.dir/__/hipify/gensrc/specialized/specialized_allreduce_ring_simple_premulsum_u32_0_0_2.o
[1976/4366] Building RCCLDEV object src/CMakeFiles/rccl_device_gfx950.dir/__/hipify/gensrc/specialized/specialized_reducescatter_pat_simple_premulsum_u8_0_0_4.o
[1977/4366] Building RCCLDEV object src/CMakeFiles/rccl_device_gfx950.dir/__/hipify/gensrc/specialized/specialized_allreduce_ring_simple_prod_u32_1_0_2.o
[1978/4366] Building RCCLDEV object src/CMakeFiles/rccl_device_gfx950.dir/__/hipify/gensrc/specialized/specialized_reducescatter_pat_simple_sumpostdiv_u8_0_0_1.o
[1979/4366] Building RCCLDEV object src/CMakeFiles/rccl_device_gfx950.dir/__/hipify/gensrc/specialized/specialized_allreduce_ring_simple_prod_bf16_0_1_4.o
[1980/4366] Building RCCLDEV object src/CMakeFiles/rccl_device_gfx950.dir/__/hipify/gensrc/specialized/specialized_allreduce_tree_ll_prod_u32_0_0_1.o
[1981/4366] Building RCCLDEV object src/CMakeFiles/rccl_device_gfx950.dir/__/hipify/gensrc/specialized/specialized_allreduce_ring_simple_prod_f16_1_0_2.o
[1982/4366] Building RCCLDEV object src/CMakeFiles/rccl_device_gfx950.dir/__/hipify/gensrc/specialized/specialized_allreduce_tree_ll_sumpostdiv_u64_1_0_2.o
[1983/4366] Building RCCLDEV object src/CMakeFiles/rccl_device_gfx950.dir/__/hipify/gensrc/specialized/specialized_allreduce_tree_ll_sum_u32_1_0_1.o
[1984/4366] Building RCCLDEV object src/CMakeFiles/rccl_device_gfx950.dir/__/hipify/gensrc/specialized/specialized_allreduce_ring_simple_minmax_bf16_0_0_2.o
[1985/4366] Building RCCLDEV object src/CMakeFiles/rccl_device_gfx950.dir/__/hipify/gensrc/specialized/specialized_allreduce_tree_ll_sum_f64_1_0_1.o
[1986/4366] Building RCCLDEV object src/CMakeFiles/rccl_device_gfx950.dir/__/hipify/gensrc/specialized/specialized_allreduce_ring_simple_premulsum_f16_0_0_2.o
[1987/4366] Building RCCLDEV object src/CMakeFiles/rccl_device_gfx950.dir/__/hipify/gensrc/specialized/specialized_allreduce_tree_ll_sum_f16_0_0_1.o
[1988/4366] Building RCCLDEV object src/CMakeFiles/rccl_device_gfx950.dir/__/hipify/gensrc/specialized/specialized_reducescatter_ring_simple_sumpostdiv_u8_0_0_1.o
[1989/4366] Building RCCLDEV object src/CMakeFiles/rccl_device_gfx950.dir/__/hipify/gensrc/specialized/specialized_allreduce_ring_simple_premulsum_f32_0_0_2.o
[1990/4366] Building RCCLDEV object src/CMakeFiles/rccl_device_gfx950.dir/__/hipify/gensrc/specialized/specialized_reducescatter_pat_simple_minmax_u8_0_0_4.o
[1991/4366] Building RCCLDEV object src/CMakeFiles/rccl_device_gfx950.dir/__/hipify/gensrc/specialized/specialized_allreduce_tree_ll_sum_f64_0_0_1.o
[1992/4366] Building RCCLDEV object src/CMakeFiles/rccl_device_gfx950.dir/__/hipify/gensrc/specialized/specialized_allreduce_tree_ll_sum_f16_1_0_1.o
[1993/4366] Building RCCLDEV object src/CMakeFiles/rccl_device_gfx950.dir/__/hipify/gensrc/specialized/specialized_allreduce_ring_simple_premulsum_f8e4m3_1_0_4.o
[1994/4366] Building RCCLDEV object src/CMakeFiles/rccl_device_gfx950.dir/__/hipify/gensrc/specialized/specialized_allreduce_tree_ll_prod_u64_0_0_1.o
[1995/4366] Building RCCLDEV object src/CMakeFiles/rccl_device_gfx950.dir/__/hipify/gensrc/specialized/specialized_allreduce_tree_ll_sum_f32_1_0_1.o
[1996/4366] Building RCCLDEV object src/CMakeFiles/rccl_device_gfx950.dir/__/hipify/gensrc/specialized/specialized_allreduce_tree_ll_prod_u64_1_0_1.o
[1997/4366] Building RCCLDEV object src/CMakeFiles/rccl_device_gfx950.dir/__/hipify/gensrc/specialized/specialized_allreduce_tree_ll_prod_u32_1_0_1.o
[1998/4366] Building RCCLDEV object src/CMakeFiles/rccl_device_gfx950.dir/__/hipify/gensrc/specialized/specialized_allreduce_tree_ll_prod_u8_0_0_1.o
[1999/4366] Building RCCLDEV object src/CMakeFiles/rccl_device_gfx950.dir/__/hipify/gensrc/specialized/specialized_allreduce_tree_ll_sum_bf16_0_0_1.o
[2000/4366] Building RCCLDEV object src/CMakeFiles/rccl_device_gfx950.dir/__/hipify/gensrc/specialized/specialized_allreduce_ring_simple_premulsum_u8_1_0_4.o
[2001/4366] Building RCCLDEV object src/CMakeFiles/rccl_device_gfx950.dir/__/hipify/gensrc/specialized/specialized_allreduce_ring_simple_minmax_f64_1_0_2.o
[2002/4366] Building RCCLDEV object src/CMakeFiles/rccl_device_gfx950.dir/__/hipify/gensrc/specialized/specialized_allreduce_ring_simple_minmax_u64_1_0_2.o
[2003/4366] Building RCCLDEV object src/CMakeFiles/rccl_device_gfx950.dir/__/hipify/gensrc/specialized/specialized_allreduce_tree_simple_minmax_bf16_1_1_4.o
[2004/4366] Building RCCLDEV object src/CMakeFiles/rccl_device_gfx950.dir/__/hipify/gensrc/specialized/specialized_allreduce_tree_ll_sum_bf16_1_0_1.o
[2005/4366] Building RCCLDEV object src/CMakeFiles/rccl_device_gfx950.dir/__/hipify/gensrc/specialized/specialized_reducescatter_pat_simple_minmax_f16_0_0_1.o
[2006/4366] Building RCCLDEV object src/CMakeFiles/rccl_device_gfx950.dir/__/hipify/gensrc/specialized/specialized_allreduce_tree_ll_prod_f64_0_0_1.o
[2007/4366] Building RCCLDEV object src/CMakeFiles/rccl_device_gfx950.dir/__/hipify/gensrc/specialized/specialized_allreduce_tree_ll_prod_f32_0_0_1.o
[2008/4366] Building RCCLDEV object src/CMakeFiles/rccl_device_gfx950.dir/__/hipify/gensrc/specialized/specialized_allreduce_ring_simple_minmax_u8_0_0_2.o
[2009/4366] Building RCCLDEV object src/CMakeFiles/rccl_device_gfx950.dir/__/hipify/gensrc/specialized/specialized_allreduce_tree_ll_prod_f32_1_0_1.o
[2010/4366] Building RCCLDEV object src/CMakeFiles/rccl_device_gfx950.dir/__/hipify/gensrc/specialized/specialized_allreduce_tree_ll_prod_f16_0_0_1.o
[2011/4366] Building RCCLDEV object src/CMakeFiles/rccl_device_gfx950.dir/__/hipify/gensrc/specialized/specialized_allreduce_ring_simple_sum_bf16_1_0_2.o
[2012/4366] Building RCCLDEV object src/CMakeFiles/rccl_device_gfx950.dir/__/hipify/gensrc/specialized/specialized_reducescatter_ring_simple_minmax_bf16_0_1_1.o
[2013/4366] Building RCCLDEV object src/CMakeFiles/rccl_device_gfx950.dir/__/hipify/gensrc/specialized/specialized_reducescatter_ring_simple_minmax_f16_0_0_1.o
[2014/4366] Building RCCLDEV object src/CMakeFiles/rccl_device_gfx950.dir/__/hipify/gensrc/specialized/specialized_allreduce_ring_simple_premulsum_bf16_0_0_2.o
[2015/4366] Building RCCLDEV object src/CMakeFiles/rccl_device_gfx950.dir/__/hipify/gensrc/specialized/specialized_allreduce_tree_ll_prod_bf16_0_0_1.o
[2016/4366] Building RCCLDEV object src/CMakeFiles/rccl_device_gfx950.dir/__/hipify/gensrc/specialized/specialized_reducescatter_ring_simple_minmax_f16_0_0_4.o
[2017/4366] Building RCCLDEV object src/CMakeFiles/rccl_device_gfx950.dir/__/hipify/gensrc/specialized/specialized_allreduce_ring_simple_minmax_bf16_1_1_4.o
[2018/4366] Building RCCLDEV object src/CMakeFiles/rccl_device_gfx950.dir/__/hipify/gensrc/specialized/specialized_allreduce_tree_ll_prod_f64_1_0_1.o
[2019/4366] Building RCCLDEV object src/CMakeFiles/rccl_device_gfx950.dir/__/hipify/gensrc/specialized/specialized_allreduce_ring_simple_premulsum_u64_1_0_2.o
[2020/4366] Building RCCLDEV object src/CMakeFiles/rccl_device_gfx950.dir/__/hipify/gensrc/specialized/specialized_reduce_ring_ll_sum_f64_0_0_4.o
[2021/4366] Building RCCLDEV object src/CMakeFiles/rccl_device_gfx950.dir/__/hipify/gensrc/specialized/specialized_reduce_ring_ll_sum_u32_0_0_4.o
[2022/4366] Building RCCLDEV object src/CMakeFiles/rccl_device_gfx950.dir/__/hipify/gensrc/specialized/specialized_allreduce_ring_simple_sumpostdiv_u64_0_0_4.o
[2023/4366] Building RCCLDEV object src/CMakeFiles/rccl_device_gfx950.dir/__/hipify/gensrc/specialized/specialized_allreduce_tree_ll_prod_u8_1_0_1.o
[2024/4366] Building RCCLDEV object src/CMakeFiles/rccl_device_gfx950.dir/__/hipify/gensrc/specialized/specialized_allreduce_ring_simple_premulsum_f64_0_0_2.o
[2025/4366] Building RCCLDEV object src/CMakeFiles/rccl_device_gfx950.dir/__/hipify/gensrc/specialized/specialized_allreduce_tree_ll_minmax_u8_0_0_1.o
[2026/4366] Building RCCLDEV object src/CMakeFiles/rccl_device_gfx950.dir/__/hipify/gensrc/specialized/specialized_reduce_ring_ll_prod_f16_0_0_4.o
[2027/4366] Building RCCLDEV object src/CMakeFiles/rccl_device_gfx950.dir/__/hipify/gensrc/specialized/specialized_reduce_ring_ll_prod_f64_0_0_4.o
[2028/4366] Building RCCLDEV object src/CMakeFiles/rccl_device_gfx950.dir/__/hipify/gensrc/specialized/specialized_allreduce_ring_simple_prod_f64_1_0_2.o
[2029/4366] Building RCCLDEV object src/CMakeFiles/rccl_device_gfx950.dir/__/hipify/gensrc/specialized/specialized_reduce_ring_ll_prod_bf16_0_0_4.o
[2030/4366] Building RCCLDEV object src/CMakeFiles/rccl_device_gfx950.dir/__/hipify/gensrc/specialized/specialized_reduce_ring_ll_sum_bf16_0_0_4.o
[2031/4366] Building RCCLDEV object src/CMakeFiles/rccl_device_gfx950.dir/__/hipify/gensrc/specialized/specialized_allreduce_ring_simple_premulsum_f64_1_0_2.o
[2032/4366] Building RCCLDEV object src/CMakeFiles/rccl_device_gfx950.dir/__/hipify/gensrc/specialized/specialized_reduce_ring_ll_prod_u32_0_0_4.o
[2033/4366] Building RCCLDEV object src/CMakeFiles/rccl_device_gfx950.dir/__/hipify/gensrc/specialized/specialized_allreduce_ring_simple_prod_u8_0_0_2.o
[2034/4366] Building RCCLDEV object src/CMakeFiles/rccl_device_gfx950.dir/__/hipify/gensrc/specialized/specialized_allreduce_tree_ll_prod_f16_1_0_1.o
[2035/4366] Building RCCLDEV object src/CMakeFiles/rccl_device_gfx950.dir/__/hipify/gensrc/specialized/specialized_reduce_ring_ll_minmax_u64_0_0_4.o
[2036/4366] Building RCCLDEV object src/CMakeFiles/rccl_device_gfx950.dir/__/hipify/gensrc/specialized/specialized_reduce_ring_ll_sum_f32_0_0_4.o
[2037/4366] Building RCCLDEV object src/CMakeFiles/rccl_device_gfx950.dir/__/hipify/gensrc/specialized/specialized_reduce_ring_ll_sum_u8_0_0_4.o
[2038/4366] Building RCCLDEV object src/CMakeFiles/rccl_device_gfx950.dir/__/hipify/gensrc/specialized/specialized_allreduce_tree_ll_minmax_u32_0_0_1.o
[2039/4366] Building RCCLDEV object src/CMakeFiles/rccl_device_gfx950.dir/__/hipify/gensrc/specialized/specialized_allreduce_ring_simple_prod_bf16_1_0_2.o
[2040/4366] Building RCCLDEV object src/CMakeFiles/rccl_device_gfx950.dir/__/hipify/gensrc/specialized/specialized_allreduce_tree_simple_premulsum_f8e5m2_1_0_4.o
[2041/4366] Building RCCLDEV object src/CMakeFiles/rccl_device_gfx950.dir/__/hipify/gensrc/specialized/specialized_reducescatter_ring_ll_prod_f64_0_0_4.o
[2042/4366] Building RCCLDEV object src/CMakeFiles/rccl_device_gfx950.dir/__/hipify/gensrc/specialized/specialized_reducescatter_ring_ll_minmax_f64_0_0_4.o
[2043/4366] Building RCCLDEV object src/CMakeFiles/rccl_device_gfx950.dir/__/hipify/gensrc/specialized/specialized_reduce_ring_ll_premulsum_u32_0_0_4.o
[2044/4366] Building RCCLDEV object src/CMakeFiles/rccl_device_gfx950.dir/__/hipify/gensrc/specialized/specialized_allreduce_ring_simple_premulsum_u32_1_0_2.o
[2045/4366] Building RCCLDEV object src/CMakeFiles/rccl_device_gfx950.dir/__/hipify/gensrc/specialized/specialized_allreduce_tree_ll_minmax_f64_0_0_1.o
[2046/4366] Building RCCLDEV object src/CMakeFiles/rccl_device_gfx950.dir/__/hipify/gensrc/specialized/specialized_reduce_ring_ll_sumpostdiv_u32_0_0_4.o
[2047/4366] Building RCCLDEV object src/CMakeFiles/rccl_device_gfx950.dir/__/hipify/gensrc/specialized/specialized_reduce_ring_ll_minmax_u8_0_0_4.o
[2048/4366] Building RCCLDEV object src/CMakeFiles/rccl_device_gfx950.dir/__/hipify/gensrc/specialized/specialized_reduce_ring_ll_premulsum_f32_0_0_4.o
[2049/4366] Building RCCLDEV object src/CMakeFiles/rccl_device_gfx950.dir/__/hipify/gensrc/specialized/specialized_reduce_ring_ll_premulsum_f64_0_0_4.o
[2050/4366] Building RCCLDEV object src/CMakeFiles/rccl_device_gfx950.dir/__/hipify/gensrc/specialized/specialized_reduce_ring_ll_prod_u8_0_0_4.o
[2051/4366] Building RCCLDEV object src/CMakeFiles/rccl_device_gfx950.dir/__/hipify/gensrc/specialized/specialized_reduce_ring_ll_minmax_u32_0_0_4.o
[2052/4366] Building RCCLDEV object src/CMakeFiles/rccl_device_gfx950.dir/__/hipify/gensrc/specialized/specialized_reducescatter_ring_ll_sum_bf16_0_0_4.o
[2053/4366] Building RCCLDEV object src/CMakeFiles/rccl_device_gfx950.dir/__/hipify/gensrc/specialized/specialized_allreduce_tree_simple_minmax_f16_1_0_1.o
[2054/4366] Building RCCLDEV object src/CMakeFiles/rccl_device_gfx950.dir/__/hipify/gensrc/specialized/specialized_reduce_ring_ll_sum_u64_0_0_4.o
[2055/4366] Building RCCLDEV object src/CMakeFiles/rccl_device_gfx950.dir/__/hipify/gensrc/specialized/specialized_allreduce_ring_simple_sumpostdiv_u32_0_0_2.o
[2056/4366] Building RCCLDEV object src/CMakeFiles/rccl_device_gfx950.dir/__/hipify/gensrc/specialized/specialized_reduce_ring_ll_minmax_f32_0_0_4.o
[2057/4366] Building RCCLDEV object src/CMakeFiles/rccl_device_gfx950.dir/__/hipify/gensrc/specialized/specialized_reduce_ring_ll_prod_u64_0_0_4.o
[2058/4366] Building RCCLDEV object src/CMakeFiles/rccl_device_gfx950.dir/__/hipify/gensrc/specialized/specialized_reducescatter_ring_ll_prod_f16_0_0_4.o
[2059/4366] Building RCCLDEV object src/CMakeFiles/rccl_device_gfx950.dir/__/hipify/gensrc/specialized/specialized_allreduce_tree_ll_minmax_f32_0_0_1.o
[2060/4366] Building RCCLDEV object src/CMakeFiles/rccl_device_gfx950.dir/__/hipify/gensrc/specialized/specialized_reduce_ring_ll_premulsum_u64_0_0_4.o
[2061/4366] Building RCCLDEV object src/CMakeFiles/rccl_device_gfx950.dir/__/hipify/gensrc/specialized/specialized_reducescatter_ring_ll_sum_f16_0_0_4.o
[2062/4366] Building RCCLDEV object src/CMakeFiles/rccl_device_gfx950.dir/__/hipify/gensrc/specialized/specialized_reduce_ring_ll_premulsum_bf16_0_0_4.o
[2063/4366] Building RCCLDEV object src/CMakeFiles/rccl_device_gfx950.dir/__/hipify/gensrc/specialized/specialized_reducescatter_ring_ll_prod_u32_0_0_4.o
[2064/4366] Building RCCLDEV object src/CMakeFiles/rccl_device_gfx950.dir/__/hipify/gensrc/specialized/specialized_allreduce_tree_ll_minmax_u64_1_0_1.o
[2065/4366] Building RCCLDEV object src/CMakeFiles/rccl_device_gfx950.dir/__/hipify/gensrc/specialized/specialized_reduce_ring_ll_sum_f16_0_0_4.o
[2066/4366] Building RCCLDEV object src/CMakeFiles/rccl_device_gfx950.dir/__/hipify/gensrc/specialized/specialized_allreduce_ring_simple_premulsum_f32_1_0_2.o
[2067/4366] Building RCCLDEV object src/CMakeFiles/rccl_device_gfx950.dir/__/hipify/gensrc/specialized/specialized_reducescatter_ring_ll_prod_f32_0_0_4.o
[2068/4366] Building RCCLDEV object src/CMakeFiles/rccl_device_gfx950.dir/__/hipify/gensrc/specialized/specialized_reducescatter_ring_simple_premulsum_bf16_0_1_1.o
[2069/4366] Building RCCLDEV object src/CMakeFiles/rccl_device_gfx950.dir/__/hipify/gensrc/specialized/specialized_allreduce_tree_ll_premulsum_u64_1_0_1.o
[2070/4366] Building RCCLDEV object src/CMakeFiles/rccl_device_gfx950.dir/__/hipify/gensrc/specialized/specialized_broadcast_ring_ll_sum_i8_0_0_4.o
[2071/4366] Building RCCLDEV object src/CMakeFiles/rccl_device_gfx950.dir/__/hipify/gensrc/specialized/specialized_reducescatter_ring_ll_minmax_u8_0_0_4.o
[2072/4366] Building RCCLDEV object src/CMakeFiles/rccl_device_gfx950.dir/__/hipify/gensrc/specialized/specialized_reducescatter_ring_ll_prod_u64_0_0_4.o
[2073/4366] Building RCCLDEV object src/CMakeFiles/rccl_device_gfx950.dir/__/hipify/gensrc/specialized/specialized_reduce_ring_ll_prod_f32_0_0_4.o
[2074/4366] Building RCCLDEV object src/CMakeFiles/rccl_device_gfx950.dir/__/hipify/gensrc/specialized/specialized_allreduce_tree_ll_minmax_u64_0_0_1.o
[2075/4366] Building RCCLDEV object src/CMakeFiles/rccl_device_gfx950.dir/__/hipify/gensrc/specialized/specialized_reducescatter_pat_simple_minmax_f16_0_0_2.o
[2076/4366] Building RCCLDEV object src/CMakeFiles/rccl_device_gfx950.dir/__/hipify/gensrc/specialized/specialized_reduce_ring_ll_minmax_f16_0_0_4.o
[2077/4366] Building RCCLDEV object src/CMakeFiles/rccl_device_gfx950.dir/__/hipify/gensrc/specialized/specialized_reducescatter_ring_ll_prod_u8_0_0_4.o
[2078/4366] Building RCCLDEV object src/CMakeFiles/rccl_device_gfx950.dir/__/hipify/gensrc/specialized/specialized_reducescatter_ring_ll_sum_u32_0_0_4.o
[2079/4366] Building RCCLDEV object src/CMakeFiles/rccl_device_gfx950.dir/__/hipify/gensrc/specialized/specialized_reducescatter_ring_ll_sum_f32_0_0_4.o
[2080/4366] Building RCCLDEV object src/CMakeFiles/rccl_device_gfx950.dir/__/hipify/gensrc/specialized/specialized_reduce_ring_ll_premulsum_u8_0_0_4.o
[2081/4366] Building RCCLDEV object src/CMakeFiles/rccl_device_gfx950.dir/__/hipify/gensrc/specialized/specialized_reducescatter_ring_ll_sum_u64_0_0_4.o
[2082/4366] Building RCCLDEV object src/CMakeFiles/rccl_device_gfx950.dir/__/hipify/gensrc/specialized/specialized_allreduce_ring_simple_minmax_u32_1_0_2.o
[2083/4366] Building RCCLDEV object src/CMakeFiles/rccl_device_gfx950.dir/__/hipify/gensrc/specialized/specialized_reducescatter_ring_ll_premulsum_f64_0_0_4.o
[2084/4366] Building RCCLDEV object src/CMakeFiles/rccl_device_gfx950.dir/__/hipify/gensrc/specialized/specialized_allreduce_tree_ll_minmax_u8_1_0_1.o
[2085/4366] Building RCCLDEV object src/CMakeFiles/rccl_device_gfx950.dir/__/hipify/gensrc/specialized/specialized_reduce_ring_ll_minmax_f64_0_0_4.o
[2086/4366] Building RCCLDEV object src/CMakeFiles/rccl_device_gfx950.dir/__/hipify/gensrc/specialized/specialized_reduce_ring_ll_premulsum_f16_0_0_4.o
[2087/4366] Building RCCLDEV object src/CMakeFiles/rccl_device_gfx950.dir/__/hipify/gensrc/specialized/specialized_allreduce_tree_simple_minmax_u8_1_0_4.o
[2088/4366] Building RCCLDEV object src/CMakeFiles/rccl_device_gfx950.dir/__/hipify/gensrc/specialized/specialized_allreduce_tree_ll_minmax_u32_1_0_1.o
[2089/4366] Building RCCLDEV object src/CMakeFiles/rccl_device_gfx950.dir/__/hipify/gensrc/specialized/specialized_reduce_ring_ll_minmax_bf16_0_0_4.o
[2090/4366] Building RCCLDEV object src/CMakeFiles/rccl_device_gfx950.dir/__/hipify/gensrc/specialized/specialized_reducescatter_ring_ll_premulsum_f32_0_0_4.o
[2091/4366] Building RCCLDEV object src/CMakeFiles/rccl_device_gfx950.dir/__/hipify/gensrc/specialized/specialized_reducescatter_ring_ll_prod_bf16_0_0_4.o
[2092/4366] Building RCCLDEV object src/CMakeFiles/rccl_device_gfx950.dir/__/hipify/gensrc/specialized/specialized_allreduce_tree_ll_prod_bf16_1_0_1.o
[2093/4366] Building RCCLDEV object src/CMakeFiles/rccl_device_gfx950.dir/__/hipify/gensrc/specialized/specialized_allreduce_ring_simple_minmax_bf16_0_1_4.o
[2094/4366] Building RCCLDEV object src/CMakeFiles/rccl_device_gfx950.dir/__/hipify/gensrc/specialized/specialized_reducescatter_ring_ll_sum_f64_0_0_4.o
[2095/4366] Building RCCLDEV object src/CMakeFiles/rccl_device_gfx950.dir/__/hipify/gensrc/specialized/specialized_reducescatter_ring_ll_minmax_u64_0_0_4.o
[2096/4366] Building RCCLDEV object src/CMakeFiles/rccl_device_gfx950.dir/__/hipify/gensrc/specialized/specialized_reducescatter_ring_ll_minmax_u32_0_0_4.o
[2097/4366] Building RCCLDEV object src/CMakeFiles/rccl_device_gfx950.dir/__/hipify/gensrc/specialized/specialized_reducescatter_ring_ll_sum_u8_0_0_4.o
[2098/4366] Building RCCLDEV object src/CMakeFiles/rccl_device_gfx950.dir/__/hipify/gensrc/specialized/specialized_reducescatter_ring_ll_sumpostdiv_u32_0_0_4.o
[2099/4366] Building RCCLDEV object src/CMakeFiles/rccl_device_gfx950.dir/__/hipify/gensrc/specialized/specialized_allreduce_tree_ll_minmax_f32_1_0_1.o
[2100/4366] Building RCCLDEV object src/CMakeFiles/rccl_device_gfx950.dir/__/hipify/gensrc/specialized/specialized_allreduce_tree_ll_premulsum_f32_1_0_1.o
[2101/4366] Building RCCLDEV object src/CMakeFiles/rccl_device_gfx950.dir/__/hipify/gensrc/specialized/specialized_allreduce_tree_ll_minmax_f64_1_0_1.o
[2102/4366] Building RCCLDEV object src/CMakeFiles/rccl_device_gfx950.dir/__/hipify/gensrc/specialized/specialized_allreduce_tree_ll_premulsum_f64_1_0_1.o
[2103/4366] Building RCCLDEV object src/CMakeFiles/rccl_device_gfx950.dir/__/hipify/gensrc/specialized/specialized_allreduce_tree_ll_minmax_bf16_0_0_1.o
[2104/4366] Building RCCLDEV object src/CMakeFiles/rccl_device_gfx950.dir/__/hipify/gensrc/specialized/specialized_allreduce_tree_ll_premulsum_f64_0_0_1.o
[2105/4366] Building RCCLDEV object src/CMakeFiles/rccl_device_gfx950.dir/__/hipify/gensrc/specialized/specialized_allreduce_tree_ll_premulsum_u64_0_0_1.o
[2106/4366] Building RCCLDEV object src/CMakeFiles/rccl_device_gfx950.dir/__/hipify/gensrc/specialized/specialized_allreduce_tree_ll_premulsum_u8_0_0_1.o
[2107/4366] Building RCCLDEV object src/CMakeFiles/rccl_device_gfx950.dir/__/hipify/gensrc/specialized/specialized_allreduce_tree_ll_premulsum_f16_0_0_1.o
[2108/4366] Building RCCLDEV object src/CMakeFiles/rccl_device_gfx950.dir/__/hipify/gensrc/specialized/specialized_reducescatter_ring_ll_premulsum_u64_0_0_4.o
[2109/4366] Building RCCLDEV object src/CMakeFiles/rccl_device_gfx950.dir/__/hipify/gensrc/specialized/specialized_reducescatter_ring_ll_premulsum_f16_0_0_4.o
[2110/4366] Building RCCLDEV object src/CMakeFiles/rccl_device_gfx950.dir/__/hipify/gensrc/specialized/specialized_reducescatter_ring_ll_premulsum_u8_0_0_4.o
[2111/4366] Building RCCLDEV object src/CMakeFiles/rccl_device_gfx950.dir/__/hipify/gensrc/specialized/specialized_reduce_ring_ll_sumpostdiv_u64_0_0_4.o
[2112/4366] Building RCCLDEV object src/CMakeFiles/rccl_device_gfx950.dir/__/hipify/gensrc/specialized/specialized_reducescatter_ring_ll_minmax_bf16_0_0_4.o
[2113/4366] Building RCCLDEV object src/CMakeFiles/rccl_device_gfx950.dir/__/hipify/gensrc/specialized/specialized_reduce_ring_ll_sumpostdiv_u8_0_0_4.o
[2114/4366] Building RCCLDEV object src/CMakeFiles/rccl_device_gfx950.dir/__/hipify/gensrc/specialized/specialized_allreduce_ring_simple_premulsum_f16_1_0_2.o
[2115/4366] Building RCCLDEV object src/CMakeFiles/rccl_device_gfx950.dir/__/hipify/gensrc/specialized/specialized_reducescatter_ring_ll_minmax_f32_0_0_4.o
[2116/4366] Building RCCLDEV object src/CMakeFiles/rccl_device_gfx950.dir/__/hipify/gensrc/specialized/specialized_reducescatter_ring_ll_premulsum_u32_0_0_4.o
[2117/4366] Building RCCLDEV object src/CMakeFiles/rccl_device_gfx950.dir/__/hipify/gensrc/specialized/specialized_allreduce_tree_ll_minmax_f16_0_0_1.o
[2118/4366] Building RCCLDEV object src/CMakeFiles/rccl_device_gfx950.dir/__/hipify/gensrc/specialized/specialized_allreduce_tree_ll_premulsum_u32_0_0_1.o
[2119/4366] Building RCCLDEV object src/CMakeFiles/rccl_device_gfx950.dir/__/hipify/gensrc/specialized/specialized_reducescatter_ring_ll_minmax_f16_0_0_4.o
[2120/4366] Building RCCLDEV object src/CMakeFiles/rccl_device_gfx950.dir/__/hipify/gensrc/specialized/specialized_reducescatter_ring_ll_premulsum_bf16_0_0_4.o
[2121/4366] Building RCCLDEV object src/CMakeFiles/rccl_device_gfx950.dir/__/hipify/gensrc/specialized/specialized_allreduce_tree_ll_premulsum_u32_1_0_1.o
[2122/4366] Building RCCLDEV object src/CMakeFiles/rccl_device_gfx950.dir/__/hipify/gensrc/specialized/specialized_allreduce_tree_ll_premulsum_f32_0_0_1.o
[2123/4366] Building RCCLDEV object src/CMakeFiles/rccl_device_gfx950.dir/__/hipify/gensrc/specialized/specialized_allreduce_tree_ll_minmax_bf16_1_0_1.o
[2124/4366] Building RCCLDEV object src/CMakeFiles/rccl_device_gfx950.dir/__/hipify/gensrc/specialized/specialized_allreduce_ring_simple_premulsum_bf16_0_1_4.o
[2125/4366] Building RCCLDEV object src/CMakeFiles/rccl_device_gfx950.dir/__/hipify/gensrc/specialized/specialized_allreduce_tree_ll_sumpostdiv_u32_1_0_1.o
[2126/4366] Building RCCLDEV object src/CMakeFiles/rccl_device_gfx950.dir/__/hipify/gensrc/specialized/specialized_allreduce_ring_simple_premulsum_u8_0_0_2.o
[2127/4366] Building RCCLDEV object src/CMakeFiles/rccl_device_gfx950.dir/__/hipify/gensrc/specialized/specialized_reduce_ring_ll_sum_f64_0_0_2.o
[2128/4366] Building RCCLDEV object src/CMakeFiles/rccl_device_gfx950.dir/__/hipify/gensrc/specialized/specialized_reducescatter_ring_ll_sumpostdiv_u64_0_0_4.o
[2129/4366] Building RCCLDEV object src/CMakeFiles/rccl_device_gfx950.dir/__/hipify/gensrc/specialized/specialized_allgather_ring_ll_sum_i8_0_0_4.o
[2130/4366] Building RCCLDEV object src/CMakeFiles/rccl_device_gfx950.dir/__/hipify/gensrc/specialized/specialized_allreduce_tree_ll_sumpostdiv_u64_0_0_1.o
[2131/4366] Building RCCLDEV object src/CMakeFiles/rccl_device_gfx950.dir/__/hipify/gensrc/specialized/specialized_reducescatter_ring_ll_sumpostdiv_u8_0_0_4.o
[2132/4366] Building RCCLDEV object src/CMakeFiles/rccl_device_gfx950.dir/__/hipify/gensrc/specialized/specialized_reduce_ring_ll_prod_u32_0_0_2.o
[2133/4366] Building RCCLDEV object src/CMakeFiles/rccl_device_gfx950.dir/__/hipify/gensrc/specialized/specialized_allreduce_tree_ll_premulsum_u8_1_0_1.o
[2134/4366] Building RCCLDEV object src/CMakeFiles/rccl_device_gfx950.dir/__/hipify/gensrc/specialized/specialized_allgatherv_ring_ll_sum_i8_0_0_4.o
[2135/4366] Building RCCLDEV object src/CMakeFiles/rccl_device_gfx950.dir/__/hipify/gensrc/specialized/specialized_reduce_ring_ll_sum_u8_0_0_2.o
[2136/4366] Building RCCLDEV object src/CMakeFiles/rccl_device_gfx950.dir/__/hipify/gensrc/specialized/specialized_allreduce_tree_ll_premulsum_bf16_1_0_1.o
[2137/4366] Building RCCLDEV object src/CMakeFiles/rccl_device_gfx950.dir/__/hipify/gensrc/specialized/specialized_reduce_ring_ll_sum_f32_0_0_2.o
[2138/4366] Building RCCLDEV object src/CMakeFiles/rccl_device_gfx950.dir/__/hipify/gensrc/specialized/specialized_reduce_ring_ll_prod_u64_0_0_2.o
[2139/4366] Building RCCLDEV object src/CMakeFiles/rccl_device_gfx950.dir/__/hipify/gensrc/specialized/specialized_reduce_ring_ll_premulsum_f64_0_0_2.o
[2140/4366] Building RCCLDEV object src/CMakeFiles/rccl_device_gfx950.dir/__/hipify/gensrc/specialized/specialized_allreduce_tree_ll_minmax_f16_1_0_1.o
[2141/4366] Building RCCLDEV object src/CMakeFiles/rccl_device_gfx950.dir/__/hipify/gensrc/specialized/specialized_reduce_ring_ll_minmax_u64_0_0_2.o
[2142/4366] Building RCCLDEV object src/CMakeFiles/rccl_device_gfx950.dir/__/hipify/gensrc/specialized/specialized_allreduce_ring_ll_sum_f32_0_0_4.o
[2143/4366] Building RCCLDEV object src/CMakeFiles/rccl_device_gfx950.dir/__/hipify/gensrc/specialized/specialized_allreduce_ring_simple_sumpostdiv_u8_0_0_4.o
[2144/4366] Building RCCLDEV object src/CMakeFiles/rccl_device_gfx950.dir/__/hipify/gensrc/specialized/specialized_reduce_ring_ll_sum_bf16_0_0_2.o
[2145/4366] Building RCCLDEV object src/CMakeFiles/rccl_device_gfx950.dir/__/hipify/gensrc/specialized/specialized_reduce_ring_ll_sum_u32_0_0_2.o
[2146/4366] Building RCCLDEV object src/CMakeFiles/rccl_device_gfx950.dir/__/hipify/gensrc/specialized/specialized_allreduce_tree_ll_sumpostdiv_u32_0_0_1.o
[2147/4366] Building RCCLDEV object src/CMakeFiles/rccl_device_gfx950.dir/__/hipify/gensrc/specialized/specialized_reduce_ring_ll_prod_u8_0_0_2.o
[2148/4366] Building RCCLDEV object src/CMakeFiles/rccl_device_gfx950.dir/__/hipify/gensrc/specialized/specialized_reduce_ring_ll_prod_f16_0_0_2.o
[2149/4366] Building RCCLDEV object src/CMakeFiles/rccl_device_gfx950.dir/__/hipify/gensrc/specialized/specialized_allreduce_tree_ll_sumpostdiv_u64_1_0_1.o
[2150/4366] Building RCCLDEV object src/CMakeFiles/rccl_device_gfx950.dir/__/hipify/gensrc/specialized/specialized_allreduce_ring_ll_sum_u64_1_0_4.o
[2151/4366] Building RCCLDEV object src/CMakeFiles/rccl_device_gfx950.dir/__/hipify/gensrc/specialized/specialized_allreduce_ring_ll_sum_u64_0_0_4.o
[2152/4366] Building RCCLDEV object src/CMakeFiles/rccl_device_gfx950.dir/__/hipify/gensrc/specialized/specialized_allreduce_tree_ll_premulsum_bf16_0_0_1.o
[2153/4366] Building RCCLDEV object src/CMakeFiles/rccl_device_gfx950.dir/__/hipify/gensrc/specialized/specialized_allreduce_ring_ll_sum_u32_1_0_4.o
[2154/4366] Building RCCLDEV object src/CMakeFiles/rccl_device_gfx950.dir/__/hipify/gensrc/specialized/specialized_reducescatter_ring_ll_sum_u64_0_0_2.o
[2155/4366] Building RCCLDEV object src/CMakeFiles/rccl_device_gfx950.dir/__/hipify/gensrc/specialized/specialized_allreduce_ring_ll_sum_f32_1_0_4.o
[2156/4366] Building RCCLDEV object src/CMakeFiles/rccl_device_gfx950.dir/__/hipify/gensrc/specialized/specialized_reduce_ring_ll_minmax_bf16_0_0_2.o
[2157/4366] Building RCCLDEV object src/CMakeFiles/rccl_device_gfx950.dir/__/hipify/gensrc/specialized/specialized_allreduce_tree_ll_premulsum_f16_1_0_1.o
[2158/4366] Building RCCLDEV object src/CMakeFiles/rccl_device_gfx950.dir/__/hipify/gensrc/specialized/specialized_allreduce_ring_ll_sum_f16_1_0_4.o
[2159/4366] Building RCCLDEV object src/CMakeFiles/rccl_device_gfx950.dir/__/hipify/gensrc/specialized/specialized_allreduce_ring_ll_minmax_f64_0_0_4.o
[2160/4366] Building RCCLDEV object src/CMakeFiles/rccl_device_gfx950.dir/__/hipify/gensrc/specialized/specialized_reducescatter_ring_ll_sum_f16_0_0_2.o
[2161/4366] Building RCCLDEV object src/CMakeFiles/rccl_device_gfx950.dir/__/hipify/gensrc/specialized/specialized_allreduce_ring_simple_premulsum_bf16_1_0_2.o
[2162/4366] Building RCCLDEV object src/CMakeFiles/rccl_device_gfx950.dir/__/hipify/gensrc/specialized/specialized_allreduce_tree_ll_sumpostdiv_u8_0_0_1.o
[2163/4366] Building RCCLDEV object src/CMakeFiles/rccl_device_gfx950.dir/__/hipify/gensrc/specialized/specialized_allreduce_ring_ll_minmax_u64_1_0_4.o
[2164/4366] Building RCCLDEV object src/CMakeFiles/rccl_device_gfx950.dir/__/hipify/gensrc/specialized/specialized_reduce_ring_ll_prod_f32_0_0_2.o
[2165/4366] Building RCCLDEV object src/CMakeFiles/rccl_device_gfx950.dir/__/hipify/gensrc/specialized/specialized_allreduce_ring_ll_sum_f64_0_0_4.o
[2166/4366] Building RCCLDEV object src/CMakeFiles/rccl_device_gfx950.dir/__/hipify/gensrc/specialized/specialized_reduce_ring_ll_sum_f16_0_0_2.o
[2167/4366] Building RCCLDEV object src/CMakeFiles/rccl_device_gfx950.dir/__/hipify/gensrc/specialized/specialized_reduce_ring_ll_minmax_f32_0_0_2.o
[2168/4366] Building RCCLDEV object src/CMakeFiles/rccl_device_gfx950.dir/__/hipify/gensrc/specialized/specialized_allreduce_ring_ll_sum_f64_1_0_4.o
[2169/4366] Building RCCLDEV object src/CMakeFiles/rccl_device_gfx950.dir/__/hipify/gensrc/specialized/specialized_allreduce_ring_ll_prod_u64_0_0_4.o
[2170/4366] Building RCCLDEV object src/CMakeFiles/rccl_device_gfx950.dir/__/hipify/gensrc/specialized/specialized_reducescatter_ring_simple_sumpostdiv_u64_0_0_1.o
[2171/4366] Building RCCLDEV object src/CMakeFiles/rccl_device_gfx950.dir/__/hipify/gensrc/specialized/specialized_reducescatter_ring_ll_premulsum_f16_0_0_2.o
[2172/4366] Building RCCLDEV object src/CMakeFiles/rccl_device_gfx950.dir/__/hipify/gensrc/specialized/specialized_reduce_ring_ll_sum_u64_0_0_2.o
[2173/4366] Building RCCLDEV object src/CMakeFiles/rccl_device_gfx950.dir/__/hipify/gensrc/specialized/specialized_reduce_ring_ll_premulsum_u64_0_0_2.o
[2174/4366] Building RCCLDEV object src/CMakeFiles/rccl_device_gfx950.dir/__/hipify/gensrc/specialized/specialized_reduce_ring_ll_minmax_u32_0_0_2.o
[2175/4366] Building RCCLDEV object src/CMakeFiles/rccl_device_gfx950.dir/__/hipify/gensrc/specialized/specialized_allreduce_ring_ll_minmax_u8_0_0_4.o
[2176/4366] Building RCCLDEV object src/CMakeFiles/rccl_device_gfx950.dir/__/hipify/gensrc/specialized/specialized_allreduce_ring_ll_sum_f16_0_0_4.o
[2177/4366] Building RCCLDEV object src/CMakeFiles/rccl_device_gfx950.dir/__/hipify/gensrc/specialized/specialized_allreduce_ring_ll_sum_u32_0_0_4.o
[2178/4366] Building RCCLDEV object src/CMakeFiles/rccl_device_gfx950.dir/__/hipify/gensrc/specialized/specialized_allreduce_ring_ll_prod_u32_0_0_4.o
[2179/4366] Building RCCLDEV object src/CMakeFiles/rccl_device_gfx950.dir/__/hipify/gensrc/specialized/specialized_reducescatter_ring_ll_premulsum_u64_0_0_2.o
[2180/4366] Building RCCLDEV object src/CMakeFiles/rccl_device_gfx950.dir/__/hipify/gensrc/specialized/specialized_reduce_ring_ll_minmax_f64_0_0_2.o
[2181/4366] Building RCCLDEV object src/CMakeFiles/rccl_device_gfx950.dir/__/hipify/gensrc/specialized/specialized_allreduce_ring_simple_sumpostdiv_u32_1_0_2.o
[2182/4366] Building RCCLDEV object src/CMakeFiles/rccl_device_gfx950.dir/__/hipify/gensrc/specialized/specialized_reduce_ring_ll_prod_f64_0_0_2.o
[2183/4366] Building RCCLDEV object src/CMakeFiles/rccl_device_gfx950.dir/__/hipify/gensrc/specialized/specialized_allreduce_ring_ll_prod_u64_1_0_4.o
[2184/4366] Building RCCLDEV object src/CMakeFiles/rccl_device_gfx950.dir/__/hipify/gensrc/specialized/specialized_reduce_ring_ll_premulsum_u32_0_0_2.o
[2185/4366] Building RCCLDEV object src/CMakeFiles/rccl_device_gfx950.dir/__/hipify/gensrc/specialized/specialized_allreduce_ring_ll_sum_u8_0_0_4.o
[2186/4366] Building RCCLDEV object src/CMakeFiles/rccl_device_gfx950.dir/__/hipify/gensrc/specialized/specialized_allreduce_ring_ll_premulsum_f32_0_0_4.o
[2187/4366] Building RCCLDEV object src/CMakeFiles/rccl_device_gfx950.dir/__/hipify/gensrc/specialized/specialized_reduce_ring_ll_prod_bf16_0_0_2.o
[2188/4366] Building RCCLDEV object src/CMakeFiles/rccl_device_gfx950.dir/__/hipify/gensrc/specialized/specialized_reduce_ring_ll_minmax_u8_0_0_2.o
[2189/4366] Building RCCLDEV object src/CMakeFiles/rccl_device_gfx950.dir/__/hipify/gensrc/specialized/specialized_reduce_ring_ll_premulsum_f32_0_0_2.o
[2190/4366] Building RCCLDEV object src/CMakeFiles/rccl_device_gfx950.dir/__/hipify/gensrc/specialized/specialized_reducescatter_ring_ll_sum_f64_0_0_2.o
[2191/4366] Building RCCLDEV object src/CMakeFiles/rccl_device_gfx950.dir/__/hipify/gensrc/specialized/specialized_allreduce_ring_ll_prod_f64_0_0_4.o
[2192/4366] Building RCCLDEV object src/CMakeFiles/rccl_device_gfx950.dir/__/hipify/gensrc/specialized/specialized_allreduce_ring_simple_prod_u8_1_0_2.o
[2193/4366] Building RCCLDEV object src/CMakeFiles/rccl_device_gfx950.dir/__/hipify/gensrc/specialized/specialized_allreduce_ring_ll_sum_bf16_0_0_4.o
[2194/4366] Building RCCLDEV object src/CMakeFiles/rccl_device_gfx950.dir/__/hipify/gensrc/specialized/specialized_reduce_ring_ll_sumpostdiv_u32_0_0_2.o
[2195/4366] Building RCCLDEV object src/CMakeFiles/rccl_device_gfx950.dir/__/hipify/gensrc/specialized/specialized_reducescatter_ring_ll_prod_f64_0_0_2.o
[2196/4366] Building RCCLDEV object src/CMakeFiles/rccl_device_gfx950.dir/__/hipify/gensrc/specialized/specialized_allreduce_ring_ll_prod_f16_0_0_4.o
[2197/4366] Building RCCLDEV object src/CMakeFiles/rccl_device_gfx950.dir/__/hipify/gensrc/specialized/specialized_allreduce_ring_ll_prod_f32_1_0_4.o
[2198/4366] Building RCCLDEV object src/CMakeFiles/rccl_device_gfx950.dir/__/hipify/gensrc/specialized/specialized_allreduce_ring_ll_prod_f64_1_0_4.o
[2199/4366] Building RCCLDEV object src/CMakeFiles/rccl_device_gfx950.dir/__/hipify/gensrc/specialized/specialized_allreduce_tree_ll_sumpostdiv_u8_1_0_1.o
[2200/4366] Building RCCLDEV object src/CMakeFiles/rccl_device_gfx950.dir/__/hipify/gensrc/specialized/specialized_allreduce_ring_ll_minmax_u32_1_0_4.o
[2201/4366] Building RCCLDEV object src/CMakeFiles/rccl_device_gfx950.dir/__/hipify/gensrc/specialized/specialized_reduce_ring_ll_premulsum_f16_0_0_2.o
[2202/4366] Building RCCLDEV object src/CMakeFiles/rccl_device_gfx950.dir/__/hipify/gensrc/specialized/specialized_reducescatter_ring_ll_sum_u32_0_0_2.o
[2203/4366] Building RCCLDEV object src/CMakeFiles/rccl_device_gfx950.dir/__/hipify/gensrc/specialized/specialized_reducescatter_ring_ll_minmax_f16_0_0_2.o
[2204/4366] Building RCCLDEV object src/CMakeFiles/rccl_device_gfx950.dir/__/hipify/gensrc/specialized/specialized_reducescatter_ring_ll_premulsum_f32_0_0_2.o
[2205/4366] Building RCCLDEV object src/CMakeFiles/rccl_device_gfx950.dir/__/hipify/gensrc/specialized/specialized_allreduce_ring_ll_prod_f32_0_0_4.o
[2206/4366] Building RCCLDEV object src/CMakeFiles/rccl_device_gfx950.dir/__/hipify/gensrc/specialized/specialized_allreduce_ring_ll_prod_bf16_0_0_4.o
[2207/4366] Building RCCLDEV object src/CMakeFiles/rccl_device_gfx950.dir/__/hipify/gensrc/specialized/specialized_reducescatter_ring_ll_sumpostdiv_u32_0_0_2.o
[2208/4366] Building RCCLDEV object src/CMakeFiles/rccl_device_gfx950.dir/__/hipify/gensrc/specialized/specialized_allreduce_ring_ll_premulsum_u8_0_0_4.o
[2209/4366] Building RCCLDEV object src/CMakeFiles/rccl_device_gfx950.dir/__/hipify/gensrc/specialized/specialized_reducescatter_ring_ll_sum_bf16_0_0_2.o
[2210/4366] Building RCCLDEV object src/CMakeFiles/rccl_device_gfx950.dir/__/hipify/gensrc/specialized/specialized_reducescatter_ring_ll_minmax_u64_0_0_2.o
[2211/4366] Building RCCLDEV object src/CMakeFiles/rccl_device_gfx950.dir/__/hipify/gensrc/specialized/specialized_reducescatter_ring_ll_prod_f16_0_0_2.o
[2212/4366] Building RCCLDEV object src/CMakeFiles/rccl_device_gfx950.dir/__/hipify/gensrc/specialized/specialized_reducescatter_ring_ll_premulsum_u8_0_0_2.o
[2213/4366] Building RCCLDEV object src/CMakeFiles/rccl_device_gfx950.dir/__/hipify/gensrc/specialized/specialized_allreduce_ring_ll_prod_u32_1_0_4.o
[2214/4366] Building RCCLDEV object src/CMakeFiles/rccl_device_gfx950.dir/__/hipify/gensrc/specialized/specialized_allreduce_ring_ll_minmax_bf16_1_0_4.o
[2215/4366] Building RCCLDEV object src/CMakeFiles/rccl_device_gfx950.dir/__/hipify/gensrc/specialized/specialized_allreduce_ring_ll_sumpostdiv_u64_1_0_4.o
[2216/4366] Building RCCLDEV object src/CMakeFiles/rccl_device_gfx950.dir/__/hipify/gensrc/specialized/specialized_reducescatter_ring_ll_sum_f32_0_0_2.o
[2217/4366] Building RCCLDEV object src/CMakeFiles/rccl_device_gfx950.dir/__/hipify/gensrc/specialized/specialized_allreduce_ring_simple_prod_bf16_1_1_2.o
[2218/4366] Building RCCLDEV object src/CMakeFiles/rccl_device_gfx950.dir/__/hipify/gensrc/specialized/specialized_allreduce_ring_simple_minmax_f32_1_0_2.o
[2219/4366] Building RCCLDEV object src/CMakeFiles/rccl_device_gfx950.dir/__/hipify/gensrc/specialized/specialized_allreduce_ring_ll_sum_bf16_1_0_4.o
[2220/4366] Building RCCLDEV object src/CMakeFiles/rccl_device_gfx950.dir/__/hipify/gensrc/specialized/specialized_allreduce_ring_ll_sumpostdiv_u64_0_0_4.o
[2221/4366] Building RCCLDEV object src/CMakeFiles/rccl_device_gfx950.dir/__/hipify/gensrc/specialized/specialized_allreduce_ring_ll_premulsum_u64_0_0_4.o
[2222/4366] Building RCCLDEV object src/CMakeFiles/rccl_device_gfx950.dir/__/hipify/gensrc/specialized/specialized_reduce_ring_ll_minmax_f16_0_0_2.o
[2223/4366] Building RCCLDEV object src/CMakeFiles/rccl_device_gfx950.dir/__/hipify/gensrc/specialized/specialized_reduce_ring_ll_premulsum_u8_0_0_2.o
[2224/4366] Building RCCLDEV object src/CMakeFiles/rccl_device_gfx950.dir/__/hipify/gensrc/specialized/specialized_reducescatter_ring_ll_sumpostdiv_u64_0_0_2.o
[2225/4366] Building RCCLDEV object src/CMakeFiles/rccl_device_gfx950.dir/__/hipify/gensrc/specialized/specialized_reducescatter_ring_ll_prod_u64_0_0_2.o
[2226/4366] Building RCCLDEV object src/CMakeFiles/rccl_device_gfx950.dir/__/hipify/gensrc/specialized/specialized_allreduce_ring_ll_premulsum_u64_1_0_4.o
[2227/4366] Building RCCLDEV object src/CMakeFiles/rccl_device_gfx950.dir/__/hipify/gensrc/specialized/specialized_reducescatter_ring_ll_prod_f32_0_0_2.o
[2228/4366] Building RCCLDEV object src/CMakeFiles/rccl_device_gfx950.dir/__/hipify/gensrc/specialized/specialized_allreduce_ring_ll_prod_u8_0_0_4.o
[2229/4366] Building RCCLDEV object src/CMakeFiles/rccl_device_gfx950.dir/__/hipify/gensrc/specialized/specialized_allreduce_ring_ll_minmax_f64_1_0_4.o
[2230/4366] Building RCCLDEV object src/CMakeFiles/rccl_device_gfx950.dir/__/hipify/gensrc/specialized/specialized_reducescatter_ring_ll_minmax_f32_0_0_2.o
[2231/4366] Building RCCLDEV object src/CMakeFiles/rccl_device_gfx950.dir/__/hipify/gensrc/specialized/specialized_allreduce_ring_simple_minmax_f16_0_0_4.o
[2232/4366] Building RCCLDEV object src/CMakeFiles/rccl_device_gfx950.dir/__/hipify/gensrc/specialized/specialized_allreduce_ring_ll_premulsum_f16_1_0_4.o
[2233/4366] Building RCCLDEV object src/CMakeFiles/rccl_device_gfx950.dir/__/hipify/gensrc/specialized/specialized_allreduce_ring_ll_minmax_f32_0_0_4.o
[2234/4366] Building RCCLDEV object src/CMakeFiles/rccl_device_gfx950.dir/__/hipify/gensrc/specialized/specialized_reducescatter_ring_ll_sum_u8_0_0_2.o
[2235/4366] Building RCCLDEV object src/CMakeFiles/rccl_device_gfx950.dir/__/hipify/gensrc/specialized/specialized_reducescatter_ring_ll_prod_u8_0_0_2.o
[2236/4366] Building RCCLDEV object src/CMakeFiles/rccl_device_gfx950.dir/__/hipify/gensrc/specialized/specialized_reducescatter_ring_ll_prod_u32_0_0_2.o
[2237/4366] Building RCCLDEV object src/CMakeFiles/rccl_device_gfx950.dir/__/hipify/gensrc/specialized/specialized_reduce_ring_ll_premulsum_bf16_0_0_2.o
[2238/4366] Building RCCLDEV object src/CMakeFiles/rccl_device_gfx950.dir/__/hipify/gensrc/specialized/specialized_allreduce_ring_ll_minmax_u64_0_0_4.o
[2239/4366] Building RCCLDEV object src/CMakeFiles/rccl_device_gfx950.dir/__/hipify/gensrc/specialized/specialized_reducescatter_ring_ll_minmax_bf16_0_0_2.o
[2240/4366] Building RCCLDEV object src/CMakeFiles/rccl_device_gfx950.dir/__/hipify/gensrc/specialized/specialized_allreduce_ring_ll_premulsum_u32_0_0_4.o
[2241/4366] Building RCCLDEV object src/CMakeFiles/rccl_device_gfx950.dir/__/hipify/gensrc/specialized/specialized_reduce_ring_ll_sumpostdiv_u8_0_0_2.o
[2242/4366] Building RCCLDEV object src/CMakeFiles/rccl_device_gfx950.dir/__/hipify/gensrc/specialized/specialized_reducescatter_ring_ll_prod_bf16_0_0_2.o
[2243/4366] Building RCCLDEV object src/CMakeFiles/rccl_device_gfx950.dir/__/hipify/gensrc/specialized/specialized_reduce_ring_ll_sumpostdiv_u64_0_0_2.o
[2244/4366] Building RCCLDEV object src/CMakeFiles/rccl_device_gfx950.dir/__/hipify/gensrc/specialized/specialized_reducescatter_ring_ll_minmax_u8_0_0_2.o
[2245/4366] Building RCCLDEV object src/CMakeFiles/rccl_device_gfx950.dir/__/hipify/gensrc/specialized/specialized_allreduce_ring_ll_premulsum_f64_0_0_4.o
[2246/4366] Building RCCLDEV object src/CMakeFiles/rccl_device_gfx950.dir/__/hipify/gensrc/specialized/specialized_allreduce_ring_ll_premulsum_f64_1_0_4.o
[2247/4366] Building RCCLDEV object src/CMakeFiles/rccl_device_gfx950.dir/__/hipify/gensrc/specialized/specialized_reducescatter_ring_ll_minmax_u32_0_0_2.o
[2248/4366] Building RCCLDEV object src/CMakeFiles/rccl_device_gfx950.dir/__/hipify/gensrc/specialized/specialized_reducescatter_ring_ll_minmax_f64_0_0_2.o
[2249/4366] Building RCCLDEV object src/CMakeFiles/rccl_device_gfx950.dir/__/hipify/gensrc/specialized/specialized_allreduce_ring_ll_sum_u8_1_0_4.o
[2250/4366] Building RCCLDEV object src/CMakeFiles/rccl_device_gfx950.dir/__/hipify/gensrc/specialized/specialized_allreduce_ring_ll_prod_bf16_1_0_4.o
[2251/4366] Building RCCLDEV object src/CMakeFiles/rccl_device_gfx950.dir/__/hipify/gensrc/specialized/specialized_allreduce_ring_ll_prod_f16_1_0_4.o
[2252/4366] Building RCCLDEV object src/CMakeFiles/rccl_device_gfx950.dir/__/hipify/gensrc/specialized/specialized_allreduce_ring_ll_minmax_u32_0_0_4.o
[2253/4366] Building RCCLDEV object src/CMakeFiles/rccl_device_gfx950.dir/__/hipify/gensrc/specialized/specialized_allreduce_ring_ll_minmax_bf16_0_0_4.o
[2254/4366] Building RCCLDEV object src/CMakeFiles/rccl_device_gfx950.dir/__/hipify/gensrc/specialized/specialized_allreduce_ring_ll_minmax_f32_1_0_4.o
[2255/4366] Building RCCLDEV object src/CMakeFiles/rccl_device_gfx950.dir/__/hipify/gensrc/specialized/specialized_allreduce_tree_simple_premulsum_bf16_0_1_4.o
[2256/4366] Building RCCLDEV object src/CMakeFiles/rccl_device_gfx950.dir/__/hipify/gensrc/specialized/specialized_reducescatter_ring_ll_premulsum_u32_0_0_2.o
[2257/4366] Building RCCLDEV object src/CMakeFiles/rccl_device_gfx950.dir/__/hipify/gensrc/specialized/specialized_reducescatter_ring_ll_premulsum_f64_0_0_2.o
[2258/4366] Building RCCLDEV object src/CMakeFiles/rccl_device_gfx950.dir/__/hipify/gensrc/specialized/specialized_allreduce_ring_ll_premulsum_u32_1_0_4.o
[2259/4366] Building RCCLDEV object src/CMakeFiles/rccl_device_gfx950.dir/__/hipify/gensrc/specialized/specialized_allreduce_ring_ll_premulsum_f16_0_0_4.o
[2260/4366] Building RCCLDEV object src/CMakeFiles/rccl_device_gfx950.dir/__/hipify/gensrc/specialized/specialized_allreduce_ring_ll_premulsum_bf16_0_0_4.o
[2261/4366] Building RCCLDEV object src/CMakeFiles/rccl_device_gfx950.dir/__/hipify/gensrc/specialized/specialized_allreduce_ring_ll_sumpostdiv_u32_0_0_4.o
[2262/4366] Building RCCLDEV object src/CMakeFiles/rccl_device_gfx950.dir/__/hipify/gensrc/specialized/specialized_allreduce_ring_ll_minmax_f16_0_0_4.o
[2263/4366] Building RCCLDEV object src/CMakeFiles/rccl_device_gfx950.dir/__/hipify/gensrc/specialized/specialized_allreduce_ring_ll_sumpostdiv_u8_0_0_4.o
[2264/4366] Building RCCLDEV object src/CMakeFiles/rccl_device_gfx950.dir/__/hipify/gensrc/specialized/specialized_allreduce_ring_ll_sum_u32_0_0_2.o
[2265/4366] Building RCCLDEV object src/CMakeFiles/rccl_device_gfx950.dir/__/hipify/gensrc/specialized/specialized_reduce_ring_ll_sum_u8_0_0_1.o
[2266/4366] Building RCCLDEV object src/CMakeFiles/rccl_device_gfx950.dir/__/hipify/gensrc/specialized/specialized_reduce_ring_ll_prod_f32_0_0_1.o
[2267/4366] Building RCCLDEV object src/CMakeFiles/rccl_device_gfx950.dir/__/hipify/gensrc/specialized/specialized_reduce_ring_ll_prod_bf16_0_0_1.o
[2268/4366] Building RCCLDEV object src/CMakeFiles/rccl_device_gfx950.dir/__/hipify/gensrc/specialized/specialized_allreduce_ring_simple_sumpostdiv_u64_1_0_4.o
[2269/4366] Building RCCLDEV object src/CMakeFiles/rccl_device_gfx950.dir/__/hipify/gensrc/specialized/specialized_allreduce_ring_ll_prod_u8_1_0_4.o
[2270/4366] Building RCCLDEV object src/CMakeFiles/rccl_device_gfx950.dir/__/hipify/gensrc/specialized/specialized_broadcast_ring_ll_sum_i8_0_0_2.o
[2271/4366] Building RCCLDEV object src/CMakeFiles/rccl_device_gfx950.dir/__/hipify/gensrc/specialized/specialized_reducescatter_ring_ll_premulsum_bf16_0_0_2.o
[2272/4366] Building RCCLDEV object src/CMakeFiles/rccl_device_gfx950.dir/__/hipify/gensrc/specialized/specialized_reduce_ring_ll_minmax_f64_0_0_1.o
[2273/4366] Building RCCLDEV object src/CMakeFiles/rccl_device_gfx950.dir/__/hipify/gensrc/specialized/specialized_reducescatter_ring_ll_sumpostdiv_u8_0_0_2.o
[2274/4366] Building RCCLDEV object src/CMakeFiles/rccl_device_gfx950.dir/__/hipify/gensrc/specialized/specialized_reduce_ring_ll_sum_u32_0_0_1.o
[2275/4366] Building RCCLDEV object src/CMakeFiles/rccl_device_gfx950.dir/__/hipify/gensrc/specialized/specialized_reduce_ring_ll_minmax_u8_0_0_1.o
[2276/4366] Building RCCLDEV object src/CMakeFiles/rccl_device_gfx950.dir/__/hipify/gensrc/specialized/specialized_allreduce_ring_ll_minmax_u64_1_0_2.o
[2277/4366] Building RCCLDEV object src/CMakeFiles/rccl_device_gfx950.dir/__/hipify/gensrc/specialized/specialized_allreduce_ring_ll_premulsum_f32_1_0_4.o
[2278/4366] Building RCCLDEV object src/CMakeFiles/rccl_device_gfx950.dir/__/hipify/gensrc/specialized/specialized_allreduce_ring_ll_sum_u64_1_0_2.o
[2279/4366] Building RCCLDEV object src/CMakeFiles/rccl_device_gfx950.dir/__/hipify/gensrc/specialized/specialized_allreduce_ring_ll_premulsum_bf16_1_0_4.o
[2280/4366] Building RCCLDEV object src/CMakeFiles/rccl_device_gfx950.dir/__/hipify/gensrc/specialized/specialized_allreduce_ring_ll_sumpostdiv_u32_1_0_4.o
[2281/4366] Building RCCLDEV object src/CMakeFiles/rccl_device_gfx950.dir/__/hipify/gensrc/specialized/specialized_allreduce_ring_ll_prod_f64_1_0_2.o
[2282/4366] Building RCCLDEV object src/CMakeFiles/rccl_device_gfx950.dir/__/hipify/gensrc/specialized/specialized_allgather_ring_ll_sum_i8_0_0_2.o
[2283/4366] Building RCCLDEV object src/CMakeFiles/rccl_device_gfx950.dir/__/hipify/gensrc/specialized/specialized_allreduce_ring_ll_minmax_u8_1_0_4.o
[2284/4366] Building RCCLDEV object src/CMakeFiles/rccl_device_gfx950.dir/__/hipify/gensrc/specialized/specialized_reduce_ring_ll_premulsum_f16_0_0_1.o
[2285/4366] Building RCCLDEV object src/CMakeFiles/rccl_device_gfx950.dir/__/hipify/gensrc/specialized/specialized_reduce_ring_ll_prod_f64_0_0_1.o
[2286/4366] Building RCCLDEV object src/CMakeFiles/rccl_device_gfx950.dir/__/hipify/gensrc/specialized/specialized_reduce_ring_ll_premulsum_bf16_0_0_1.o
[2287/4366] Building RCCLDEV object src/CMakeFiles/rccl_device_gfx950.dir/__/hipify/gensrc/specialized/specialized_allreduce_ring_ll_minmax_u64_0_0_2.o
[2288/4366] Building RCCLDEV object src/CMakeFiles/rccl_device_gfx950.dir/__/hipify/gensrc/specialized/specialized_reduce_ring_ll_minmax_u32_0_0_1.o
[2289/4366] Building RCCLDEV object src/CMakeFiles/rccl_device_gfx950.dir/__/hipify/gensrc/specialized/specialized_allreduce_ring_ll_sum_bf16_0_0_2.o
[2290/4366] Building RCCLDEV object src/CMakeFiles/rccl_device_gfx950.dir/__/hipify/gensrc/specialized/specialized_allreduce_ring_ll_premulsum_u8_1_0_4.o
[2291/4366] Building RCCLDEV object src/CMakeFiles/rccl_device_gfx950.dir/__/hipify/gensrc/specialized/specialized_reduce_ring_ll_sum_u64_0_0_1.o
[2292/4366] Building RCCLDEV object src/CMakeFiles/rccl_device_gfx950.dir/__/hipify/gensrc/specialized/specialized_allreduce_ring_ll_sum_u64_0_0_2.o
[2293/4366] Building RCCLDEV object src/CMakeFiles/rccl_device_gfx950.dir/__/hipify/gensrc/specialized/specialized_allgatherv_ring_ll_sum_i8_0_0_2.o
[2294/4366] Building RCCLDEV object src/CMakeFiles/rccl_device_gfx950.dir/__/hipify/gensrc/specialized/specialized_allreduce_ring_ll_minmax_f64_1_0_2.o
[2295/4366] Building RCCLDEV object src/CMakeFiles/rccl_device_gfx950.dir/__/hipify/gensrc/specialized/specialized_allreduce_ring_ll_minmax_f64_0_0_2.o
[2296/4366] Building RCCLDEV object src/CMakeFiles/rccl_device_gfx950.dir/__/hipify/gensrc/specialized/specialized_reduce_ring_ll_sumpostdiv_u32_0_0_1.o
[2297/4366] Building RCCLDEV object src/CMakeFiles/rccl_device_gfx950.dir/__/hipify/gensrc/specialized/specialized_allreduce_ring_simple_sum_bf16_1_1_2.o
[2298/4366] Building RCCLDEV object src/CMakeFiles/rccl_device_gfx950.dir/__/hipify/gensrc/specialized/specialized_allreduce_ring_ll_prod_u64_0_0_2.o
[2299/4366] Building RCCLDEV object src/CMakeFiles/rccl_device_gfx950.dir/__/hipify/gensrc/specialized/specialized_allreduce_ring_simple_prod_u32_0_0_1.o
[2300/4366] Building RCCLDEV object src/CMakeFiles/rccl_device_gfx950.dir/__/hipify/gensrc/specialized/specialized_reduce_ring_ll_prod_u32_0_0_1.o
[2301/4366] Building RCCLDEV object src/CMakeFiles/rccl_device_gfx950.dir/__/hipify/gensrc/specialized/specialized_reduce_ring_ll_premulsum_u8_0_0_1.o
[2302/4366] Building RCCLDEV object src/CMakeFiles/rccl_device_gfx950.dir/__/hipify/gensrc/specialized/specialized_allreduce_ring_ll_sum_f64_0_0_2.o
[2303/4366] Building RCCLDEV object src/CMakeFiles/rccl_device_gfx950.dir/__/hipify/gensrc/specialized/specialized_reduce_ring_ll_prod_u64_0_0_1.o
[2304/4366] Building RCCLDEV object src/CMakeFiles/rccl_device_gfx950.dir/__/hipify/gensrc/specialized/specialized_reducescatter_ring_ll_sum_u32_0_0_1.o
[2305/4366] Building RCCLDEV object src/CMakeFiles/rccl_device_gfx950.dir/__/hipify/gensrc/specialized/specialized_reducescatter_ring_ll_minmax_f64_0_0_1.o
[2306/4366] Building RCCLDEV object src/CMakeFiles/rccl_device_gfx950.dir/__/hipify/gensrc/specialized/specialized_reduce_ring_ll_premulsum_f64_0_0_1.o
[2307/4366] Building RCCLDEV object src/CMakeFiles/rccl_device_gfx950.dir/__/hipify/gensrc/specialized/specialized_allreduce_ring_ll_minmax_f32_1_0_2.o
[2308/4366] Building RCCLDEV object src/CMakeFiles/rccl_device_gfx950.dir/__/hipify/gensrc/specialized/specialized_reduce_ring_ll_sumpostdiv_u64_0_0_1.o
[2309/4366] Building RCCLDEV object src/CMakeFiles/rccl_device_gfx950.dir/__/hipify/gensrc/specialized/specialized_reducescatter_ring_ll_prod_u64_0_0_1.o
[2310/4366] Building RCCLDEV object src/CMakeFiles/rccl_device_gfx950.dir/__/hipify/gensrc/specialized/specialized_reducescatter_ring_ll_premulsum_u64_0_0_1.o
[2311/4366] Building RCCLDEV object src/CMakeFiles/rccl_device_gfx950.dir/__/hipify/gensrc/specialized/specialized_reduce_ring_ll_sum_bf16_0_0_1.o
[2312/4366] Building RCCLDEV object src/CMakeFiles/rccl_device_gfx950.dir/__/hipify/gensrc/specialized/specialized_allreduce_tree_simple_minmax_bf16_0_1_4.o
[2313/4366] Building RCCLDEV object src/CMakeFiles/rccl_device_gfx950.dir/__/hipify/gensrc/specialized/specialized_reduce_ring_ll_premulsum_u64_0_0_1.o
[2314/4366] Building RCCLDEV object src/CMakeFiles/rccl_device_gfx950.dir/__/hipify/gensrc/specialized/specialized_reduce_ring_ll_prod_f16_0_0_1.o
[2315/4366] Building RCCLDEV object src/CMakeFiles/rccl_device_gfx950.dir/__/hipify/gensrc/specialized/specialized_allreduce_ring_ll_minmax_u8_0_0_2.o
[2316/4366] Building RCCLDEV object src/CMakeFiles/rccl_device_gfx950.dir/__/hipify/gensrc/specialized/specialized_allreduce_ring_ll_sum_u8_1_0_2.o
[2317/4366] Building RCCLDEV object src/CMakeFiles/rccl_device_gfx950.dir/__/hipify/gensrc/specialized/specialized_allreduce_ring_ll_sum_bf16_1_0_2.o
[2318/4366] Building RCCLDEV object src/CMakeFiles/rccl_device_gfx950.dir/__/hipify/gensrc/specialized/specialized_reducescatter_ring_ll_sum_f64_0_0_1.o
[2319/4366] Building RCCLDEV object src/CMakeFiles/rccl_device_gfx950.dir/__/hipify/gensrc/specialized/specialized_allreduce_ring_ll_sum_f32_0_0_2.o
[2320/4366] Building RCCLDEV object src/CMakeFiles/rccl_device_gfx950.dir/__/hipify/gensrc/specialized/specialized_reduce_ring_ll_premulsum_u32_0_0_1.o
[2321/4366] Building RCCLDEV object src/CMakeFiles/rccl_device_gfx950.dir/__/hipify/gensrc/specialized/specialized_allreduce_ring_ll_minmax_f16_1_0_4.o
[2322/4366] Building RCCLDEV object src/CMakeFiles/rccl_device_gfx950.dir/__/hipify/gensrc/specialized/specialized_allreduce_ring_ll_prod_f64_0_0_2.o
[2323/4366] Building RCCLDEV object src/CMakeFiles/rccl_device_gfx950.dir/__/hipify/gensrc/specialized/specialized_allreduce_ring_ll_premulsum_u64_1_0_2.o
[2324/4366] Building RCCLDEV object src/CMakeFiles/rccl_device_gfx950.dir/__/hipify/gensrc/specialized/specialized_allreduce_ring_ll_sum_f64_1_0_2.o
[2325/4366] Building RCCLDEV object src/CMakeFiles/rccl_device_gfx950.dir/__/hipify/gensrc/specialized/specialized_reducescatter_ring_ll_sum_f32_0_0_1.o
[2326/4366] Building RCCLDEV object src/CMakeFiles/rccl_device_gfx950.dir/__/hipify/gensrc/specialized/specialized_allreduce_ring_ll_prod_f32_0_0_2.o
[2327/4366] Building RCCLDEV object src/CMakeFiles/rccl_device_gfx950.dir/__/hipify/gensrc/specialized/specialized_reducescatter_ring_ll_premulsum_f32_0_0_1.o
[2328/4366] Building RCCLDEV object src/CMakeFiles/rccl_device_gfx950.dir/__/hipify/gensrc/specialized/specialized_reduce_ring_ll_minmax_u64_0_0_1.o
[2329/4366] Building RCCLDEV object src/CMakeFiles/rccl_device_gfx950.dir/__/hipify/gensrc/specialized/specialized_allreduce_ring_ll_prod_u32_0_0_2.o
[2330/4366] Building RCCLDEV object src/CMakeFiles/rccl_device_gfx950.dir/__/hipify/gensrc/specialized/specialized_reduce_ring_ll_minmax_f16_0_0_1.o
[2331/4366] Building RCCLDEV object src/CMakeFiles/rccl_device_gfx950.dir/__/hipify/gensrc/specialized/specialized_reducescatter_ring_ll_sum_bf16_0_0_1.o
[2332/4366] Building RCCLDEV object src/CMakeFiles/rccl_device_gfx950.dir/__/hipify/gensrc/specialized/specialized_reducescatter_ring_ll_minmax_u64_0_0_1.o
[2333/4366] Building RCCLDEV object src/CMakeFiles/rccl_device_gfx950.dir/__/hipify/gensrc/specialized/specialized_reducescatter_ring_ll_sumpostdiv_u32_0_0_1.o
[2334/4366] Building RCCLDEV object src/CMakeFiles/rccl_device_gfx950.dir/__/hipify/gensrc/specialized/specialized_allreduce_ring_ll_prod_f32_1_0_2.o
[2335/4366] Building RCCLDEV object src/CMakeFiles/rccl_device_gfx950.dir/__/hipify/gensrc/specialized/specialized_allreduce_ring_ll_minmax_bf16_0_0_2.o
[2336/4366] Building RCCLDEV object src/CMakeFiles/rccl_device_gfx950.dir/__/hipify/gensrc/specialized/specialized_allreduce_ring_ll_premulsum_u32_0_0_2.o
[2337/4366] Building RCCLDEV object src/CMakeFiles/rccl_device_gfx950.dir/__/hipify/gensrc/specialized/specialized_reduce_ring_ll_minmax_f32_0_0_1.o
[2338/4366] Building RCCLDEV object src/CMakeFiles/rccl_device_gfx950.dir/__/hipify/gensrc/specialized/specialized_allreduce_ring_ll_prod_u64_1_0_2.o
[2339/4366] Building RCCLDEV object src/CMakeFiles/rccl_device_gfx950.dir/__/hipify/gensrc/specialized/specialized_allreduce_ring_ll_sum_f32_1_0_2.o
[2340/4366] Building RCCLDEV object src/CMakeFiles/rccl_device_gfx950.dir/__/hipify/gensrc/specialized/specialized_allreduce_ring_simple_minmax_bf16_1_0_2.o
[2341/4366] Building RCCLDEV object src/CMakeFiles/rccl_device_gfx950.dir/__/hipify/gensrc/specialized/specialized_allreduce_ring_ll_sum_u32_1_0_2.o
[2342/4366] Building RCCLDEV object src/CMakeFiles/rccl_device_gfx950.dir/__/hipify/gensrc/specialized/specialized_reducescatter_ring_ll_prod_f16_0_0_1.o
[2343/4366] Building RCCLDEV object src/CMakeFiles/rccl_device_gfx950.dir/__/hipify/gensrc/specialized/specialized_allreduce_ring_ll_minmax_u32_0_0_2.o
[2344/4366] Building RCCLDEV object src/CMakeFiles/rccl_device_gfx950.dir/__/hipify/gensrc/specialized/specialized_allreduce_ring_ll_prod_f16_0_0_2.o
[2345/4366] Building RCCLDEV object src/CMakeFiles/rccl_device_gfx950.dir/__/hipify/gensrc/specialized/specialized_allreduce_ring_simple_minmax_u8_1_0_4.o
[2346/4366] Building RCCLDEV object src/CMakeFiles/rccl_device_gfx950.dir/__/hipify/gensrc/specialized/specialized_allreduce_ring_ll_sumpostdiv_u8_1_0_4.o
[2347/4366] Building RCCLDEV object src/CMakeFiles/rccl_device_gfx950.dir/__/hipify/gensrc/specialized/specialized_reducescatter_ring_ll_sum_u64_0_0_1.o
[2348/4366] Building RCCLDEV object src/CMakeFiles/rccl_device_gfx950.dir/__/hipify/gensrc/specialized/specialized_reduce_ring_ll_minmax_bf16_0_0_1.o
[2349/4366] Building RCCLDEV object src/CMakeFiles/rccl_device_gfx950.dir/__/hipify/gensrc/specialized/specialized_reduce_ring_ll_premulsum_f32_0_0_1.o
[2350/4366] Building RCCLDEV object src/CMakeFiles/rccl_device_gfx950.dir/__/hipify/gensrc/specialized/specialized_reducescatter_ring_ll_sum_u8_0_0_1.o
[2351/4366] Building RCCLDEV object src/CMakeFiles/rccl_device_gfx950.dir/__/hipify/gensrc/specialized/specialized_allreduce_ring_ll_premulsum_f64_0_0_2.o
[2352/4366] Building RCCLDEV object src/CMakeFiles/rccl_device_gfx950.dir/__/hipify/gensrc/specialized/specialized_allreduce_ring_ll_sum_f16_0_0_2.o
[2353/4366] Building RCCLDEV object src/CMakeFiles/rccl_device_gfx950.dir/__/hipify/gensrc/specialized/specialized_allreduce_ring_ll_premulsum_u64_0_0_2.o
[2354/4366] Building RCCLDEV object src/CMakeFiles/rccl_device_gfx950.dir/__/hipify/gensrc/specialized/specialized_allreduce_ring_ll_minmax_f32_0_0_2.o
[2355/4366] Building RCCLDEV object src/CMakeFiles/rccl_device_gfx950.dir/__/hipify/gensrc/specialized/specialized_allreduce_ring_ll_premulsum_u8_0_0_2.o
[2356/4366] Building RCCLDEV object src/CMakeFiles/rccl_device_gfx950.dir/__/hipify/gensrc/specialized/specialized_allreduce_ring_ll_sum_u8_0_0_2.o
[2357/4366] Building RCCLDEV object src/CMakeFiles/rccl_device_gfx950.dir/__/hipify/gensrc/specialized/specialized_reduce_ring_ll_sumpostdiv_u8_0_0_1.o
[2358/4366] Building RCCLDEV object src/CMakeFiles/rccl_device_gfx950.dir/__/hipify/gensrc/specialized/specialized_allreduce_ring_ll_prod_u8_0_0_2.o
[2359/4366] Building RCCLDEV object src/CMakeFiles/rccl_device_gfx950.dir/__/hipify/gensrc/specialized/specialized_reducescatter_ring_ll_prod_u8_0_0_1.o
[2360/4366] Building RCCLDEV object src/CMakeFiles/rccl_device_gfx950.dir/__/hipify/gensrc/specialized/specialized_reducescatter_ring_ll_minmax_u32_0_0_1.o
[2361/4366] Building RCCLDEV object src/CMakeFiles/rccl_device_gfx950.dir/__/hipify/gensrc/specialized/specialized_reducescatter_ring_ll_prod_f32_0_0_1.o
[2362/4366] Building RCCLDEV object src/CMakeFiles/rccl_device_gfx950.dir/__/hipify/gensrc/specialized/specialized_reducescatter_ring_ll_sum_f16_0_0_1.o
[2363/4366] Building RCCLDEV object src/CMakeFiles/rccl_device_gfx950.dir/__/hipify/gensrc/specialized/specialized_allreduce_ring_ll_prod_u32_1_0_2.o
[2364/4366] Building RCCLDEV object src/CMakeFiles/rccl_device_gfx950.dir/__/hipify/gensrc/specialized/specialized_allreduce_ring_ll_prod_bf16_0_0_2.o
[2365/4366] Building RCCLDEV object src/CMakeFiles/rccl_device_gfx950.dir/__/hipify/gensrc/specialized/specialized_allreduce_ring_ll_sumpostdiv_u64_1_0_2.o
[2366/4366] Building RCCLDEV object src/CMakeFiles/rccl_device_gfx950.dir/__/hipify/gensrc/specialized/specialized_allreduce_ring_ll_sumpostdiv_u32_0_0_2.o
[2367/4366] Building RCCLDEV object src/CMakeFiles/rccl_device_gfx950.dir/__/hipify/gensrc/specialized/specialized_reducescatter_ring_ll_prod_bf16_0_0_1.o
[2368/4366] Building RCCLDEV object src/CMakeFiles/rccl_device_gfx950.dir/__/hipify/gensrc/specialized/specialized_reducescatter_ring_ll_prod_u32_0_0_1.o
[2369/4366] Building RCCLDEV object src/CMakeFiles/rccl_device_gfx950.dir/__/hipify/gensrc/specialized/specialized_allreduce_ring_ll_premulsum_f32_0_0_2.o
[2370/4366] Building RCCLDEV object src/CMakeFiles/rccl_device_gfx950.dir/__/hipify/gensrc/specialized/specialized_reducescatter_ring_ll_minmax_f32_0_0_1.o
[2371/4366] Building RCCLDEV object src/CMakeFiles/rccl_device_gfx950.dir/__/hipify/gensrc/specialized/specialized_reducescatter_ring_ll_minmax_u8_0_0_1.o
[2372/4366] Building RCCLDEV object src/CMakeFiles/rccl_device_gfx950.dir/__/hipify/gensrc/specialized/specialized_reducescatter_ring_ll_sumpostdiv_u8_0_0_1.o
[2373/4366] Building RCCLDEV object src/CMakeFiles/rccl_device_gfx950.dir/__/hipify/gensrc/specialized/specialized_allreduce_ring_ll_sum_f16_1_0_2.o
[2374/4366] Building RCCLDEV object src/CMakeFiles/rccl_device_gfx950.dir/__/hipify/gensrc/specialized/specialized_reducescatter_ring_ll_prod_f64_0_0_1.o
[2375/4366] Building RCCLDEV object src/CMakeFiles/rccl_device_gfx950.dir/__/hipify/gensrc/specialized/specialized_allreduce_ring_ll_prod_bf16_1_0_2.o
[2376/4366] Building RCCLDEV object src/CMakeFiles/rccl_device_gfx950.dir/__/hipify/gensrc/specialized/specialized_allreduce_ring_ll_premulsum_f64_1_0_2.o
[2377/4366] Building RCCLDEV object src/CMakeFiles/rccl_device_gfx950.dir/__/hipify/gensrc/specialized/specialized_allgather_ring_ll_sum_i8_0_0_1.o
[2378/4366] Building RCCLDEV object src/CMakeFiles/rccl_device_gfx950.dir/__/hipify/gensrc/specialized/specialized_reducescatter_ring_ll_minmax_f16_0_0_1.o
[2379/4366] Building RCCLDEV object src/CMakeFiles/rccl_device_gfx950.dir/__/hipify/gensrc/specialized/specialized_allreduce_ring_ll_premulsum_u32_1_0_2.o
[2380/4366] Building RCCLDEV object src/CMakeFiles/rccl_device_gfx950.dir/__/hipify/gensrc/specialized/specialized_allreduce_ring_ll_minmax_bf16_1_0_2.o
[2381/4366] Building RCCLDEV object src/CMakeFiles/rccl_device_gfx950.dir/__/hipify/gensrc/specialized/specialized_allreduce_ring_ll_prod_f16_1_0_2.o
[2382/4366] Building RCCLDEV object src/CMakeFiles/rccl_device_gfx950.dir/__/hipify/gensrc/specialized/specialized_reducescatter_ring_ll_premulsum_f64_0_0_1.o
[2383/4366] Building RCCLDEV object src/CMakeFiles/rccl_device_gfx950.dir/__/hipify/gensrc/specialized/specialized_allreduce_ring_ll_sumpostdiv_u8_0_0_2.o
[2384/4366] Building RCCLDEV object src/CMakeFiles/rccl_device_gfx950.dir/__/hipify/gensrc/specialized/specialized_allreduce_ring_ll_sumpostdiv_u64_0_0_2.o
[2385/4366] Building RCCLDEV object src/CMakeFiles/rccl_device_gfx950.dir/__/hipify/gensrc/specialized/specialized_reducescatter_ring_ll_minmax_bf16_0_0_1.o
[2386/4366] Building RCCLDEV object src/CMakeFiles/rccl_device_gfx950.dir/__/hipify/gensrc/specialized/specialized_reducescatter_ring_ll_premulsum_u32_0_0_1.o
[2387/4366] Building RCCLDEV object src/CMakeFiles/rccl_device_gfx950.dir/__/hipify/gensrc/specialized/specialized_reducescatter_ring_ll_premulsum_u8_0_0_1.o
[2388/4366] Building RCCLDEV object src/CMakeFiles/rccl_device_gfx950.dir/__/hipify/gensrc/specialized/specialized_broadcast_ring_ll_sum_i8_0_0_1.o
[2389/4366] Building RCCLDEV object src/CMakeFiles/rccl_device_gfx950.dir/__/hipify/gensrc/specialized/specialized_reducescatter_ring_ll_premulsum_f16_0_0_1.o
[2390/4366] Building RCCLDEV object src/CMakeFiles/rccl_device_gfx950.dir/__/hipify/gensrc/specialized/specialized_allreduce_ring_ll_minmax_u32_1_0_2.o
[2391/4366] Building RCCLDEV object src/CMakeFiles/rccl_device_gfx950.dir/__/hipify/gensrc/specialized/specialized_allreduce_ring_simple_prod_f64_0_0_1.o
[2392/4366] Building RCCLDEV object src/CMakeFiles/rccl_device_gfx950.dir/__/hipify/gensrc/specialized/specialized_allreduce_ring_ll_premulsum_f32_1_0_2.o
[2393/4366] Building RCCLDEV object src/CMakeFiles/rccl_device_gfx950.dir/__/hipify/gensrc/specialized/specialized_allreduce_ring_simple_sum_f64_0_0_1.o
[2394/4366] Building RCCLDEV object src/CMakeFiles/rccl_device_gfx950.dir/__/hipify/gensrc/specialized/specialized_reducescatter_ring_ll_sumpostdiv_u64_0_0_1.o
[2395/4366] Building RCCLDEV object src/CMakeFiles/rccl_device_gfx950.dir/__/hipify/gensrc/specialized/specialized_allreduce_ring_ll_premulsum_f16_1_0_2.o
[2396/4366] Building RCCLDEV object src/CMakeFiles/rccl_device_gfx950.dir/__/hipify/gensrc/specialized/specialized_allreduce_ring_simple_sum_bf16_0_1_2.o
[2397/4366] Building RCCLDEV object src/CMakeFiles/rccl_device_gfx950.dir/__/hipify/gensrc/specialized/specialized_allreduce_ring_ll_minmax_f16_0_0_2.o
[2398/4366] Building RCCLDEV object src/CMakeFiles/rccl_device_gfx950.dir/__/hipify/gensrc/specialized/specialized_allreduce_ring_ll_premulsum_bf16_0_0_2.o
[2399/4366] Building RCCLDEV object src/CMakeFiles/rccl_device_gfx950.dir/__/hipify/gensrc/specialized/specialized_allreduce_ring_ll_sumpostdiv_u32_1_0_2.o
[2400/4366] Building RCCLDEV object src/CMakeFiles/rccl_device_gfx950.dir/__/hipify/gensrc/specialized/specialized_allreduce_ring_simple_sum_f32_0_0_1.o
[2401/4366] Building RCCLDEV object src/CMakeFiles/rccl_device_gfx950.dir/__/hipify/gensrc/specialized/specialized_reducescatter_pat_simple_minmax_f16_0_0_4.o
[2402/4366] Building RCCLDEV object src/CMakeFiles/rccl_device_gfx950.dir/__/hipify/gensrc/specialized/specialized_allreduce_ring_simple_premulsum_u32_0_0_1.o
[2403/4366] Building RCCLDEV object src/CMakeFiles/rccl_device_gfx950.dir/__/hipify/gensrc/specialized/specialized_allreduce_ring_ll_premulsum_f16_0_0_2.o
[2404/4366] Building RCCLDEV object src/CMakeFiles/rccl_device_gfx950.dir/__/hipify/gensrc/specialized/specialized_reducescatter_pat_ll_sum_u32_0_0_4.o
[2405/4366] Building RCCLDEV object src/CMakeFiles/rccl_device_gfx950.dir/__/hipify/gensrc/specialized/specialized_allreduce_ring_ll_minmax_f16_1_0_2.o
[2406/4366] Building RCCLDEV object src/CMakeFiles/rccl_device_gfx950.dir/__/hipify/gensrc/specialized/specialized_allreduce_ring_simple_prod_f16_0_0_1.o
[2407/4366] Building RCCLDEV object src/CMakeFiles/rccl_device_gfx950.dir/__/hipify/gensrc/specialized/specialized_allreduce_ring_ll_prod_u8_1_0_2.o
[2408/4366] Building RCCLDEV object src/CMakeFiles/rccl_device_gfx950.dir/__/hipify/gensrc/specialized/specialized_reducescatter_ring_ll_premulsum_bf16_0_0_1.o
[2409/4366] Building RCCLDEV object src/CMakeFiles/rccl_device_gfx950.dir/__/hipify/gensrc/specialized/specialized_allreduce_ring_ll_minmax_u8_1_0_2.o
[2410/4366] Building RCCLDEV object src/CMakeFiles/rccl_device_gfx950.dir/__/hipify/gensrc/specialized/specialized_reducescatter_pat_ll_sum_u8_0_0_4.o
[2411/4366] Building RCCLDEV object src/CMakeFiles/rccl_device_gfx950.dir/__/hipify/gensrc/specialized/specialized_allreduce_ring_ll_premulsum_bf16_1_0_2.o
[2412/4366] Building RCCLDEV object src/CMakeFiles/rccl_device_gfx950.dir/__/hipify/gensrc/specialized/specialized_allreduce_ring_ll_sumpostdiv_u8_1_0_2.o
[2413/4366] Building RCCLDEV object src/CMakeFiles/rccl_device_gfx950.dir/__/hipify/gensrc/specialized/specialized_allreduce_ring_ll_sum_u64_1_0_1.o
[2414/4366] Building RCCLDEV object src/CMakeFiles/rccl_device_gfx950.dir/__/hipify/gensrc/specialized/specialized_allreduce_ring_simple_prod_u64_0_0_1.o
[2415/4366] Building RCCLDEV object src/CMakeFiles/rccl_device_gfx950.dir/__/hipify/gensrc/specialized/specialized_allreduce_ring_ll_sum_u64_0_0_1.o
[2416/4366] Building RCCLDEV object src/CMakeFiles/rccl_device_gfx950.dir/__/hipify/gensrc/specialized/specialized_allreduce_ring_simple_sum_u64_0_0_1.o
[2417/4366] Building RCCLDEV object src/CMakeFiles/rccl_device_gfx950.dir/__/hipify/gensrc/specialized/specialized_reducescatter_pat_ll_minmax_u32_0_0_4.o
[2418/4366] Building RCCLDEV object src/CMakeFiles/rccl_device_gfx950.dir/__/hipify/gensrc/specialized/specialized_reducescatter_pat_ll_minmax_f16_0_0_4.o
[2419/4366] Building RCCLDEV object src/CMakeFiles/rccl_device_gfx950.dir/__/hipify/gensrc/specialized/specialized_allreduce_ring_ll_premulsum_u8_1_0_2.o
[2420/4366] Building RCCLDEV object src/CMakeFiles/rccl_device_gfx950.dir/__/hipify/gensrc/specialized/specialized_reducescatter_pat_ll_sum_u64_0_0_2.o
[2421/4366] Building RCCLDEV object src/CMakeFiles/rccl_device_gfx950.dir/__/hipify/gensrc/specialized/specialized_reducescatter_pat_ll_sum_f16_0_0_2.o
[2422/4366] Building RCCLDEV object src/CMakeFiles/rccl_device_gfx950.dir/__/hipify/gensrc/specialized/specialized_allreduce_ring_simple_prod_f32_0_0_1.o
[2423/4366] Building RCCLDEV object src/CMakeFiles/rccl_device_gfx950.dir/__/hipify/gensrc/specialized/specialized_allreduce_ring_ll_sum_u32_1_0_1.o
[2424/4366] Building RCCLDEV object src/CMakeFiles/rccl_device_gfx950.dir/__/hipify/gensrc/specialized/specialized_reducescatter_pat_ll_prod_u32_0_0_4.o
[2425/4366] Building RCCLDEV object src/CMakeFiles/rccl_device_gfx950.dir/__/hipify/gensrc/specialized/specialized_reducescatter_pat_ll_sum_f64_0_0_4.o
[2426/4366] Building RCCLDEV object src/CMakeFiles/rccl_device_gfx950.dir/__/hipify/gensrc/specialized/specialized_allreduce_ring_simple_sum_bf16_0_0_1.o
[2427/4366] Building RCCLDEV object src/CMakeFiles/rccl_device_gfx950.dir/__/hipify/gensrc/specialized/specialized_reducescatter_pat_ll_sum_f32_0_0_4.o
[2428/4366] Building RCCLDEV object src/CMakeFiles/rccl_device_gfx950.dir/__/hipify/gensrc/specialized/specialized_reducescatter_pat_ll_prod_f64_0_0_4.o
[2429/4366] Building RCCLDEV object src/CMakeFiles/rccl_device_gfx950.dir/__/hipify/gensrc/specialized/specialized_allreduce_ring_simple_prod_bf16_0_0_1.o
[2430/4366] Building RCCLDEV object src/CMakeFiles/rccl_device_gfx950.dir/__/hipify/gensrc/specialized/specialized_reducescatter_pat_ll_sum_bf16_0_0_4.o
[2431/4366] Building RCCLDEV object src/CMakeFiles/rccl_device_gfx950.dir/__/hipify/gensrc/specialized/specialized_reducescatter_pat_ll_prod_u8_0_0_4.o
[2432/4366] Building RCCLDEV object src/CMakeFiles/rccl_device_gfx950.dir/__/hipify/gensrc/specialized/specialized_reducescatter_pat_ll_prod_u64_0_0_2.o
[2433/4366] Building RCCLDEV object src/CMakeFiles/rccl_device_gfx950.dir/__/hipify/gensrc/specialized/specialized_reducescatter_pat_ll_prod_bf16_0_0_4.o
[2434/4366] Building RCCLDEV object src/CMakeFiles/rccl_device_gfx950.dir/__/hipify/gensrc/specialized/specialized_allreduce_ring_simple_sum_u32_1_0_1.o
[2435/4366] Building RCCLDEV object src/CMakeFiles/rccl_device_gfx950.dir/__/hipify/gensrc/specialized/specialized_reducescatter_pat_ll_minmax_f32_0_0_2.o
[2436/4366] Building RCCLDEV object src/CMakeFiles/rccl_device_gfx950.dir/__/hipify/gensrc/specialized/specialized_reducescatter_pat_ll_prod_u64_0_0_4.o
[2437/4366] Building RCCLDEV object src/CMakeFiles/rccl_device_gfx950.dir/__/hipify/gensrc/specialized/specialized_allreduce_ring_ll_sum_f16_0_0_1.o
[2438/4366] Building RCCLDEV object src/CMakeFiles/rccl_device_gfx950.dir/__/hipify/gensrc/specialized/specialized_reducescatter_pat_ll_minmax_u8_0_0_4.o
[2439/4366] Building RCCLDEV object src/CMakeFiles/rccl_device_gfx950.dir/__/hipify/gensrc/specialized/specialized_reducescatter_pat_ll_minmax_f64_0_0_4.o
[2440/4366] Building RCCLDEV object src/CMakeFiles/rccl_device_gfx950.dir/__/hipify/gensrc/specialized/specialized_reducescatter_pat_ll_minmax_bf16_0_0_4.o
[2441/4366] Building RCCLDEV object src/CMakeFiles/rccl_device_gfx950.dir/__/hipify/gensrc/specialized/specialized_reducescatter_pat_ll_minmax_f16_0_0_2.o
[2442/4366] Building RCCLDEV object src/CMakeFiles/rccl_device_gfx950.dir/__/hipify/gensrc/specialized/specialized_allreduce_ring_simple_minmax_f16_0_0_2.o
[2443/4366] Building RCCLDEV object src/CMakeFiles/rccl_device_gfx950.dir/__/hipify/gensrc/specialized/specialized_allreduce_ring_simple_sum_u8_0_0_1.o
[2444/4366] Building RCCLDEV object src/CMakeFiles/rccl_device_gfx950.dir/__/hipify/gensrc/specialized/specialized_reducescatter_pat_ll_sum_u32_0_0_2.o
[2445/4366] Building RCCLDEV object src/CMakeFiles/rccl_device_gfx950.dir/__/hipify/gensrc/specialized/specialized_reducescatter_pat_ll_minmax_f32_0_0_4.o
[2446/4366] Building RCCLDEV object src/CMakeFiles/rccl_device_gfx950.dir/__/hipify/gensrc/specialized/specialized_reducescatter_pat_ll_minmax_u64_0_0_4.o
[2447/4366] Building RCCLDEV object src/CMakeFiles/rccl_device_gfx950.dir/__/hipify/gensrc/specialized/specialized_reducescatter_pat_ll_prod_f64_0_0_2.o
[2448/4366] Building RCCLDEV object src/CMakeFiles/rccl_device_gfx950.dir/__/hipify/gensrc/specialized/specialized_allreduce_ring_simple_minmax_bf16_0_0_1.o
[2449/4366] Building RCCLDEV object src/CMakeFiles/rccl_device_gfx950.dir/__/hipify/gensrc/specialized/specialized_reducescatter_pat_ll_premulsum_u32_0_0_4.o
[2450/4366] Building RCCLDEV object src/CMakeFiles/rccl_device_gfx950.dir/__/hipify/gensrc/specialized/specialized_allreduce_ring_simple_sum_u64_1_0_1.o
[2451/4366] Building RCCLDEV object src/CMakeFiles/rccl_device_gfx950.dir/__/hipify/gensrc/specialized/specialized_allreduce_ring_ll_sum_u32_0_0_1.o
[2452/4366] Building RCCLDEV object src/CMakeFiles/rccl_device_gfx950.dir/__/hipify/gensrc/specialized/specialized_allgather_pat_ll_sum_i8_0_0_4.o
[2453/4366] Building RCCLDEV object src/CMakeFiles/rccl_device_gfx950.dir/__/hipify/gensrc/specialized/specialized_reducescatter_pat_ll_sum_f64_0_0_2.o
[2454/4366] Building RCCLDEV object src/CMakeFiles/rccl_device_gfx950.dir/__/hipify/gensrc/specialized/specialized_allreduce_ring_ll_sum_u8_0_0_1.o
[2455/4366] Building RCCLDEV object src/CMakeFiles/rccl_device_gfx950.dir/__/hipify/gensrc/specialized/specialized_reducescatter_pat_ll_sum_u64_0_0_4.o
[2456/4366] Building RCCLDEV object src/CMakeFiles/rccl_device_gfx950.dir/__/hipify/gensrc/specialized/specialized_reducescatter_pat_ll_prod_u8_0_0_2.o
[2457/4366] Building RCCLDEV object src/CMakeFiles/rccl_device_gfx950.dir/__/hipify/gensrc/specialized/specialized_reducescatter_pat_ll_prod_f16_0_0_4.o
[2458/4366] Building RCCLDEV object src/CMakeFiles/rccl_device_gfx950.dir/__/hipify/gensrc/specialized/specialized_reducescatter_pat_ll_minmax_f64_0_0_2.o
[2459/4366] Building RCCLDEV object src/CMakeFiles/rccl_device_gfx950.dir/__/hipify/gensrc/specialized/specialized_reducescatter_pat_ll_prod_f32_0_0_4.o
[2460/4366] Building RCCLDEV object src/CMakeFiles/rccl_device_gfx950.dir/__/hipify/gensrc/specialized/specialized_reducescatter_pat_ll_sum_f16_0_0_4.o
[2461/4366] Building RCCLDEV object src/CMakeFiles/rccl_device_gfx950.dir/__/hipify/gensrc/specialized/specialized_reducescatter_pat_ll_sum_f16_0_0_1.o
[2462/4366] Building RCCLDEV object src/CMakeFiles/rccl_device_gfx950.dir/__/hipify/gensrc/specialized/specialized_reducescatter_pat_ll_prod_f16_0_0_2.o
[2463/4366] Building RCCLDEV object src/CMakeFiles/rccl_device_gfx950.dir/__/hipify/gensrc/specialized/specialized_reducescatter_pat_ll_prod_bf16_0_0_2.o
[2464/4366] Building RCCLDEV object src/CMakeFiles/rccl_device_gfx950.dir/__/hipify/gensrc/specialized/specialized_reducescatter_pat_ll_sum_bf16_0_0_2.o
[2465/4366] Building RCCLDEV object src/CMakeFiles/rccl_device_gfx950.dir/__/hipify/gensrc/specialized/specialized_reducescatter_pat_ll_premulsum_u8_0_0_4.o
[2466/4366] Building RCCLDEV object src/CMakeFiles/rccl_device_gfx950.dir/__/hipify/gensrc/specialized/specialized_allreduce_ring_simple_sum_f32_1_0_1.o
[2467/4366] Building RCCLDEV object src/CMakeFiles/rccl_device_gfx950.dir/__/hipify/gensrc/specialized/specialized_reducescatter_pat_ll_minmax_u32_0_0_2.o
[2468/4366] Building RCCLDEV object src/CMakeFiles/rccl_device_gfx950.dir/__/hipify/gensrc/specialized/specialized_allreduce_ring_simple_premulsum_bf16_1_1_2.o
[2469/4366] Building RCCLDEV object src/CMakeFiles/rccl_device_gfx950.dir/__/hipify/gensrc/specialized/specialized_reducescatter_pat_ll_prod_f32_0_0_2.o
[2470/4366] Building RCCLDEV object src/CMakeFiles/rccl_device_gfx950.dir/__/hipify/gensrc/specialized/specialized_reducescatter_pat_ll_sumpostdiv_u64_0_0_2.o
[2471/4366] Building RCCLDEV object src/CMakeFiles/rccl_device_gfx950.dir/__/hipify/gensrc/specialized/specialized_reducescatter_pat_ll_prod_u64_0_0_1.o
[2472/4366] Building RCCLDEV object src/CMakeFiles/rccl_device_gfx950.dir/__/hipify/gensrc/specialized/specialized_reducescatter_pat_ll_sum_f32_0_0_2.o
[2473/4366] Building RCCLDEV object src/CMakeFiles/rccl_device_gfx950.dir/__/hipify/gensrc/specialized/specialized_reducescatter_pat_ll_premulsum_u32_0_0_2.o
[2474/4366] Building RCCLDEV object src/CMakeFiles/rccl_device_gfx950.dir/__/hipify/gensrc/specialized/specialized_reducescatter_pat_ll_sum_bf16_0_0_1.o
[2475/4366] Building RCCLDEV object src/CMakeFiles/rccl_device_gfx950.dir/__/hipify/gensrc/specialized/specialized_reducescatter_pat_ll_premulsum_f16_0_0_2.o
[2476/4366] Building RCCLDEV object src/CMakeFiles/rccl_device_gfx950.dir/__/hipify/gensrc/specialized/specialized_reducescatter_pat_ll_sum_f32_0_0_1.o
[2477/4366] Building RCCLDEV object src/CMakeFiles/rccl_device_gfx950.dir/__/hipify/gensrc/specialized/specialized_reducescatter_pat_ll_premulsum_u64_0_0_2.o
[2478/4366] Building RCCLDEV object src/CMakeFiles/rccl_device_gfx950.dir/__/hipify/gensrc/specialized/specialized_reducescatter_pat_ll_prod_bf16_0_0_1.o
[2479/4366] Building RCCLDEV object src/CMakeFiles/rccl_device_gfx950.dir/__/hipify/gensrc/specialized/specialized_allreduce_ring_ll_sum_f32_0_0_1.o
[2480/4366] Building RCCLDEV object src/CMakeFiles/rccl_device_gfx950.dir/__/hipify/gensrc/specialized/specialized_reducescatter_pat_ll_prod_u8_0_0_1.o
[2481/4366] Building RCCLDEV object src/CMakeFiles/rccl_device_gfx950.dir/__/hipify/gensrc/specialized/specialized_reducescatter_pat_ll_minmax_bf16_0_0_2.o
[2482/4366] Building RCCLDEV object src/CMakeFiles/rccl_device_gfx950.dir/__/hipify/gensrc/specialized/specialized_reducescatter_pat_ll_prod_u32_0_0_2.o
[2483/4366] Building RCCLDEV object src/CMakeFiles/rccl_device_gfx950.dir/__/hipify/gensrc/specialized/specialized_reducescatter_pat_ll_minmax_u64_0_0_2.o
[2484/4366] Building RCCLDEV object src/CMakeFiles/rccl_device_gfx950.dir/__/hipify/gensrc/specialized/specialized_allreduce_ring_simple_minmax_f32_0_0_1.o
[2485/4366] Building RCCLDEV object src/CMakeFiles/rccl_device_gfx950.dir/__/hipify/gensrc/specialized/specialized_reducescatter_pat_ll_premulsum_bf16_0_0_2.o
[2486/4366] Building RCCLDEV object src/CMakeFiles/rccl_device_gfx950.dir/__/hipify/gensrc/specialized/specialized_reducescatter_pat_ll_minmax_u8_0_0_2.o
[2487/4366] Building RCCLDEV object src/CMakeFiles/rccl_device_gfx950.dir/__/hipify/gensrc/specialized/specialized_reducescatter_pat_ll_sumpostdiv_u32_0_0_2.o
[2488/4366] Building RCCLDEV object src/CMakeFiles/rccl_device_gfx950.dir/__/hipify/gensrc/specialized/specialized_reducescatter_pat_ll_premulsum_f64_0_0_2.o
[2489/4366] Building RCCLDEV object src/CMakeFiles/rccl_device_gfx950.dir/__/hipify/gensrc/specialized/specialized_reducescatter_pat_ll_sumpostdiv_u8_0_0_2.o
[2490/4366] Building RCCLDEV object src/CMakeFiles/rccl_device_gfx950.dir/__/hipify/gensrc/specialized/specialized_allreduce_ring_ll_sum_f64_0_0_1.o
[2491/4366] Building RCCLDEV object src/CMakeFiles/rccl_device_gfx950.dir/__/hipify/gensrc/specialized/specialized_reducescatter_pat_ll_minmax_u64_0_0_1.o
[2492/4366] Building RCCLDEV object src/CMakeFiles/rccl_device_gfx950.dir/__/hipify/gensrc/specialized/specialized_allreduce_ring_simple_minmax_bf16_1_1_2.o
[2493/4366] Building RCCLDEV object src/CMakeFiles/rccl_device_gfx950.dir/__/hipify/gensrc/specialized/specialized_allreduce_ring_simple_minmax_u32_0_0_1.o
[2494/4366] Building RCCLDEV object src/CMakeFiles/rccl_device_gfx950.dir/__/hipify/gensrc/specialized/specialized_allgather_pat_ll_sum_i8_0_0_1.o
[2495/4366] Building RCCLDEV object src/CMakeFiles/rccl_device_gfx950.dir/__/hipify/gensrc/specialized/specialized_reducescatter_pat_ll_premulsum_u8_0_0_2.o
[2496/4366] Building RCCLDEV object src/CMakeFiles/rccl_device_gfx950.dir/__/hipify/gensrc/specialized/specialized_reducescatter_pat_ll_sum_u64_0_0_1.o
[2497/4366] Building RCCLDEV object src/CMakeFiles/rccl_device_gfx950.dir/__/hipify/gensrc/specialized/specialized_allreduce_ring_simple_prod_u64_1_0_1.o
[2498/4366] Building RCCLDEV object src/CMakeFiles/rccl_device_gfx950.dir/__/hipify/gensrc/specialized/specialized_allreduce_ring_simple_minmax_f64_0_0_1.o
[2499/4366] Building RCCLDEV object src/CMakeFiles/rccl_device_gfx950.dir/__/hipify/gensrc/specialized/specialized_reducescatter_pat_ll_minmax_f64_0_0_1.o
[2500/4366] Building RCCLDEV object src/CMakeFiles/rccl_device_gfx950.dir/__/hipify/gensrc/specialized/specialized_reducescatter_pat_ll_sum_f64_0_0_1.o
[2501/4366] Building RCCLDEV object src/CMakeFiles/rccl_device_gfx950.dir/__/hipify/gensrc/specialized/specialized_reducescatter_pat_ll_premulsum_f32_0_0_2.o
[2502/4366] Building RCCLDEV object src/CMakeFiles/rccl_device_gfx950.dir/__/hipify/gensrc/specialized/specialized_reducescatter_pat_ll_premulsum_f32_0_0_1.o
[2503/4366] Building RCCLDEV object src/CMakeFiles/rccl_device_gfx950.dir/__/hipify/gensrc/specialized/specialized_reducescatter_pat_ll_prod_f16_0_0_1.o
[2504/4366] Building RCCLDEV object src/CMakeFiles/rccl_device_gfx950.dir/__/hipify/gensrc/specialized/specialized_allreduce_ring_ll_sum_u8_1_0_1.o
[2505/4366] Building RCCLDEV object src/CMakeFiles/rccl_device_gfx950.dir/__/hipify/gensrc/specialized/specialized_allreduce_ring_ll_sum_f16_1_0_1.o
[2506/4366] Building RCCLDEV object src/CMakeFiles/rccl_device_gfx950.dir/__/hipify/gensrc/specialized/specialized_reducescatter_pat_ll_minmax_bf16_0_0_1.o
[2507/4366] Building RCCLDEV object src/CMakeFiles/rccl_device_gfx950.dir/__/hipify/gensrc/specialized/specialized_reducescatter_pat_ll_sum_u8_0_0_1.o
[2508/4366] Building RCCLDEV object src/CMakeFiles/rccl_device_gfx950.dir/__/hipify/gensrc/specialized/specialized_allreduce_ring_simple_prod_u32_1_0_1.o
[2509/4366] Building RCCLDEV object src/CMakeFiles/rccl_device_gfx950.dir/__/hipify/gensrc/specialized/specialized_reducescatter_pat_ll_premulsum_u8_0_0_1.o
[2510/4366] Building RCCLDEV object src/CMakeFiles/rccl_device_gfx950.dir/__/hipify/gensrc/specialized/specialized_reducescatter_pat_ll_sum_u32_0_0_1.o
[2511/4366] Building RCCLDEV object src/CMakeFiles/rccl_device_gfx950.dir/__/hipify/gensrc/specialized/specialized_allreduce_ring_simple_premulsum_f64_0_0_1.o
[2512/4366] Building RCCLDEV object src/CMakeFiles/rccl_device_gfx950.dir/__/hipify/gensrc/specialized/specialized_reducescatter_pat_ll_sumpostdiv_u8_0_0_1.o
[2513/4366] Building RCCLDEV object src/CMakeFiles/rccl_device_gfx950.dir/__/hipify/gensrc/specialized/specialized_reducescatter_pat_ll_sumpostdiv_u64_0_0_1.o
[2514/4366] Building RCCLDEV object src/CMakeFiles/rccl_device_gfx950.dir/__/hipify/gensrc/specialized/specialized_reducescatter_pat_ll_premulsum_bf16_0_0_1.o
[2515/4366] Building RCCLDEV object src/CMakeFiles/rccl_device_gfx950.dir/__/hipify/gensrc/specialized/specialized_reducescatter_pat_ll_prod_u32_0_0_1.o
[2516/4366] Building RCCLDEV object src/CMakeFiles/rccl_device_gfx950.dir/__/hipify/gensrc/specialized/specialized_reducescatter_pat_ll_premulsum_u64_0_0_1.o
[2517/4366] Building RCCLDEV object src/CMakeFiles/rccl_device_gfx950.dir/__/hipify/gensrc/specialized/specialized_allreduce_ring_simple_minmax_u64_1_0_1.o
[2518/4366] Building RCCLDEV object src/CMakeFiles/rccl_device_gfx950.dir/__/hipify/gensrc/specialized/specialized_reducescatter_pat_ll_premulsum_u32_0_0_1.o
[2519/4366] Building RCCLDEV object src/CMakeFiles/rccl_device_gfx950.dir/__/hipify/gensrc/specialized/specialized_reducescatter_pat_ll_prod_f64_0_0_1.o
[2520/4366] Building RCCLDEV object src/CMakeFiles/rccl_device_gfx950.dir/__/hipify/gensrc/specialized/specialized_allreduce_ring_simple_premulsum_u8_1_0_2.o
[2521/4366] Building RCCLDEV object src/CMakeFiles/rccl_device_gfx950.dir/__/hipify/gensrc/specialized/specialized_reducescatter_pat_ll_minmax_f32_0_0_1.o
[2522/4366] Building RCCLDEV object src/CMakeFiles/rccl_device_gfx950.dir/__/hipify/gensrc/specialized/specialized_reducescatter_pat_ll_minmax_u8_0_0_1.o
[2523/4366] Building RCCLDEV object src/CMakeFiles/rccl_device_gfx950.dir/__/hipify/gensrc/specialized/specialized_allreduce_ring_simple_prod_f32_1_0_1.o
[2524/4366] Building RCCLDEV object src/CMakeFiles/rccl_device_gfx950.dir/__/hipify/gensrc/specialized/specialized_allgatherv_ring_ll_sum_i8_0_0_1.o
[2525/4366] Building RCCLDEV object src/CMakeFiles/rccl_device_gfx950.dir/__/hipify/gensrc/specialized/specialized_reducescatter_pat_ll_prod_f32_0_0_1.o
[2526/4366] Building RCCLDEV object src/CMakeFiles/rccl_device_gfx950.dir/__/hipify/gensrc/specialized/specialized_reducescatter_pat_ll_minmax_u32_0_0_1.o
[2527/4366] Building RCCLDEV object src/CMakeFiles/rccl_device_gfx950.dir/__/hipify/gensrc/specialized/specialized_allreduce_ring_simple_premulsum_f32_0_0_1.o
[2528/4366] Building RCCLDEV object src/CMakeFiles/rccl_device_gfx950.dir/__/hipify/gensrc/specialized/specialized_allreduce_ring_simple_sum_f16_1_0_1.o
[2529/4366] Building RCCLDEV object src/CMakeFiles/rccl_device_gfx950.dir/__/hipify/gensrc/specialized/specialized_reducescatter_pat_ll_minmax_f16_0_0_1.o
[2530/4366] Building RCCLDEV object src/CMakeFiles/rccl_device_gfx950.dir/__/hipify/gensrc/specialized/specialized_allreduce_ring_simple_premulsum_u64_0_0_1.o
[2531/4366] Building RCCLDEV object src/CMakeFiles/rccl_device_gfx950.dir/__/hipify/gensrc/specialized/specialized_reducescatter_pat_ll_sumpostdiv_u32_0_0_1.o
[2532/4366] Building RCCLDEV object src/CMakeFiles/rccl_device_gfx950.dir/__/hipify/gensrc/specialized/specialized_allreduce_ring_simple_minmax_u64_0_0_1.o
[2533/4366] Building RCCLDEV object src/CMakeFiles/rccl_device_gfx950.dir/__/hipify/gensrc/specialized/specialized_reducescatter_pat_ll_premulsum_f16_0_0_1.o
[2534/4366] Building RCCLDEV object src/CMakeFiles/rccl_device_gfx950.dir/__/hipify/gensrc/specialized/specialized_allreduce_ring_simple_prod_f64_1_0_1.o
[2535/4366] Building RCCLDEV object src/CMakeFiles/rccl_device_gfx950.dir/__/hipify/gensrc/specialized/specialized_allreduce_ring_simple_premulsum_u32_1_0_1.o
[2536/4366] Building RCCLDEV object src/CMakeFiles/rccl_device_gfx950.dir/__/hipify/gensrc/specialized/specialized_allreduce_ring_simple_sum_f64_1_0_1.o
[2537/4366] Building RCCLDEV object src/CMakeFiles/rccl_device_gfx950.dir/__/hipify/gensrc/specialized/specialized_allreduce_ring_simple_premulsum_u64_1_0_1.o
[2538/4366] Building RCCLDEV object src/CMakeFiles/rccl_device_gfx950.dir/__/hipify/gensrc/specialized/specialized_allreduce_ring_ll_prod_f64_1_0_1.o
[2539/4366] Building RCCLDEV object src/CMakeFiles/rccl_device_gfx950.dir/__/hipify/gensrc/specialized/specialized_allreduce_ring_simple_sum_f16_0_0_1.o
[2540/4366] Building RCCLDEV object src/CMakeFiles/rccl_device_gfx950.dir/__/hipify/gensrc/specialized/specialized_reducescatter_pat_ll_premulsum_f64_0_0_1.o
[2541/4366] Building RCCLDEV object src/CMakeFiles/rccl_device_gfx950.dir/__/hipify/gensrc/specialized/specialized_allreduce_ring_ll_minmax_u64_1_0_1.o
[2542/4366] Building RCCLDEV object src/CMakeFiles/rccl_device_gfx950.dir/__/hipify/gensrc/specialized/specialized_allreduce_ring_ll_premulsum_f64_1_0_1.o
[2543/4366] Building RCCLDEV object src/CMakeFiles/rccl_device_gfx950.dir/__/hipify/gensrc/specialized/specialized_allreduce_ring_ll_premulsum_u64_1_0_1.o
[2544/4366] Building RCCLDEV object src/CMakeFiles/rccl_device_gfx950.dir/__/hipify/gensrc/specialized/specialized_allreduce_ring_simple_premulsum_bf16_0_0_1.o
[2545/4366] Building RCCLDEV object src/CMakeFiles/rccl_device_gfx950.dir/__/hipify/gensrc/specialized/specialized_allreduce_ring_simple_prod_f16_1_0_1.o
[2546/4366] Building RCCLDEV object src/CMakeFiles/rccl_device_gfx950.dir/__/hipify/gensrc/specialized/specialized_allreduce_ring_ll_prod_u64_0_0_1.o
[2547/4366] Building RCCLDEV object src/CMakeFiles/rccl_device_gfx950.dir/__/hipify/gensrc/specialized/specialized_allreduce_ring_simple_prod_bf16_1_0_1.o
[2548/4366] Building RCCLDEV object src/CMakeFiles/rccl_device_gfx950.dir/__/hipify/gensrc/specialized/specialized_allreduce_ring_ll_premulsum_f32_0_0_1.o
[2549/4366] Building RCCLDEV object src/CMakeFiles/rccl_device_gfx950.dir/__/hipify/gensrc/specialized/specialized_allreduce_ring_ll_minmax_f64_0_0_1.o
[2550/4366] Building RCCLDEV object src/CMakeFiles/rccl_device_gfx950.dir/__/hipify/gensrc/specialized/specialized_allreduce_ring_ll_prod_bf16_0_0_1.o
[2551/4366] Building RCCLDEV object src/CMakeFiles/rccl_device_gfx950.dir/__/hipify/gensrc/specialized/specialized_allreduce_ring_ll_premulsum_u32_1_0_1.o
[2552/4366] Building RCCLDEV object src/CMakeFiles/rccl_device_gfx950.dir/__/hipify/gensrc/specialized/specialized_allreduce_ring_ll_minmax_u32_1_0_1.o
[2553/4366] Building RCCLDEV object src/CMakeFiles/rccl_device_gfx950.dir/__/hipify/gensrc/specialized/specialized_allreduce_ring_simple_sum_bf16_1_0_1.o
[2554/4366] Building RCCLDEV object src/CMakeFiles/rccl_device_gfx950.dir/__/hipify/gensrc/specialized/specialized_allreduce_ring_simple_prod_u8_0_0_1.o
[2555/4366] Building RCCLDEV object src/CMakeFiles/rccl_device_gfx950.dir/__/hipify/gensrc/specialized/specialized_allreduce_ring_ll_sum_bf16_0_0_1.o
[2556/4366] Building RCCLDEV object src/CMakeFiles/rccl_device_gfx950.dir/__/hipify/gensrc/specialized/specialized_allreduce_ring_ll_premulsum_u32_0_0_1.o
[2557/4366] Building RCCLDEV object src/CMakeFiles/rccl_device_gfx950.dir/__/hipify/gensrc/specialized/specialized_allreduce_ring_ll_minmax_f32_0_0_1.o
[2558/4366] Building RCCLDEV object src/CMakeFiles/rccl_device_gfx950.dir/__/hipify/gensrc/specialized/specialized_allreduce_ring_ll_prod_u32_0_0_1.o
[2559/4366] Building RCCLDEV object src/CMakeFiles/rccl_device_gfx950.dir/__/hipify/gensrc/specialized/specialized_allreduce_ring_simple_sumpostdiv_u8_0_0_2.o
[2560/4366] Building RCCLDEV object src/CMakeFiles/rccl_device_gfx950.dir/__/hipify/gensrc/specialized/specialized_allreduce_ring_ll_premulsum_f16_0_0_1.o
[2561/4366] Building RCCLDEV object src/CMakeFiles/rccl_device_gfx950.dir/__/hipify/gensrc/specialized/specialized_allreduce_ring_ll_minmax_f64_1_0_1.o
[2562/4366] Building RCCLDEV object src/CMakeFiles/rccl_device_gfx950.dir/__/hipify/gensrc/specialized/specialized_allreduce_ring_ll_premulsum_bf16_1_0_1.o
[2563/4366] Building RCCLDEV object src/CMakeFiles/rccl_device_gfx950.dir/__/hipify/gensrc/specialized/specialized_allreduce_ring_ll_minmax_u8_0_0_1.o
[2564/4366] Building RCCLDEV object src/CMakeFiles/rccl_device_gfx950.dir/__/hipify/gensrc/specialized/specialized_allreduce_ring_simple_minmax_u8_0_0_1.o
[2565/4366] Building RCCLDEV object src/CMakeFiles/rccl_device_gfx950.dir/__/hipify/gensrc/specialized/specialized_allreduce_ring_simple_sum_u32_0_0_1.o
[2566/4366] Building RCCLDEV object src/CMakeFiles/rccl_device_gfx950.dir/__/hipify/gensrc/specialized/specialized_allreduce_ring_ll_prod_u32_1_0_1.o
[2567/4366] Building RCCLDEV object src/CMakeFiles/rccl_device_gfx950.dir/__/hipify/gensrc/specialized/specialized_allreduce_ring_ll_sum_f64_1_0_1.o
[2568/4366] Building RCCLDEV object src/CMakeFiles/rccl_device_gfx950.dir/__/hipify/gensrc/specialized/specialized_allreduce_ring_ll_prod_f64_0_0_1.o
[2569/4366] Building RCCLDEV object src/CMakeFiles/rccl_device_gfx950.dir/__/hipify/gensrc/specialized/specialized_allreduce_ring_ll_prod_u64_1_0_1.o
[2570/4366] Building RCCLDEV object src/CMakeFiles/rccl_device_gfx950.dir/__/hipify/gensrc/specialized/specialized_allreduce_ring_ll_sum_f32_1_0_1.o
[2571/4366] Building RCCLDEV object src/CMakeFiles/rccl_device_gfx950.dir/__/hipify/gensrc/specialized/specialized_allreduce_ring_simple_minmax_u8_1_0_2.o
[2572/4366] Building RCCLDEV object src/CMakeFiles/rccl_device_gfx950.dir/__/hipify/gensrc/specialized/specialized_allreduce_ring_ll_minmax_u64_0_0_1.o
[2573/4366] Building RCCLDEV object src/CMakeFiles/rccl_device_gfx950.dir/__/hipify/gensrc/specialized/specialized_allreduce_ring_ll_premulsum_bf16_0_0_1.o
[2574/4366] Building RCCLDEV object src/CMakeFiles/rccl_device_gfx950.dir/__/hipify/gensrc/specialized/specialized_allreduce_ring_ll_premulsum_u64_0_0_1.o
[2575/4366] Building RCCLDEV object src/CMakeFiles/rccl_device_gfx950.dir/__/hipify/gensrc/specialized/specialized_allreduce_ring_ll_sumpostdiv_u32_1_0_1.o
[2576/4366] Building RCCLDEV object src/CMakeFiles/rccl_device_gfx950.dir/__/hipify/gensrc/specialized/specialized_allreduce_ring_ll_prod_f16_1_0_1.o
[2577/4366] Building RCCLDEV object src/CMakeFiles/rccl_device_gfx950.dir/__/hipify/gensrc/specialized/specialized_allreduce_ring_ll_prod_f32_1_0_1.o
[2578/4366] Building RCCLDEV object src/CMakeFiles/rccl_device_gfx950.dir/__/hipify/gensrc/specialized/specialized_allreduce_ring_ll_prod_bf16_1_0_1.o
[2579/4366] Building RCCLDEV object src/CMakeFiles/rccl_device_gfx950.dir/__/hipify/gensrc/specialized/specialized_allreduce_ring_ll_minmax_u32_0_0_1.o
[2580/4366] Building RCCLDEV object src/CMakeFiles/rccl_device_gfx950.dir/__/hipify/gensrc/specialized/specialized_allreduce_ring_ll_prod_f32_0_0_1.o
[2581/4366] Building RCCLDEV object src/CMakeFiles/rccl_device_gfx950.dir/__/hipify/gensrc/specialized/specialized_allreduce_ring_ll_prod_f16_0_0_1.o
[2582/4366] Building RCCLDEV object src/CMakeFiles/rccl_device_gfx950.dir/__/hipify/gensrc/specialized/specialized_allreduce_ring_ll_premulsum_f32_1_0_1.o
[2583/4366] Building RCCLDEV object src/CMakeFiles/rccl_device_gfx950.dir/__/hipify/gensrc/specialized/specialized_allreduce_ring_ll_prod_u8_0_0_1.o
[2584/4366] Building RCCLDEV object src/CMakeFiles/rccl_device_gfx950.dir/__/hipify/gensrc/specialized/specialized_allreduce_ring_ll_premulsum_f64_0_0_1.o
[2585/4366] Building RCCLDEV object src/CMakeFiles/rccl_device_gfx950.dir/__/hipify/gensrc/specialized/specialized_allreduce_ring_ll_sumpostdiv_u32_0_0_1.o
[2586/4366] Building RCCLDEV object src/CMakeFiles/rccl_device_gfx950.dir/__/hipify/gensrc/specialized/specialized_allreduce_ring_ll_minmax_bf16_0_0_1.o
[2587/4366] Building RCCLDEV object src/CMakeFiles/rccl_device_gfx950.dir/__/hipify/gensrc/specialized/specialized_allreduce_ring_ll_sum_bf16_1_0_1.o
[2588/4366] Building RCCLDEV object src/CMakeFiles/rccl_device_gfx950.dir/__/hipify/gensrc/specialized/specialized_allreduce_ring_ll_sumpostdiv_u64_1_0_1.o
[2589/4366] Building RCCLDEV object src/CMakeFiles/rccl_device_gfx950.dir/__/hipify/gensrc/specialized/specialized_allreduce_ring_ll_minmax_f32_1_0_1.o
[2590/4366] Building RCCLDEV object src/CMakeFiles/rccl_device_gfx950.dir/__/hipify/gensrc/specialized/specialized_allreduce_ring_simple_premulsum_bf16_0_1_2.o
[2591/4366] Building RCCLDEV object src/CMakeFiles/rccl_device_gfx950.dir/__/hipify/gensrc/specialized/specialized_allreduce_ring_ll_minmax_f16_0_0_1.o
[2592/4366] Building RCCLDEV object src/CMakeFiles/rccl_device_gfx950.dir/__/hipify/gensrc/specialized/specialized_allreduce_ring_ll_minmax_bf16_1_0_1.o
[2593/4366] Building RCCLDEV object src/CMakeFiles/rccl_device_gfx950.dir/__/hipify/gensrc/specialized/specialized_allreduce_ring_ll_sumpostdiv_u8_0_0_1.o
[2594/4366] Building RCCLDEV object src/CMakeFiles/rccl_device_gfx950.dir/__/hipify/gensrc/specialized/specialized_allreduce_ring_simple_premulsum_u8_0_0_1.o
[2595/4366] Building RCCLDEV object src/CMakeFiles/rccl_device_gfx950.dir/__/hipify/gensrc/specialized/specialized_allreduce_ring_simple_minmax_bf16_0_1_2.o
[2596/4366] Building RCCLDEV object src/CMakeFiles/rccl_device_gfx950.dir/__/hipify/gensrc/specialized/specialized_allreduce_ring_ll_premulsum_f16_1_0_1.o
[2597/4366] Building RCCLDEV object src/CMakeFiles/rccl_device_gfx950.dir/__/hipify/gensrc/specialized/specialized_allreduce_ring_ll_minmax_u8_1_0_1.o
[2598/4366] Building RCCLDEV object src/CMakeFiles/rccl_device_gfx950.dir/__/hipify/gensrc/specialized/specialized_allreduce_ring_ll_prod_u8_1_0_1.o
[2599/4366] Building RCCLDEV object src/CMakeFiles/rccl_device_gfx950.dir/__/hipify/gensrc/specialized/specialized_allreduce_ring_ll_premulsum_u8_0_0_1.o
[2600/4366] Building RCCLDEV object src/CMakeFiles/rccl_device_gfx950.dir/__/hipify/gensrc/specialized/specialized_allreduce_ring_simple_prod_bf16_0_1_2.o
[2601/4366] Building RCCLDEV object src/CMakeFiles/rccl_device_gfx950.dir/__/hipify/gensrc/specialized/specialized_allreduce_ring_ll_sumpostdiv_u64_0_0_1.o
[2602/4366] Building RCCLDEV object src/CMakeFiles/rccl_device_gfx950.dir/__/hipify/gensrc/specialized/specialized_allreduce_ring_ll_minmax_f16_1_0_1.o
[2603/4366] Building RCCLDEV object src/CMakeFiles/rccl_device_gfx950.dir/__/hipify/gensrc/specialized/specialized_allreduce_ring_ll_sumpostdiv_u8_1_0_1.o
[2604/4366] Building RCCLDEV object src/CMakeFiles/rccl_device_gfx950.dir/__/hipify/gensrc/specialized/specialized_allreduce_ring_simple_sum_u8_1_0_1.o
[2605/4366] Building RCCLDEV object src/CMakeFiles/rccl_device_gfx950.dir/__/hipify/gensrc/specialized/specialized_allreduce_ring_simple_premulsum_f32_1_0_1.o
[2606/4366] Building RCCLDEV object src/CMakeFiles/rccl_device_gfx950.dir/__/hipify/gensrc/specialized/specialized_allreduce_ring_ll_premulsum_u8_1_0_1.o
[2607/4366] Building RCCLDEV object src/CMakeFiles/rccl_device_gfx950.dir/__/hipify/gensrc/specialized/specialized_allreduce_ring_simple_minmax_f32_1_0_1.o
[2608/4366] Building RCCLDEV object src/CMakeFiles/rccl_device_gfx950.dir/__/hipify/gensrc/specialized/specialized_allreduce_ring_simple_minmax_u32_1_0_1.o
[2609/4366] Building RCCLDEV object src/CMakeFiles/rccl_device_gfx950.dir/__/hipify/gensrc/specialized/specialized_allreduce_ring_simple_premulsum_f64_1_0_1.o
[2610/4366] Building RCCLDEV object src/CMakeFiles/rccl_device_gfx950.dir/__/hipify/gensrc/specialized/specialized_allreduce_ring_simple_sumpostdiv_u32_0_0_1.o
[2611/4366] Building RCCLDEV object src/CMakeFiles/rccl_device_gfx950.dir/__/hipify/gensrc/specialized/specialized_allreduce_tree_simple_minmax_f16_0_0_4.o
[2612/4366] Building RCCLDEV object src/CMakeFiles/rccl_device_gfx950.dir/__/hipify/gensrc/specialized/specialized_allreduce_ring_simple_minmax_bf16_1_0_1.o
[2613/4366] Building RCCLDEV object src/CMakeFiles/rccl_device_gfx950.dir/__/hipify/gensrc/specialized/specialized_allreduce_ring_simple_sum_bf16_1_1_1.o
[2614/4366] Building RCCLDEV object src/CMakeFiles/rccl_device_gfx950.dir/__/hipify/gensrc/specialized/specialized_allreduce_ring_simple_premulsum_f16_0_0_1.o
[2615/4366] Building RCCLDEV object src/CMakeFiles/rccl_device_gfx950.dir/__/hipify/gensrc/specialized/specialized_allreduce_ring_simple_prod_f8e5m2_1_0_4.o
[2616/4366] Building RCCLDEV object src/CMakeFiles/rccl_device_gfx950.dir/__/hipify/gensrc/specialized/specialized_allreduce_ring_simple_premulsum_f16_1_0_1.o
[2617/4366] Building RCCLDEV object src/CMakeFiles/rccl_device_gfx950.dir/__/hipify/gensrc/specialized/specialized_allreduce_ring_simple_sumpostdiv_u32_1_0_1.o
[2618/4366] Building RCCLDEV object src/CMakeFiles/rccl_device_gfx950.dir/__/hipify/gensrc/specialized/specialized_allreduce_ring_simple_minmax_f64_1_0_1.o
[2619/4366] Building RCCLDEV object src/CMakeFiles/rccl_device_gfx950.dir/__/hipify/gensrc/specialized/specialized_allreduce_ring_simple_prod_bf16_1_1_1.o
[2620/4366] Building RCCLDEV object src/CMakeFiles/rccl_device_gfx950.dir/__/hipify/gensrc/specialized/specialized_allreduce_ring_simple_premulsum_u8_1_0_1.o
[2621/4366] Building RCCLDEV object src/CMakeFiles/rccl_device_gfx950.dir/__/hipify/gensrc/specialized/specialized_allreduce_ring_simple_premulsum_bf16_1_0_1.o
[2622/4366] Building RCCLDEV object src/CMakeFiles/rccl_device_gfx950.dir/__/hipify/gensrc/specialized/specialized_allreduce_ring_simple_sumpostdiv_u8_1_0_4.o
[2623/4366] Building RCCLDEV object src/CMakeFiles/rccl_device_gfx950.dir/__/hipify/gensrc/specialized/specialized_allreduce_ring_simple_prod_u8_1_0_1.o
[2624/4366] Building RCCLDEV object src/CMakeFiles/rccl_device_gfx950.dir/__/hipify/gensrc/specialized/specialized_allreduce_ring_simple_minmax_f16_0_0_1.o
[2625/4366] Building RCCLDEV object src/CMakeFiles/rccl_device_gfx950.dir/__/hipify/gensrc/specialized/specialized_allreduce_ring_simple_sumpostdiv_u64_0_0_2.o
[2626/4366] Building RCCLDEV object src/CMakeFiles/rccl_device_gfx950.dir/__/hipify/gensrc/specialized/specialized_allreduce_ring_simple_sum_bf16_0_1_1.o
[2627/4366] Building RCCLDEV object src/CMakeFiles/rccl_device_gfx950.dir/__/hipify/gensrc/specialized/specialized_allreduce_tree_ll128_sum_u32_0_0_4_2.o
[2628/4366] Building RCCLDEV object src/CMakeFiles/rccl_device_gfx950.dir/__/hipify/gensrc/specialized/specialized_allreduce_ring_simple_sumpostdiv_u8_0_0_1.o
[2629/4366] Building RCCLDEV object src/CMakeFiles/rccl_device_gfx950.dir/__/hipify/gensrc/specialized/specialized_allreduce_tree_ll128_sum_u64_0_0_4_1.o
[2630/4366] Building RCCLDEV object src/CMakeFiles/rccl_device_gfx950.dir/__/hipify/gensrc/specialized/specialized_allreduce_ring_simple_minmax_bf16_1_1_1.o
[2631/4366] Building RCCLDEV object src/CMakeFiles/rccl_device_gfx950.dir/__/hipify/gensrc/specialized/specialized_allreduce_tree_ll128_sum_f16_0_0_4_2.o
[2632/4366] Building RCCLDEV object src/CMakeFiles/rccl_device_gfx950.dir/__/hipify/gensrc/specialized/specialized_allreduce_tree_ll128_sum_u8_0_0_4_2.o
[2633/4366] Building RCCLDEV object src/CMakeFiles/rccl_device_gfx950.dir/__/hipify/gensrc/specialized/specialized_allreduce_tree_ll128_sum_f64_0_0_4_2.o
[2634/4366] Building RCCLDEV object src/CMakeFiles/rccl_device_gfx950.dir/__/hipify/gensrc/specialized/specialized_allreduce_tree_ll128_sum_u32_0_0_4_1.o
[2635/4366] Building RCCLDEV object src/CMakeFiles/rccl_device_gfx950.dir/__/hipify/gensrc/specialized/specialized_allreduce_tree_ll128_sum_u64_0_0_4_2.o
[2636/4366] Building RCCLDEV object src/CMakeFiles/rccl_device_gfx950.dir/__/hipify/gensrc/specialized/specialized_allreduce_tree_ll128_minmax_f64_0_0_4_2.o
[2637/4366] Building RCCLDEV object src/CMakeFiles/rccl_device_gfx950.dir/__/hipify/gensrc/specialized/specialized_allreduce_tree_ll128_prod_u64_0_0_4_2.o
[2638/4366] Building RCCLDEV object src/CMakeFiles/rccl_device_gfx950.dir/__/hipify/gensrc/specialized/specialized_allreduce_tree_ll128_minmax_u64_0_0_4_2.o
[2639/4366] Building RCCLDEV object src/CMakeFiles/rccl_device_gfx950.dir/__/hipify/gensrc/specialized/specialized_allreduce_tree_ll128_sum_f32_0_0_4_2.o
[2640/4366] Building RCCLDEV object src/CMakeFiles/rccl_device_gfx950.dir/__/hipify/gensrc/specialized/specialized_allreduce_tree_ll128_minmax_u64_0_0_4_1.o
[2641/4366] Building RCCLDEV object src/CMakeFiles/rccl_device_gfx950.dir/__/hipify/gensrc/specialized/specialized_allreduce_ring_simple_premulsum_bf16_1_1_1.o
[2642/4366] Building RCCLDEV object src/CMakeFiles/rccl_device_gfx950.dir/__/hipify/gensrc/specialized/specialized_allreduce_tree_ll128_prod_f32_0_0_4_2.o
[2643/4366] Building RCCLDEV object src/CMakeFiles/rccl_device_gfx950.dir/__/hipify/gensrc/specialized/specialized_allreduce_tree_ll128_sum_u8_0_0_4_1.o
[2644/4366] Building RCCLDEV object src/CMakeFiles/rccl_device_gfx950.dir/__/hipify/gensrc/specialized/specialized_allreduce_tree_ll128_sum_f64_0_0_4_1.o
[2645/4366] Building RCCLDEV object src/CMakeFiles/rccl_device_gfx950.dir/__/hipify/gensrc/specialized/specialized_allreduce_tree_ll128_prod_u64_0_0_4_1.o
[2646/4366] Building RCCLDEV object src/CMakeFiles/rccl_device_gfx950.dir/__/hipify/gensrc/specialized/specialized_allreduce_tree_ll128_sum_f16_0_0_4_1.o
[2647/4366] Building RCCLDEV object src/CMakeFiles/rccl_device_gfx950.dir/__/hipify/gensrc/specialized/specialized_allreduce_tree_ll128_sum_f32_0_0_4_1.o
[2648/4366] Building RCCLDEV object src/CMakeFiles/rccl_device_gfx950.dir/__/hipify/gensrc/specialized/specialized_allreduce_tree_ll128_sum_bf16_0_0_4_2.o
[2649/4366] Building RCCLDEV object src/CMakeFiles/rccl_device_gfx950.dir/__/hipify/gensrc/specialized/specialized_allreduce_ring_simple_minmax_f8e5m2_1_0_4.o
[2650/4366] Building RCCLDEV object src/CMakeFiles/rccl_device_gfx950.dir/__/hipify/gensrc/specialized/specialized_allreduce_ring_simple_minmax_f8e4m3_1_0_4.o
[2651/4366] Building RCCLDEV object src/CMakeFiles/rccl_device_gfx950.dir/__/hipify/gensrc/specialized/specialized_allreduce_ring_simple_sumpostdiv_u8_1_0_2.o
[2652/4366] Building RCCLDEV object src/CMakeFiles/rccl_device_gfx950.dir/__/hipify/gensrc/specialized/specialized_allreduce_tree_ll128_sum_u64_0_0_2_2.o
[2653/4366] Building RCCLDEV object src/CMakeFiles/rccl_device_gfx950.dir/__/hipify/gensrc/specialized/specialized_allreduce_tree_ll128_prod_f64_0_0_4_1.o
[2654/4366] Building RCCLDEV object src/CMakeFiles/rccl_device_gfx950.dir/__/hipify/gensrc/specialized/specialized_allreduce_tree_ll128_prod_f64_0_0_4_2.o
[2655/4366] Building RCCLDEV object src/CMakeFiles/rccl_device_gfx950.dir/__/hipify/gensrc/specialized/specialized_allreduce_tree_ll128_minmax_u32_0_0_4_2.o
[2656/4366] Building RCCLDEV object src/CMakeFiles/rccl_device_gfx950.dir/__/hipify/gensrc/specialized/specialized_allreduce_tree_ll128_sum_u64_0_0_2_1.o
[2657/4366] Building RCCLDEV object src/CMakeFiles/rccl_device_gfx950.dir/__/hipify/gensrc/specialized/specialized_allreduce_tree_ll128_sum_u64_1_0_4_2.o
[2658/4366] Building RCCLDEV object src/CMakeFiles/rccl_device_gfx950.dir/__/hipify/gensrc/specialized/specialized_allreduce_ring_simple_prod_bf16_0_1_1.o
[2659/4366] Building RCCLDEV object src/CMakeFiles/rccl_device_gfx950.dir/__/hipify/gensrc/specialized/specialized_allreduce_tree_ll128_prod_f16_0_0_4_2.o
[2660/4366] Building RCCLDEV object src/CMakeFiles/rccl_device_gfx950.dir/__/hipify/gensrc/specialized/specialized_allreduce_tree_ll128_prod_f32_0_0_4_1.o
[2661/4366] Building RCCLDEV object src/CMakeFiles/rccl_device_gfx950.dir/__/hipify/gensrc/specialized/specialized_allreduce_tree_ll128_sum_f32_1_0_4_2.o
[2662/4366] Building RCCLDEV object src/CMakeFiles/rccl_device_gfx950.dir/__/hipify/gensrc/specialized/specialized_allreduce_ring_simple_sumpostdiv_u64_1_0_2.o
[2663/4366] Building RCCLDEV object src/CMakeFiles/rccl_device_gfx950.dir/__/hipify/gensrc/specialized/specialized_allreduce_tree_ll128_sum_u64_1_0_4_1.o
[2664/4366] Building RCCLDEV object src/CMakeFiles/rccl_device_gfx950.dir/__/hipify/gensrc/specialized/specialized_allreduce_tree_ll128_premulsum_f32_0_0_4_2.o
[2665/4366] Building RCCLDEV object src/CMakeFiles/rccl_device_gfx950.dir/__/hipify/gensrc/specialized/specialized_allreduce_tree_ll128_sum_u32_1_0_4_2.o
[2666/4366] Building RCCLDEV object src/CMakeFiles/rccl_device_gfx950.dir/__/hipify/gensrc/specialized/specialized_allreduce_tree_ll128_minmax_f32_0_0_4_2.o
[2667/4366] Building RCCLDEV object src/CMakeFiles/rccl_device_gfx950.dir/__/hipify/gensrc/specialized/specialized_allreduce_tree_ll128_premulsum_f64_0_0_4_2.o
[2668/4366] Building RCCLDEV object src/CMakeFiles/rccl_device_gfx950.dir/__/hipify/gensrc/specialized/specialized_allreduce_tree_ll128_premulsum_u64_0_0_4_2.o
[2669/4366] Building RCCLDEV object src/CMakeFiles/rccl_device_gfx950.dir/__/hipify/gensrc/specialized/specialized_allreduce_tree_ll128_premulsum_u64_0_0_4_1.o
[2670/4366] Building RCCLDEV object src/CMakeFiles/rccl_device_gfx950.dir/__/hipify/gensrc/specialized/specialized_allreduce_tree_ll128_sum_bf16_0_0_4_1.o
[2671/4366] Building RCCLDEV object src/CMakeFiles/rccl_device_gfx950.dir/__/hipify/gensrc/specialized/specialized_allreduce_tree_ll128_minmax_f32_0_0_4_1.o
[2672/4366] Building RCCLDEV object src/CMakeFiles/rccl_device_gfx950.dir/__/hipify/gensrc/specialized/specialized_allreduce_tree_ll128_minmax_u32_0_0_4_1.o
[2673/4366] Building RCCLDEV object src/CMakeFiles/rccl_device_gfx950.dir/__/hipify/gensrc/specialized/specialized_allreduce_tree_ll128_prod_bf16_0_0_4_2.o
[2674/4366] Building RCCLDEV object src/CMakeFiles/rccl_device_gfx950.dir/__/hipify/gensrc/specialized/specialized_reduce_ring_ll128_prod_u32_0_0_4.o
[2675/4366] Building RCCLDEV object src/CMakeFiles/rccl_device_gfx950.dir/__/hipify/gensrc/specialized/specialized_allreduce_tree_ll128_prod_f16_0_0_4_1.o
[2676/4366] Building RCCLDEV object src/CMakeFiles/rccl_device_gfx950.dir/__/hipify/gensrc/specialized/specialized_allreduce_tree_ll128_minmax_f64_0_0_4_1.o
[2677/4366] Building RCCLDEV object src/CMakeFiles/rccl_device_gfx950.dir/__/hipify/gensrc/specialized/specialized_allreduce_tree_ll128_prod_u8_0_0_4_1.o
[2678/4366] Building RCCLDEV object src/CMakeFiles/rccl_device_gfx950.dir/__/hipify/gensrc/specialized/specialized_allreduce_tree_ll128_sum_u32_1_0_4_1.o
[2679/4366] Building RCCLDEV object src/CMakeFiles/rccl_device_gfx950.dir/__/hipify/gensrc/specialized/specialized_allreduce_tree_ll128_premulsum_u32_0_0_4_2.o
[2680/4366] Building RCCLDEV object src/CMakeFiles/rccl_device_gfx950.dir/__/hipify/gensrc/specialized/specialized_allreduce_tree_ll128_sum_f64_1_0_4_2.o
[2681/4366] Building RCCLDEV object src/CMakeFiles/rccl_device_gfx950.dir/__/hipify/gensrc/specialized/specialized_allreduce_tree_ll128_sum_u32_0_0_2_1.o
[2682/4366] Building RCCLDEV object src/CMakeFiles/rccl_device_gfx950.dir/__/hipify/gensrc/specialized/specialized_allreduce_tree_ll128_premulsum_f32_0_0_4_1.o
[2683/4366] Building RCCLDEV object src/CMakeFiles/rccl_device_gfx950.dir/__/hipify/gensrc/specialized/specialized_allreduce_tree_ll128_prod_f64_1_0_4_2.o
[2684/4366] Building RCCLDEV object src/CMakeFiles/rccl_device_gfx950.dir/__/hipify/gensrc/specialized/specialized_allreduce_tree_ll128_prod_bf16_0_0_4_1.o
[2685/4366] Building RCCLDEV object src/CMakeFiles/rccl_device_gfx950.dir/__/hipify/gensrc/specialized/specialized_allreduce_tree_ll128_sum_f32_0_0_2_1.o
[2686/4366] Building RCCLDEV object src/CMakeFiles/rccl_device_gfx950.dir/__/hipify/gensrc/specialized/specialized_allreduce_tree_ll128_sum_u32_0_0_2_2.o
[2687/4366] Building RCCLDEV object src/CMakeFiles/rccl_device_gfx950.dir/__/hipify/gensrc/specialized/specialized_allreduce_tree_ll128_prod_u64_0_0_2_1.o
[2688/4366] Building RCCLDEV object src/CMakeFiles/rccl_device_gfx950.dir/__/hipify/gensrc/specialized/specialized_allreduce_tree_ll128_sum_f64_0_0_2_2.o
[2689/4366] Building RCCLDEV object src/CMakeFiles/rccl_device_gfx950.dir/__/hipify/gensrc/specialized/specialized_allreduce_tree_ll128_prod_u64_1_0_4_2.o
[2690/4366] Building RCCLDEV object src/CMakeFiles/rccl_device_gfx950.dir/__/hipify/gensrc/specialized/specialized_allreduce_tree_ll128_premulsum_f64_0_0_4_1.o
[2691/4366] Building RCCLDEV object src/CMakeFiles/rccl_device_gfx950.dir/__/hipify/gensrc/specialized/specialized_allreduce_tree_ll128_premulsum_f16_0_0_4_2.o
[2692/4366] Building RCCLDEV object src/CMakeFiles/rccl_device_gfx950.dir/__/hipify/gensrc/specialized/specialized_allreduce_tree_ll128_sum_f32_0_0_2_2.o
[2693/4366] Building RCCLDEV object src/CMakeFiles/rccl_device_gfx950.dir/__/hipify/gensrc/specialized/specialized_allreduce_tree_ll128_sumpostdiv_u32_0_0_4_2.o
[2694/4366] Building RCCLDEV object src/CMakeFiles/rccl_device_gfx950.dir/__/hipify/gensrc/specialized/specialized_allreduce_tree_ll128_premulsum_u32_0_0_4_1.o
[2695/4366] Building RCCLDEV object src/CMakeFiles/rccl_device_gfx950.dir/__/hipify/gensrc/specialized/specialized_allreduce_tree_ll128_prod_u8_0_0_4_2.o
[2696/4366] Building RCCLDEV object src/CMakeFiles/rccl_device_gfx950.dir/__/hipify/gensrc/specialized/specialized_reduce_ring_ll128_sum_f32_0_0_4.o
[2697/4366] Building RCCLDEV object src/CMakeFiles/rccl_device_gfx950.dir/__/hipify/gensrc/specialized/specialized_allreduce_tree_ll128_sum_f64_1_0_4_1.o
[2698/4366] Building RCCLDEV object src/CMakeFiles/rccl_device_gfx950.dir/__/hipify/gensrc/specialized/specialized_allreduce_tree_ll128_prod_f32_1_0_4_2.o
[2699/4366] Building RCCLDEV object src/CMakeFiles/rccl_device_gfx950.dir/__/hipify/gensrc/specialized/specialized_allreduce_tree_ll128_premulsum_f64_0_0_2_2.o
[2700/4366] Building RCCLDEV object src/CMakeFiles/rccl_device_gfx950.dir/__/hipify/gensrc/specialized/specialized_reduce_ring_ll128_sum_u32_0_0_4.o
[2701/4366] Building RCCLDEV object src/CMakeFiles/rccl_device_gfx950.dir/__/hipify/gensrc/specialized/specialized_allreduce_tree_ll128_prod_u32_1_0_4_2.o
[2702/4366] Building RCCLDEV object src/CMakeFiles/rccl_device_gfx950.dir/__/hipify/gensrc/specialized/specialized_allreduce_tree_ll128_prod_u64_0_0_2_2.o
[2703/4366] Building RCCLDEV object src/CMakeFiles/rccl_device_gfx950.dir/__/hipify/gensrc/specialized/specialized_reduce_ring_ll128_premulsum_u32_0_0_4.o
[2704/4366] Building RCCLDEV object src/CMakeFiles/rccl_device_gfx950.dir/__/hipify/gensrc/specialized/specialized_reduce_ring_ll128_sum_u64_0_0_4.o
[2705/4366] Building RCCLDEV object src/CMakeFiles/rccl_device_gfx950.dir/__/hipify/gensrc/specialized/specialized_reduce_ring_ll128_sum_f64_0_0_4.o
[2706/4366] Building RCCLDEV object src/CMakeFiles/rccl_device_gfx950.dir/__/hipify/gensrc/specialized/specialized_allreduce_tree_ll128_sum_u8_0_0_2_1.o
[2707/4366] Building RCCLDEV object src/CMakeFiles/rccl_device_gfx950.dir/__/hipify/gensrc/specialized/specialized_reduce_ring_ll128_prod_f64_0_0_4.o
[2708/4366] Building RCCLDEV object src/CMakeFiles/rccl_device_gfx950.dir/__/hipify/gensrc/specialized/specialized_allreduce_tree_ll128_minmax_u64_1_0_4_2.o
[2709/4366] Building RCCLDEV object src/CMakeFiles/rccl_device_gfx950.dir/__/hipify/gensrc/specialized/specialized_allreduce_tree_ll128_sum_u8_0_0_2_2.o
[2710/4366] Building RCCLDEV object src/CMakeFiles/rccl_device_gfx950.dir/__/hipify/gensrc/specialized/specialized_allreduce_tree_ll128_sum_f16_1_0_4_2.o
[2711/4366] Building RCCLDEV object src/CMakeFiles/rccl_device_gfx950.dir/__/hipify/gensrc/specialized/specialized_allreduce_tree_ll128_sum_f32_1_0_4_1.o
[2712/4366] Building RCCLDEV object src/CMakeFiles/rccl_device_gfx950.dir/__/hipify/gensrc/specialized/specialized_allreduce_tree_ll128_sum_u8_1_0_4_1.o
[2713/4366] Building RCCLDEV object src/CMakeFiles/rccl_device_gfx950.dir/__/hipify/gensrc/specialized/specialized_allreduce_tree_ll128_minmax_bf16_0_0_4_2.o
[2714/4366] Building RCCLDEV object src/CMakeFiles/rccl_device_gfx950.dir/__/hipify/gensrc/specialized/specialized_allreduce_tree_ll128_prod_u64_1_0_4_1.o
[2715/4366] Building RCCLDEV object src/CMakeFiles/rccl_device_gfx950.dir/__/hipify/gensrc/specialized/specialized_reduce_ring_ll128_prod_u64_0_0_4.o
[2716/4366] Building RCCLDEV object src/CMakeFiles/rccl_device_gfx950.dir/__/hipify/gensrc/specialized/specialized_allreduce_tree_ll128_sum_u8_1_0_4_2.o
[2717/4366] Building RCCLDEV object src/CMakeFiles/rccl_device_gfx950.dir/__/hipify/gensrc/specialized/specialized_allreduce_tree_ll128_sumpostdiv_u32_0_0_4_1.o
[2718/4366] Building RCCLDEV object src/CMakeFiles/rccl_device_gfx950.dir/__/hipify/gensrc/specialized/specialized_reduce_ring_ll128_minmax_u64_0_0_4.o
[2719/4366] Building RCCLDEV object src/CMakeFiles/rccl_device_gfx950.dir/__/hipify/gensrc/specialized/specialized_allreduce_tree_ll128_minmax_bf16_0_0_4_1.o
[2720/4366] Building RCCLDEV object src/CMakeFiles/rccl_device_gfx950.dir/__/hipify/gensrc/specialized/specialized_allreduce_tree_ll128_prod_f64_0_0_2_2.o
[2721/4366] Building RCCLDEV object src/CMakeFiles/rccl_device_gfx950.dir/__/hipify/gensrc/specialized/specialized_reduce_ring_ll128_sum_u8_0_0_4.o
[2722/4366] Building RCCLDEV object src/CMakeFiles/rccl_device_gfx950.dir/__/hipify/gensrc/specialized/specialized_reduce_ring_ll128_sumpostdiv_u32_0_0_4.o
[2723/4366] Building RCCLDEV object src/CMakeFiles/rccl_device_gfx950.dir/__/hipify/gensrc/specialized/specialized_allreduce_tree_ll128_minmax_u8_0_0_4_1.o
[2724/4366] Building RCCLDEV object src/CMakeFiles/rccl_device_gfx950.dir/__/hipify/gensrc/specialized/specialized_allreduce_tree_ll128_premulsum_f16_0_0_4_1.o
[2725/4366] Building RCCLDEV object src/CMakeFiles/rccl_device_gfx950.dir/__/hipify/gensrc/specialized/specialized_allreduce_tree_ll128_premulsum_f32_1_0_4_2.o
[2726/4366] Building RCCLDEV object src/CMakeFiles/rccl_device_gfx950.dir/__/hipify/gensrc/specialized/specialized_allreduce_tree_ll128_prod_u32_0_0_2_1.o
[2727/4366] Building RCCLDEV object src/CMakeFiles/rccl_device_gfx950.dir/__/hipify/gensrc/specialized/specialized_reduce_ring_ll128_prod_f32_0_0_4.o
[2728/4366] Building RCCLDEV object src/CMakeFiles/rccl_device_gfx950.dir/__/hipify/gensrc/specialized/specialized_allreduce_tree_ll128_sum_f16_0_0_2_2.o
[2729/4366] Building RCCLDEV object src/CMakeFiles/rccl_device_gfx950.dir/__/hipify/gensrc/specialized/specialized_allreduce_tree_ll128_prod_u32_0_0_2_2.o
[2730/4366] Building RCCLDEV object src/CMakeFiles/rccl_device_gfx950.dir/__/hipify/gensrc/specialized/specialized_allreduce_tree_ll128_minmax_f64_1_0_4_2.o
[2731/4366] Building RCCLDEV object src/CMakeFiles/rccl_device_gfx950.dir/__/hipify/gensrc/specialized/specialized_allreduce_tree_ll128_minmax_u8_0_0_4_2.o
[2732/4366] Building RCCLDEV object src/CMakeFiles/rccl_device_gfx950.dir/__/hipify/gensrc/specialized/specialized_reduce_ring_ll128_minmax_u32_0_0_4.o
[2733/4366] Building RCCLDEV object src/CMakeFiles/rccl_device_gfx950.dir/__/hipify/gensrc/specialized/specialized_allreduce_ring_simple_sumpostdiv_u8_1_0_1.o
[2734/4366] Building RCCLDEV object src/CMakeFiles/rccl_device_gfx950.dir/__/hipify/gensrc/specialized/specialized_allreduce_tree_ll128_premulsum_bf16_0_0_4_2.o
[2735/4366] Building RCCLDEV object src/CMakeFiles/rccl_device_gfx950.dir/__/hipify/gensrc/specialized/specialized_allreduce_tree_ll128_prod_f32_0_0_2_2.o
[2736/4366] Building RCCLDEV object src/CMakeFiles/rccl_device_gfx950.dir/__/hipify/gensrc/specialized/specialized_allreduce_ring_simple_minmax_bf16_0_1_1.o
[2737/4366] Building RCCLDEV object src/CMakeFiles/rccl_device_gfx950.dir/__/hipify/gensrc/specialized/specialized_allreduce_tree_ll128_minmax_u32_1_0_4_2.o
[2738/4366] Building RCCLDEV object src/CMakeFiles/rccl_device_gfx950.dir/__/hipify/gensrc/specialized/specialized_allreduce_tree_ll128_premulsum_f64_1_0_4_2.o
[2739/4366] Building RCCLDEV object src/CMakeFiles/rccl_device_gfx950.dir/__/hipify/gensrc/specialized/specialized_reducescatter_ring_ll128_prod_u64_0_0_4.o
[2740/4366] Building RCCLDEV object src/CMakeFiles/rccl_device_gfx950.dir/__/hipify/gensrc/specialized/specialized_reduce_ring_ll128_prod_f16_0_0_4.o
[2741/4366] Building RCCLDEV object src/CMakeFiles/rccl_device_gfx950.dir/__/hipify/gensrc/specialized/specialized_allreduce_tree_ll128_sum_f64_0_0_2_1.o
[2742/4366] Building RCCLDEV object src/CMakeFiles/rccl_device_gfx950.dir/__/hipify/gensrc/specialized/specialized_reduce_ring_ll128_premulsum_f32_0_0_4.o
[2743/4366] Building RCCLDEV object src/CMakeFiles/rccl_device_gfx950.dir/__/hipify/gensrc/specialized/specialized_allreduce_tree_ll128_prod_u32_1_0_4_1.o
[2744/4366] Building RCCLDEV object src/CMakeFiles/rccl_device_gfx950.dir/__/hipify/gensrc/specialized/specialized_allreduce_tree_ll128_prod_f64_1_0_4_1.o
[2745/4366] Building RCCLDEV object src/CMakeFiles/rccl_device_gfx950.dir/__/hipify/gensrc/specialized/specialized_allreduce_tree_ll128_minmax_u64_1_0_4_1.o
[2746/4366] Building RCCLDEV object src/CMakeFiles/rccl_device_gfx950.dir/__/hipify/gensrc/specialized/specialized_allreduce_tree_ll128_minmax_f32_1_0_4_2.o
[2747/4366] Building RCCLDEV object src/CMakeFiles/rccl_device_gfx950.dir/__/hipify/gensrc/specialized/specialized_allreduce_tree_ll128_minmax_u64_0_0_2_1.o
[2748/4366] Building RCCLDEV object src/CMakeFiles/rccl_device_gfx950.dir/__/hipify/gensrc/specialized/specialized_reduce_ring_ll128_minmax_f64_0_0_4.o
[2749/4366] Building RCCLDEV object src/CMakeFiles/rccl_device_gfx950.dir/__/hipify/gensrc/specialized/specialized_reducescatter_ring_ll128_sum_f64_0_0_4.o
[2750/4366] Building RCCLDEV object src/CMakeFiles/rccl_device_gfx950.dir/__/hipify/gensrc/specialized/specialized_reduce_ring_ll128_minmax_f32_0_0_4.o
[2751/4366] Building RCCLDEV object src/CMakeFiles/rccl_device_gfx950.dir/__/hipify/gensrc/specialized/specialized_reduce_ring_ll128_premulsum_u64_0_0_4.o
[2752/4366] Building RCCLDEV object src/CMakeFiles/rccl_device_gfx950.dir/__/hipify/gensrc/specialized/specialized_allreduce_tree_ll128_sum_bf16_0_0_2_1.o
[2753/4366] Building RCCLDEV object src/CMakeFiles/rccl_device_gfx950.dir/__/hipify/gensrc/specialized/specialized_allreduce_tree_ll128_prod_f16_0_0_2_1.o
[2754/4366] Building RCCLDEV object src/CMakeFiles/rccl_device_gfx950.dir/__/hipify/gensrc/specialized/specialized_allreduce_tree_ll128_prod_f32_1_0_4_1.o
[2755/4366] Building RCCLDEV object src/CMakeFiles/rccl_device_gfx950.dir/__/hipify/gensrc/specialized/specialized_allreduce_tree_ll128_sum_u64_0_0_1_1.o
[2756/4366] Building RCCLDEV object src/CMakeFiles/rccl_device_gfx950.dir/__/hipify/gensrc/specialized/specialized_allreduce_tree_ll128_minmax_u32_1_0_4_1.o
[2757/4366] Building RCCLDEV object src/CMakeFiles/rccl_device_gfx950.dir/__/hipify/gensrc/specialized/specialized_allreduce_tree_ll128_premulsum_u64_1_0_4_2.o
[2758/4366] Building RCCLDEV object src/CMakeFiles/rccl_device_gfx950.dir/__/hipify/gensrc/specialized/specialized_allreduce_tree_ll128_minmax_f32_0_0_2_2.o
[2759/4366] Building RCCLDEV object src/CMakeFiles/rccl_device_gfx950.dir/__/hipify/gensrc/specialized/specialized_reducescatter_ring_ll128_sum_u8_0_0_4.o
[2760/4366] Building RCCLDEV object src/CMakeFiles/rccl_device_gfx950.dir/__/hipify/gensrc/specialized/specialized_allreduce_tree_ll128_minmax_f64_0_0_2_2.o
[2761/4366] Building RCCLDEV object src/CMakeFiles/rccl_device_gfx950.dir/__/hipify/gensrc/specialized/specialized_reduce_ring_ll128_sum_bf16_0_0_4.o
[2762/4366] Building RCCLDEV object src/CMakeFiles/rccl_device_gfx950.dir/__/hipify/gensrc/specialized/specialized_allreduce_tree_ll128_premulsum_u32_1_0_4_2.o
[2763/4366] Building RCCLDEV object src/CMakeFiles/rccl_device_gfx950.dir/__/hipify/gensrc/specialized/specialized_allreduce_tree_ll128_prod_f16_0_0_2_2.o
[2764/4366] Building RCCLDEV object src/CMakeFiles/rccl_device_gfx950.dir/__/hipify/gensrc/specialized/specialized_allreduce_tree_ll128_sum_u64_1_0_2_2.o
[2765/4366] Building RCCLDEV object src/CMakeFiles/rccl_device_gfx950.dir/__/hipify/gensrc/specialized/specialized_allreduce_tree_ll128_minmax_u64_0_0_2_2.o
[2766/4366] Building RCCLDEV object src/CMakeFiles/rccl_device_gfx950.dir/__/hipify/gensrc/specialized/specialized_allreduce_tree_ll128_sum_f16_0_0_2_1.o
[2767/4366] Building RCCLDEV object src/CMakeFiles/rccl_device_gfx950.dir/__/hipify/gensrc/specialized/specialized_allreduce_tree_ll128_sum_f32_0_0_1_2.o
[2768/4366] Building RCCLDEV object src/CMakeFiles/rccl_device_gfx950.dir/__/hipify/gensrc/specialized/specialized_reduce_ring_ll128_prod_u8_0_0_4.o
[2769/4366] Building RCCLDEV object src/CMakeFiles/rccl_device_gfx950.dir/__/hipify/gensrc/specialized/specialized_allreduce_tree_ll128_sum_f16_1_0_4_1.o
[2770/4366] Building RCCLDEV object src/CMakeFiles/rccl_device_gfx950.dir/__/hipify/gensrc/specialized/specialized_allreduce_tree_ll128_sum_bf16_0_0_2_2.o
[2771/4366] Building RCCLDEV object src/CMakeFiles/rccl_device_gfx950.dir/__/hipify/gensrc/specialized/specialized_allreduce_tree_ll128_premulsum_u8_0_0_4_2.o
[2772/4366] Building RCCLDEV object src/CMakeFiles/rccl_device_gfx950.dir/__/hipify/gensrc/specialized/specialized_allreduce_tree_ll128_sum_u64_1_0_2_1.o
[2773/4366] Building RCCLDEV object src/CMakeFiles/rccl_device_gfx950.dir/__/hipify/gensrc/specialized/specialized_allreduce_tree_ll128_sum_bf16_1_0_4_2.o
[2774/4366] Building RCCLDEV object src/CMakeFiles/rccl_device_gfx950.dir/__/hipify/gensrc/specialized/specialized_allreduce_tree_ll128_prod_f64_0_0_2_1.o
[2775/4366] Building RCCLDEV object src/CMakeFiles/rccl_device_gfx950.dir/__/hipify/gensrc/specialized/specialized_allreduce_tree_ll128_minmax_u32_0_0_2_2.o
[2776/4366] Building RCCLDEV object src/CMakeFiles/rccl_device_gfx950.dir/__/hipify/gensrc/specialized/specialized_reduce_ring_ll128_prod_bf16_0_0_4.o
[2777/4366] Building RCCLDEV object src/CMakeFiles/rccl_device_gfx950.dir/__/hipify/gensrc/specialized/specialized_reducescatter_ring_ll128_prod_f64_0_0_4.o
[2778/4366] Building RCCLDEV object src/CMakeFiles/rccl_device_gfx950.dir/__/hipify/gensrc/specialized/specialized_allreduce_tree_ll128_sum_u32_0_0_1_2.o
[2779/4366] Building RCCLDEV object src/CMakeFiles/rccl_device_gfx950.dir/__/hipify/gensrc/specialized/specialized_reduce_ring_ll128_premulsum_f64_0_0_4.o
[2780/4366] Building RCCLDEV object src/CMakeFiles/rccl_device_gfx950.dir/__/hipify/gensrc/specialized/specialized_reducescatter_ring_ll128_sum_f32_0_0_4.o
[2781/4366] Building RCCLDEV object src/CMakeFiles/rccl_device_gfx950.dir/__/hipify/gensrc/specialized/specialized_allreduce_tree_ll128_minmax_f64_1_0_4_1.o
[2782/4366] Building RCCLDEV object src/CMakeFiles/rccl_device_gfx950.dir/__/hipify/gensrc/specialized/specialized_reducescatter_ring_ll128_minmax_f64_0_0_4.o
[2783/4366] Building RCCLDEV object src/CMakeFiles/rccl_device_gfx950.dir/__/hipify/gensrc/specialized/specialized_reduce_ring_ll128_sum_f16_0_0_4.o
[2784/4366] Building RCCLDEV object src/CMakeFiles/rccl_device_gfx950.dir/__/hipify/gensrc/specialized/specialized_allreduce_tree_ll128_premulsum_u8_0_0_4_1.o
[2785/4366] Building RCCLDEV object src/CMakeFiles/rccl_device_gfx950.dir/__/hipify/gensrc/specialized/specialized_allreduce_tree_ll128_sum_f32_1_0_2_2.o
[2786/4366] Building RCCLDEV object src/CMakeFiles/rccl_device_gfx950.dir/__/hipify/gensrc/specialized/specialized_allreduce_tree_ll128_sum_f64_1_0_2_2.o
[2787/4366] Building RCCLDEV object src/CMakeFiles/rccl_device_gfx950.dir/__/hipify/gensrc/specialized/specialized_allreduce_tree_ll128_premulsum_f32_0_0_2_2.o
[2788/4366] Building RCCLDEV object src/CMakeFiles/rccl_device_gfx950.dir/__/hipify/gensrc/specialized/specialized_reducescatter_ring_ll128_sum_bf16_0_0_4.o
[2789/4366] Building RCCLDEV object src/CMakeFiles/rccl_device_gfx950.dir/__/hipify/gensrc/specialized/specialized_allreduce_tree_ll128_premulsum_u64_1_0_4_1.o
[2790/4366] Building RCCLDEV object src/CMakeFiles/rccl_device_gfx950.dir/__/hipify/gensrc/specialized/specialized_allreduce_tree_ll128_sumpostdiv_u64_0_0_4_2.o
[2791/4366] Building RCCLDEV object src/CMakeFiles/rccl_device_gfx950.dir/__/hipify/gensrc/specialized/specialized_reducescatter_ring_ll128_sum_u64_0_0_4.o
[2792/4366] Building RCCLDEV object src/CMakeFiles/rccl_device_gfx950.dir/__/hipify/gensrc/specialized/specialized_allreduce_tree_ll128_prod_f32_0_0_2_1.o
[2793/4366] Building RCCLDEV object src/CMakeFiles/rccl_device_gfx950.dir/__/hipify/gensrc/specialized/specialized_allreduce_tree_ll128_minmax_f64_0_0_2_1.o
[2794/4366] Building RCCLDEV object src/CMakeFiles/rccl_device_gfx950.dir/__/hipify/gensrc/specialized/specialized_reduce_ring_ll128_sumpostdiv_u64_0_0_4.o
[2795/4366] Building RCCLDEV object src/CMakeFiles/rccl_device_gfx950.dir/__/hipify/gensrc/specialized/specialized_reduce_ring_ll128_minmax_u8_0_0_4.o
[2796/4366] Building RCCLDEV object src/CMakeFiles/rccl_device_gfx950.dir/__/hipify/gensrc/specialized/specialized_reducescatter_ring_ll128_minmax_u32_0_0_4.o
[2797/4366] Building RCCLDEV object src/CMakeFiles/rccl_device_gfx950.dir/__/hipify/gensrc/specialized/specialized_broadcast_ring_ll128_sum_i8_0_0_4_2.o
[2798/4366] Building RCCLDEV object src/CMakeFiles/rccl_device_gfx950.dir/__/hipify/gensrc/specialized/specialized_allreduce_tree_ll128_premulsum_u64_0_0_2_2.o
[2799/4366] Building RCCLDEV object src/CMakeFiles/rccl_device_gfx950.dir/__/hipify/gensrc/specialized/specialized_allreduce_tree_ll128_premulsum_f32_1_0_4_1.o
[2800/4366] Building RCCLDEV object src/CMakeFiles/rccl_device_gfx950.dir/__/hipify/gensrc/specialized/specialized_reducescatter_ring_ll128_sum_u32_0_0_4.o
[2801/4366] Building RCCLDEV object src/CMakeFiles/rccl_device_gfx950.dir/__/hipify/gensrc/specialized/specialized_allreduce_tree_ll128_prod_bf16_0_0_2_2.o
[2802/4366] Building RCCLDEV object src/CMakeFiles/rccl_device_gfx950.dir/__/hipify/gensrc/specialized/specialized_reducescatter_ring_ll128_prod_u32_0_0_4.o
[2803/4366] Building RCCLDEV object src/CMakeFiles/rccl_device_gfx950.dir/__/hipify/gensrc/specialized/specialized_reduce_ring_ll128_minmax_bf16_0_0_4.o
[2804/4366] Building RCCLDEV object src/CMakeFiles/rccl_device_gfx950.dir/__/hipify/gensrc/specialized/specialized_allreduce_tree_ll128_prod_u64_1_0_2_2.o
[2805/4366] Building RCCLDEV object src/CMakeFiles/rccl_device_gfx950.dir/__/hipify/gensrc/specialized/specialized_allreduce_tree_ll128_sumpostdiv_u64_0_0_4_1.o
[2806/4366] Building RCCLDEV object src/CMakeFiles/rccl_device_gfx950.dir/__/hipify/gensrc/specialized/specialized_reducescatter_ring_ll128_prod_f32_0_0_4.o
[2807/4366] Building RCCLDEV object src/CMakeFiles/rccl_device_gfx950.dir/__/hipify/gensrc/specialized/specialized_broadcast_ring_ll128_sum_i8_0_0_4_1.o
[2808/4366] Building RCCLDEV object src/CMakeFiles/rccl_device_gfx950.dir/__/hipify/gensrc/specialized/specialized_allreduce_tree_ll128_sum_bf16_1_0_4_1.o
[2809/4366] Building RCCLDEV object src/CMakeFiles/rccl_device_gfx950.dir/__/hipify/gensrc/specialized/specialized_allreduce_tree_ll128_sumpostdiv_u8_0_0_4_1.o
[2810/4366] Building RCCLDEV object src/CMakeFiles/rccl_device_gfx950.dir/__/hipify/gensrc/specialized/specialized_allreduce_tree_ll128_premulsum_u64_0_0_2_1.o
[2811/4366] Building RCCLDEV object src/CMakeFiles/rccl_device_gfx950.dir/__/hipify/gensrc/specialized/specialized_allreduce_ring_simple_premulsum_bf16_0_1_1.o
[2812/4366] Building RCCLDEV object src/CMakeFiles/rccl_device_gfx950.dir/__/hipify/gensrc/specialized/specialized_reduce_ring_ll128_premulsum_f16_0_0_4.o
[2813/4366] Building RCCLDEV object src/CMakeFiles/rccl_device_gfx950.dir/__/hipify/gensrc/specialized/specialized_allreduce_tree_ll128_sum_u32_1_0_2_2.o
[2814/4366] Building RCCLDEV object src/CMakeFiles/rccl_device_gfx950.dir/__/hipify/gensrc/specialized/specialized_allreduce_tree_ll128_premulsum_bf16_0_0_4_1.o
[2815/4366] Building RCCLDEV object src/CMakeFiles/rccl_device_gfx950.dir/__/hipify/gensrc/specialized/specialized_allreduce_tree_ll128_premulsum_u32_0_0_2_2.o
[2816/4366] Building RCCLDEV object src/CMakeFiles/rccl_device_gfx950.dir/__/hipify/gensrc/specialized/specialized_allreduce_tree_ll128_prod_bf16_0_0_2_1.o
[2817/4366] Building RCCLDEV object src/CMakeFiles/rccl_device_gfx950.dir/__/hipify/gensrc/specialized/specialized_allreduce_tree_ll128_minmax_u32_0_0_2_1.o
[2818/4366] Building RCCLDEV object src/CMakeFiles/rccl_device_gfx950.dir/__/hipify/gensrc/specialized/specialized_allreduce_tree_ll128_premulsum_f64_1_0_4_1.o
[2819/4366] Building RCCLDEV object src/CMakeFiles/rccl_device_gfx950.dir/__/hipify/gensrc/specialized/specialized_allreduce_tree_ll128_prod_bf16_1_0_4_1.o
[2820/4366] Building RCCLDEV object src/CMakeFiles/rccl_device_gfx950.dir/__/hipify/gensrc/specialized/specialized_allreduce_tree_ll128_sumpostdiv_u32_1_0_4_1.o
[2821/4366] Building RCCLDEV object src/CMakeFiles/rccl_device_gfx950.dir/__/hipify/gensrc/specialized/specialized_reducescatter_ring_ll128_prod_bf16_0_0_4.o
[2822/4366] Building RCCLDEV object src/CMakeFiles/rccl_device_gfx950.dir/__/hipify/gensrc/specialized/specialized_reducescatter_ring_ll128_sumpostdiv_u32_0_0_4.o
[2823/4366] Building RCCLDEV object src/CMakeFiles/rccl_device_gfx950.dir/__/hipify/gensrc/specialized/specialized_allreduce_tree_ll128_minmax_bf16_0_0_2_1.o
[2824/4366] Building RCCLDEV object src/CMakeFiles/rccl_device_gfx950.dir/__/hipify/gensrc/specialized/specialized_allreduce_tree_ll128_sum_u32_0_0_1_1.o
[2825/4366] Building RCCLDEV object src/CMakeFiles/rccl_device_gfx950.dir/__/hipify/gensrc/specialized/specialized_reducescatter_ring_ll128_minmax_f32_0_0_4.o
[2826/4366] Building RCCLDEV object src/CMakeFiles/rccl_device_gfx950.dir/__/hipify/gensrc/specialized/specialized_allreduce_tree_ll128_premulsum_f32_0_0_2_1.o
[2827/4366] Building RCCLDEV object src/CMakeFiles/rccl_device_gfx950.dir/__/hipify/gensrc/specialized/specialized_allreduce_tree_ll128_minmax_f64_1_0_2_2.o
[2828/4366] Building RCCLDEV object src/CMakeFiles/rccl_device_gfx950.dir/__/hipify/gensrc/specialized/specialized_allreduce_tree_ll128_minmax_f32_1_0_4_1.o
[2829/4366] Building RCCLDEV object src/CMakeFiles/rccl_device_gfx950.dir/__/hipify/gensrc/specialized/specialized_allreduce_tree_ll128_prod_u32_1_0_2_2.o
[2830/4366] Building RCCLDEV object src/CMakeFiles/rccl_device_gfx950.dir/__/hipify/gensrc/specialized/specialized_allreduce_tree_ll128_premulsum_f64_0_0_2_1.o
[2831/4366] Building RCCLDEV object src/CMakeFiles/rccl_device_gfx950.dir/__/hipify/gensrc/specialized/specialized_reducescatter_ring_ll128_premulsum_f64_0_0_4.o
[2832/4366] Building RCCLDEV object src/CMakeFiles/rccl_device_gfx950.dir/__/hipify/gensrc/specialized/specialized_reducescatter_ring_ll128_sum_f16_0_0_4.o
[2833/4366] Building RCCLDEV object src/CMakeFiles/rccl_device_gfx950.dir/__/hipify/gensrc/specialized/specialized_allreduce_tree_ll128_premulsum_f16_1_0_4_2.o
[2834/4366] Building RCCLDEV object src/CMakeFiles/rccl_device_gfx950.dir/__/hipify/gensrc/specialized/specialized_allreduce_ring_simple_minmax_u8_1_0_1.o
[2835/4366] Building RCCLDEV object src/CMakeFiles/rccl_device_gfx950.dir/__/hipify/gensrc/specialized/specialized_reducescatter_ring_ll128_premulsum_u64_0_0_4.o
[2836/4366] Building RCCLDEV object src/CMakeFiles/rccl_device_gfx950.dir/__/hipify/gensrc/specialized/specialized_allreduce_tree_ll128_prod_f16_1_0_4_1.o
[2837/4366] Building RCCLDEV object src/CMakeFiles/rccl_device_gfx950.dir/__/hipify/gensrc/specialized/specialized_reducescatter_ring_ll128_minmax_u64_0_0_4.o
[2838/4366] Building RCCLDEV object src/CMakeFiles/rccl_device_gfx950.dir/__/hipify/gensrc/specialized/specialized_allreduce_tree_ll128_premulsum_u32_1_0_4_1.o
[2839/4366] Building RCCLDEV object src/CMakeFiles/rccl_device_gfx950.dir/__/hipify/gensrc/specialized/specialized_allreduce_tree_ll128_prod_u64_0_0_1_2.o
[2840/4366] Building RCCLDEV object src/CMakeFiles/rccl_device_gfx950.dir/__/hipify/gensrc/specialized/specialized_allreduce_tree_ll128_sum_f64_0_0_1_2.o
[2841/4366] Building RCCLDEV object src/CMakeFiles/rccl_device_gfx950.dir/__/hipify/gensrc/specialized/specialized_reducescatter_ring_ll128_prod_u8_0_0_4.o
[2842/4366] Building RCCLDEV object src/CMakeFiles/rccl_device_gfx950.dir/__/hipify/gensrc/specialized/specialized_reduce_ring_ll128_premulsum_u8_0_0_4.o
[2843/4366] Building RCCLDEV object src/CMakeFiles/rccl_device_gfx950.dir/__/hipify/gensrc/specialized/specialized_reducescatter_ring_ll128_premulsum_f32_0_0_4.o
[2844/4366] Building RCCLDEV object src/CMakeFiles/rccl_device_gfx950.dir/__/hipify/gensrc/specialized/specialized_allreduce_tree_ll128_prod_f16_1_0_4_2.o
[2845/4366] Building RCCLDEV object src/CMakeFiles/rccl_device_gfx950.dir/__/hipify/gensrc/specialized/specialized_allreduce_tree_ll128_premulsum_f16_0_0_2_2.o
[2846/4366] Building RCCLDEV object src/CMakeFiles/rccl_device_gfx950.dir/__/hipify/gensrc/specialized/specialized_allreduce_tree_ll128_sum_u64_0_0_1_2.o
[2847/4366] Building RCCLDEV object src/CMakeFiles/rccl_device_gfx950.dir/__/hipify/gensrc/specialized/specialized_reducescatter_ring_ll128_premulsum_u32_0_0_4.o
[2848/4366] Building RCCLDEV object src/CMakeFiles/rccl_device_gfx950.dir/__/hipify/gensrc/specialized/specialized_allreduce_tree_ll128_sumpostdiv_u32_0_0_2_2.o
[2849/4366] Building RCCLDEV object src/CMakeFiles/rccl_device_gfx950.dir/__/hipify/gensrc/specialized/specialized_allreduce_tree_ll128_prod_f32_1_0_2_2.o
[2850/4366] Building RCCLDEV object src/CMakeFiles/rccl_device_gfx950.dir/__/hipify/gensrc/specialized/specialized_reducescatter_ring_ll128_prod_f16_0_0_4.o
[2851/4366] Building RCCLDEV object src/CMakeFiles/rccl_device_gfx950.dir/__/hipify/gensrc/specialized/specialized_allreduce_tree_ll128_prod_u32_1_0_2_1.o
[2852/4366] Building RCCLDEV object src/CMakeFiles/rccl_device_gfx950.dir/__/hipify/gensrc/specialized/specialized_allreduce_tree_ll128_prod_f64_0_0_1_1.o
[2853/4366] Building RCCLDEV object src/CMakeFiles/rccl_device_gfx950.dir/__/hipify/gensrc/specialized/specialized_allreduce_tree_ll128_prod_u64_1_0_2_1.o
[2854/4366] Building RCCLDEV object src/CMakeFiles/rccl_device_gfx950.dir/__/hipify/gensrc/specialized/specialized_allreduce_tree_ll128_prod_u8_0_0_2_2.o
[2855/4366] Building RCCLDEV object src/CMakeFiles/rccl_device_gfx950.dir/__/hipify/gensrc/specialized/specialized_allreduce_tree_ll128_sum_u8_1_0_2_2.o
[2856/4366] Building RCCLDEV object src/CMakeFiles/rccl_device_gfx950.dir/__/hipify/gensrc/specialized/specialized_allreduce_tree_ll128_sum_f32_0_0_1_1.o
[2857/4366] Building RCCLDEV object src/CMakeFiles/rccl_device_gfx950.dir/__/hipify/gensrc/specialized/specialized_reduce_ring_ll128_premulsum_bf16_0_0_4.o
[2858/4366] Building RCCLDEV object src/CMakeFiles/rccl_device_gfx950.dir/__/hipify/gensrc/specialized/specialized_allreduce_tree_ll128_prod_f64_0_0_1_2.o
[2859/4366] Building RCCLDEV object src/CMakeFiles/rccl_device_gfx950.dir/__/hipify/gensrc/specialized/specialized_allreduce_tree_ll128_minmax_f32_0_0_1_2.o
[2860/4366] Building RCCLDEV object src/CMakeFiles/rccl_device_gfx950.dir/__/hipify/gensrc/specialized/specialized_allreduce_tree_ll128_prod_bf16_1_0_4_2.o
[2861/4366] Building RCCLDEV object src/CMakeFiles/rccl_device_gfx950.dir/__/hipify/gensrc/specialized/specialized_allreduce_tree_ll128_sumpostdiv_u32_0_0_2_1.o
[2862/4366] Building RCCLDEV object src/CMakeFiles/rccl_device_gfx950.dir/__/hipify/gensrc/specialized/specialized_allreduce_tree_ll128_sum_u8_0_0_1_1.o
[2863/4366] Building RCCLDEV object src/CMakeFiles/rccl_device_gfx950.dir/__/hipify/gensrc/specialized/specialized_reducescatter_ring_ll128_premulsum_bf16_0_0_4.o
[2864/4366] Building RCCLDEV object src/CMakeFiles/rccl_device_gfx950.dir/__/hipify/gensrc/specialized/specialized_allreduce_tree_ll128_prod_f16_1_0_2_2.o
[2865/4366] Building RCCLDEV object src/CMakeFiles/rccl_device_gfx950.dir/__/hipify/gensrc/specialized/specialized_allreduce_tree_ll128_minmax_f32_0_0_2_1.o
[2866/4366] Building RCCLDEV object src/CMakeFiles/rccl_device_gfx950.dir/__/hipify/gensrc/specialized/specialized_allreduce_tree_ll128_minmax_u64_0_0_1_2.o
[2867/4366] Building RCCLDEV object src/CMakeFiles/rccl_device_gfx950.dir/__/hipify/gensrc/specialized/specialized_allreduce_tree_ll128_prod_u32_0_0_1_1.o
[2868/4366] Building RCCLDEV object src/CMakeFiles/rccl_device_gfx950.dir/__/hipify/gensrc/specialized/specialized_allreduce_tree_ll128_sum_u8_0_0_1_2.o
[2869/4366] Building RCCLDEV object src/CMakeFiles/rccl_device_gfx950.dir/__/hipify/gensrc/specialized/specialized_allreduce_tree_ll128_sum_f64_1_0_1_2.o
[2870/4366] Building RCCLDEV object src/CMakeFiles/rccl_device_gfx950.dir/__/hipify/gensrc/specialized/specialized_allreduce_tree_ll128_premulsum_f16_0_0_2_1.o
[2871/4366] Building RCCLDEV object src/CMakeFiles/rccl_device_gfx950.dir/__/hipify/gensrc/specialized/specialized_allreduce_tree_ll128_prod_f64_1_0_2_2.o
[2872/4366] Building RCCLDEV object src/CMakeFiles/rccl_device_gfx950.dir/__/hipify/gensrc/specialized/specialized_reducescatter_ring_ll128_minmax_u8_0_0_4.o
[2873/4366] Building RCCLDEV object src/CMakeFiles/rccl_device_gfx950.dir/__/hipify/gensrc/specialized/specialized_allreduce_tree_ll128_sum_f64_1_0_2_1.o
[2874/4366] Building RCCLDEV object src/CMakeFiles/rccl_device_gfx950.dir/__/hipify/gensrc/specialized/specialized_allreduce_tree_ll128_sumpostdiv_u8_0_0_4_2.o
[2875/4366] Building RCCLDEV object src/CMakeFiles/rccl_device_gfx950.dir/__/hipify/gensrc/specialized/specialized_allreduce_tree_ll128_sum_f32_1_0_2_1.o
[2876/4366] Building RCCLDEV object src/CMakeFiles/rccl_device_gfx950.dir/__/hipify/gensrc/specialized/specialized_allreduce_tree_ll128_prod_u32_0_0_1_2.o
[2877/4366] Building RCCLDEV object src/CMakeFiles/rccl_device_gfx950.dir/__/hipify/gensrc/specialized/specialized_allreduce_tree_ll128_sum_f64_0_0_1_1.o
[2878/4366] Building RCCLDEV object src/CMakeFiles/rccl_device_gfx950.dir/__/hipify/gensrc/specialized/specialized_allreduce_tree_ll128_prod_u64_0_0_1_1.o
[2879/4366] Building RCCLDEV object src/CMakeFiles/rccl_device_gfx950.dir/__/hipify/gensrc/specialized/specialized_reducescatter_ring_ll128_sumpostdiv_u64_0_0_4.o
[2880/4366] Building RCCLDEV object src/CMakeFiles/rccl_device_gfx950.dir/__/hipify/gensrc/specialized/specialized_allreduce_tree_ll128_minmax_bf16_1_0_4_2.o
[2881/4366] Building RCCLDEV object src/CMakeFiles/rccl_device_gfx950.dir/__/hipify/gensrc/specialized/specialized_allreduce_tree_ll128_prod_u8_0_0_2_1.o
[2882/4366] Building RCCLDEV object src/CMakeFiles/rccl_device_gfx950.dir/__/hipify/gensrc/specialized/specialized_allreduce_tree_ll128_premulsum_f64_1_0_2_2.o
[2883/4366] Building RCCLDEV object src/CMakeFiles/rccl_device_gfx950.dir/__/hipify/gensrc/specialized/specialized_allreduce_tree_ll128_minmax_u32_0_0_1_2.o
[2884/4366] Building RCCLDEV object src/CMakeFiles/rccl_device_gfx950.dir/__/hipify/gensrc/specialized/specialized_allgather_ring_ll128_sum_i8_0_0_4_2.o
[2885/4366] Building RCCLDEV object src/CMakeFiles/rccl_device_gfx950.dir/__/hipify/gensrc/specialized/specialized_allreduce_tree_ll128_sumpostdiv_u32_1_0_4_2.o
[2886/4366] Building RCCLDEV object src/CMakeFiles/rccl_device_gfx950.dir/__/hipify/gensrc/specialized/specialized_reducescatter_ring_ll128_premulsum_f16_0_0_4.o
[2887/4366] Building RCCLDEV object src/CMakeFiles/rccl_device_gfx950.dir/__/hipify/gensrc/specialized/specialized_allreduce_tree_ll128_sum_f16_0_0_1_2.o
[2888/4366] Building RCCLDEV object src/CMakeFiles/rccl_device_gfx950.dir/__/hipify/gensrc/specialized/specialized_allreduce_tree_ll128_premulsum_u8_0_0_2_2.o
[2889/4366] Building RCCLDEV object src/CMakeFiles/rccl_device_gfx950.dir/__/hipify/gensrc/specialized/specialized_allreduce_tree_ll128_premulsum_u32_0_0_2_1.o
[2890/4366] Building RCCLDEV object src/CMakeFiles/rccl_device_gfx950.dir/__/hipify/gensrc/specialized/specialized_allreduce_tree_ll128_premulsum_bf16_1_0_4_2.o
[2891/4366] Building RCCLDEV object src/CMakeFiles/rccl_device_gfx950.dir/__/hipify/gensrc/specialized/specialized_allreduce_tree_ll128_prod_f32_0_0_1_2.o
[2892/4366] Building RCCLDEV object src/CMakeFiles/rccl_device_gfx950.dir/__/hipify/gensrc/specialized/specialized_allreduce_tree_ll128_prod_f16_0_0_1_2.o
[2893/4366] Building RCCLDEV object src/CMakeFiles/rccl_device_gfx950.dir/__/hipify/gensrc/specialized/specialized_allreduce_tree_ll128_prod_f32_0_0_1_1.o
[2894/4366] Building RCCLDEV object src/CMakeFiles/rccl_device_gfx950.dir/__/hipify/gensrc/specialized/specialized_allreduce_tree_simple_prod_f8e4m3_1_0_4.o
[2895/4366] Building RCCLDEV object src/CMakeFiles/rccl_device_gfx950.dir/__/hipify/gensrc/specialized/specialized_reducescatter_ring_ll128_minmax_bf16_0_0_4.o
[2896/4366] Building RCCLDEV object src/CMakeFiles/rccl_device_gfx950.dir/__/hipify/gensrc/specialized/specialized_allreduce_tree_ll128_minmax_u8_0_0_2_2.o
[2897/4366] Building RCCLDEV object src/CMakeFiles/rccl_device_gfx950.dir/__/hipify/gensrc/specialized/specialized_allreduce_tree_simple_prod_f8e5m2_1_0_4.o
[2898/4366] Building RCCLDEV object src/CMakeFiles/rccl_device_gfx950.dir/__/hipify/gensrc/specialized/specialized_allreduce_tree_ll128_sum_bf16_0_0_1_2.o
[2899/4366] Building RCCLDEV object src/CMakeFiles/rccl_device_gfx950.dir/__/hipify/gensrc/specialized/specialized_allgather_ring_ll128_sum_i8_0_0_4_1.o
[2900/4366] Building RCCLDEV object src/CMakeFiles/rccl_device_gfx950.dir/__/hipify/gensrc/specialized/specialized_allreduce_tree_ll128_premulsum_u64_0_0_1_2.o
[2901/4366] Building RCCLDEV object src/CMakeFiles/rccl_device_gfx950.dir/__/hipify/gensrc/specialized/specialized_allreduce_tree_ll128_minmax_f32_1_0_2_1.o
[2902/4366] Building RCCLDEV object src/CMakeFiles/rccl_device_gfx950.dir/__/hipify/gensrc/specialized/specialized_allreduce_tree_ll128_sum_f16_0_0_1_1.o
[2903/4366] Building RCCLDEV object src/CMakeFiles/rccl_device_gfx950.dir/__/hipify/gensrc/specialized/specialized_allreduce_tree_ll128_sum_u32_1_0_2_1.o
[2904/4366] Building RCCLDEV object src/CMakeFiles/rccl_device_gfx950.dir/__/hipify/gensrc/specialized/specialized_allreduce_tree_ll128_sum_u64_1_0_1_1.o
[2905/4366] Building RCCLDEV object src/CMakeFiles/rccl_device_gfx950.dir/__/hipify/gensrc/specialized/specialized_reducescatter_ring_ll128_premulsum_u8_0_0_4.o
[2906/4366] Building RCCLDEV object src/CMakeFiles/rccl_device_gfx950.dir/__/hipify/gensrc/specialized/specialized_reduce_ring_ll128_sumpostdiv_u8_0_0_4.o
[2907/4366] Building RCCLDEV object src/CMakeFiles/rccl_device_gfx950.dir/__/hipify/gensrc/specialized/specialized_allreduce_tree_ll128_minmax_u8_0_0_2_1.o
[2908/4366] Building RCCLDEV object src/CMakeFiles/rccl_device_gfx950.dir/__/hipify/gensrc/specialized/specialized_allreduce_tree_ll128_sum_u64_1_0_1_2.o
[2909/4366] Building RCCLDEV object src/CMakeFiles/rccl_device_gfx950.dir/__/hipify/gensrc/specialized/specialized_allreduce_tree_ll128_minmax_f64_0_0_1_2.o
[2910/4366] Building RCCLDEV object src/CMakeFiles/rccl_device_gfx950.dir/__/hipify/gensrc/specialized/specialized_allreduce_tree_ll128_sum_bf16_0_0_1_1.o
[2911/4366] Building RCCLDEV object src/CMakeFiles/rccl_device_gfx950.dir/__/hipify/gensrc/specialized/specialized_allreduce_tree_ll128_sum_u8_1_0_2_1.o
[2912/4366] Building RCCLDEV object src/CMakeFiles/rccl_device_gfx950.dir/__/hipify/gensrc/specialized/specialized_allreduce_tree_ll128_minmax_f32_1_0_2_2.o
[2913/4366] Building RCCLDEV object src/CMakeFiles/rccl_device_gfx950.dir/__/hipify/gensrc/specialized/specialized_allreduce_tree_ll128_sumpostdiv_u64_0_0_2_1.o
[2914/4366] Building RCCLDEV object src/CMakeFiles/rccl_device_gfx950.dir/__/hipify/gensrc/specialized/specialized_allreduce_tree_ll128_minmax_u32_1_0_2_2.o
[2915/4366] Building RCCLDEV object src/CMakeFiles/rccl_device_gfx950.dir/__/hipify/gensrc/specialized/specialized_allreduce_tree_ll128_sum_u32_1_0_1_2.o
[2916/4366] Building RCCLDEV object src/CMakeFiles/rccl_device_gfx950.dir/__/hipify/gensrc/specialized/specialized_allreduce_tree_ll128_minmax_f32_0_0_1_1.o
[2917/4366] Building RCCLDEV object src/CMakeFiles/rccl_device_gfx950.dir/__/hipify/gensrc/specialized/specialized_allreduce_tree_ll128_premulsum_f16_1_0_4_1.o
[2918/4366] Building RCCLDEV object src/CMakeFiles/rccl_device_gfx950.dir/__/hipify/gensrc/specialized/specialized_allreduce_tree_ll128_sum_f16_1_0_2_2.o
[2919/4366] Building RCCLDEV object src/CMakeFiles/rccl_device_gfx950.dir/__/hipify/gensrc/specialized/specialized_allreduce_tree_ll128_minmax_bf16_1_0_4_1.o
[2920/4366] Building RCCLDEV object src/CMakeFiles/rccl_device_gfx950.dir/__/hipify/gensrc/specialized/specialized_allreduce_tree_ll128_sumpostdiv_u64_1_0_4_2.o
[2921/4366] Building RCCLDEV object src/CMakeFiles/rccl_device_gfx950.dir/__/hipify/gensrc/specialized/specialized_allreduce_tree_ll128_premulsum_f64_1_0_2_1.o
[2922/4366] Building RCCLDEV object src/CMakeFiles/rccl_device_gfx950.dir/__/hipify/gensrc/specialized/specialized_allreduce_tree_ll128_sum_f32_1_0_1_2.o
[2923/4366] Building RCCLDEV object src/CMakeFiles/rccl_device_gfx950.dir/__/hipify/gensrc/specialized/specialized_allreduce_tree_ll128_premulsum_u64_1_0_2_2.o
[2924/4366] Building RCCLDEV object src/CMakeFiles/rccl_device_gfx950.dir/__/hipify/gensrc/specialized/specialized_allreduce_tree_ll128_premulsum_bf16_0_0_2_2.o
[2925/4366] Building RCCLDEV object src/CMakeFiles/rccl_device_gfx950.dir/__/hipify/gensrc/specialized/specialized_allreduce_tree_ll128_premulsum_f64_0_0_1_2.o
[2926/4366] Building RCCLDEV object src/CMakeFiles/rccl_device_gfx950.dir/__/hipify/gensrc/specialized/specialized_allreduce_tree_ll128_minmax_bf16_0_0_2_2.o
[2927/4366] Building RCCLDEV object src/CMakeFiles/rccl_device_gfx950.dir/__/hipify/gensrc/specialized/specialized_allreduce_tree_ll128_minmax_u64_1_0_2_2.o
[2928/4366] Building RCCLDEV object src/CMakeFiles/rccl_device_gfx950.dir/__/hipify/gensrc/specialized/specialized_allreduce_tree_ll128_minmax_u64_1_0_2_1.o
[2929/4366] Building RCCLDEV object src/CMakeFiles/rccl_device_gfx950.dir/__/hipify/gensrc/specialized/specialized_allreduce_tree_ll128_sum_f64_1_0_1_1.o
[2930/4366] Building RCCLDEV object src/CMakeFiles/rccl_device_gfx950.dir/__/hipify/gensrc/specialized/specialized_allreduce_tree_ll128_prod_f16_1_0_2_1.o
[2931/4366] Building RCCLDEV object src/CMakeFiles/rccl_device_gfx950.dir/__/hipify/gensrc/specialized/specialized_allreduce_tree_ll128_premulsum_f32_1_0_2_2.o
[2932/4366] Building RCCLDEV object src/CMakeFiles/rccl_device_gfx950.dir/__/hipify/gensrc/specialized/specialized_allreduce_tree_ll128_prod_f16_0_0_1_1.o
[2933/4366] Building RCCLDEV object src/CMakeFiles/rccl_device_gfx950.dir/__/hipify/gensrc/specialized/specialized_allreduce_tree_ll128_sum_f32_1_0_1_1.o
[2934/4366] Building RCCLDEV object src/CMakeFiles/rccl_device_gfx950.dir/__/hipify/gensrc/specialized/specialized_allreduce_tree_ll128_sumpostdiv_u64_0_0_2_2.o
[2935/4366] Building RCCLDEV object src/CMakeFiles/rccl_device_gfx950.dir/__/hipify/gensrc/specialized/specialized_allreduce_tree_ll128_premulsum_u64_1_0_2_1.o
[2936/4366] Building RCCLDEV object src/CMakeFiles/rccl_device_gfx950.dir/__/hipify/gensrc/specialized/specialized_allreduce_tree_ll128_prod_f64_1_0_2_1.o
[2937/4366] Building RCCLDEV object src/CMakeFiles/rccl_device_gfx950.dir/__/hipify/gensrc/specialized/specialized_allreduce_tree_ll128_premulsum_f16_0_0_1_2.o
[2938/4366] Building RCCLDEV object src/CMakeFiles/rccl_device_gfx950.dir/__/hipify/gensrc/specialized/specialized_reducescatter_ring_ll128_sumpostdiv_u8_0_0_4.o
[2939/4366] Building RCCLDEV object src/CMakeFiles/rccl_device_gfx950.dir/__/hipify/gensrc/specialized/specialized_allreduce_tree_ll128_sumpostdiv_u32_0_0_1_2.o
[2940/4366] Building RCCLDEV object src/CMakeFiles/rccl_device_gfx950.dir/__/hipify/gensrc/specialized/specialized_allreduce_tree_ll128_prod_u64_1_0_1_2.o
[2941/4366] Building RCCLDEV object src/CMakeFiles/rccl_device_gfx950.dir/__/hipify/gensrc/specialized/specialized_allreduce_tree_ll128_sum_bf16_1_0_2_2.o
[2942/4366] Building RCCLDEV object src/CMakeFiles/rccl_device_gfx950.dir/__/hipify/gensrc/specialized/specialized_allreduce_tree_ll128_prod_u8_0_0_1_2.o
[2943/4366] Building RCCLDEV object src/CMakeFiles/rccl_device_gfx950.dir/__/hipify/gensrc/specialized/specialized_allreduce_tree_ll128_prod_u8_0_0_1_1.o
[2944/4366] Building RCCLDEV object src/CMakeFiles/rccl_device_gfx950.dir/__/hipify/gensrc/specialized/specialized_allreduce_tree_ll128_premulsum_f64_0_0_1_1.o
[2945/4366] Building RCCLDEV object src/CMakeFiles/rccl_device_gfx950.dir/__/hipify/gensrc/specialized/specialized_allreduce_tree_ll128_premulsum_u32_1_0_2_2.o
[2946/4366] Building RCCLDEV object src/CMakeFiles/rccl_device_gfx950.dir/__/hipify/gensrc/specialized/specialized_allreduce_ring_simple_prod_f8e4m3_1_0_4.o
[2947/4366] Building RCCLDEV object src/CMakeFiles/rccl_device_gfx950.dir/__/hipify/gensrc/specialized/specialized_allreduce_tree_ll128_sum_u8_1_0_1_2.o
[2948/4366] Building RCCLDEV object src/CMakeFiles/rccl_device_gfx950.dir/__/hipify/gensrc/specialized/specialized_allreduce_tree_ll128_premulsum_u32_0_0_1_1.o
[2949/4366] Building RCCLDEV object src/CMakeFiles/rccl_device_gfx950.dir/__/hipify/gensrc/specialized/specialized_allreduce_tree_ll128_premulsum_f32_1_0_2_1.o
[2950/4366] Building RCCLDEV object src/CMakeFiles/rccl_device_gfx950.dir/__/hipify/gensrc/specialized/specialized_allreduce_tree_ll128_premulsum_u64_0_0_1_1.o
[2951/4366] Building RCCLDEV object src/CMakeFiles/rccl_device_gfx950.dir/__/hipify/gensrc/specialized/specialized_allreduce_ring_ll128_sum_f32_0_0_4_2.o
[2952/4366] Building RCCLDEV object src/CMakeFiles/rccl_device_gfx950.dir/__/hipify/gensrc/specialized/specialized_allreduce_tree_ll128_sum_f16_1_0_2_1.o
[2953/4366] Building RCCLDEV object src/CMakeFiles/rccl_device_gfx950.dir/__/hipify/gensrc/specialized/specialized_allreduce_ring_ll128_sum_u32_0_0_4_2.o
[2954/4366] Building RCCLDEV object src/CMakeFiles/rccl_device_gfx950.dir/__/hipify/gensrc/specialized/specialized_allreduce_ring_ll128_sum_u64_0_0_4_1.o
[2955/4366] Building RCCLDEV object src/CMakeFiles/rccl_device_gfx950.dir/__/hipify/gensrc/specialized/specialized_allreduce_tree_ll128_minmax_f64_0_0_1_1.o
[2956/4366] Building RCCLDEV object src/CMakeFiles/rccl_device_gfx950.dir/__/hipify/gensrc/specialized/specialized_allreduce_tree_ll128_prod_bf16_0_0_1_2.o
[2957/4366] Building RCCLDEV object src/CMakeFiles/rccl_device_gfx950.dir/__/hipify/gensrc/specialized/specialized_allreduce_tree_ll128_premulsum_bf16_0_0_2_1.o
[2958/4366] Building RCCLDEV object src/CMakeFiles/rccl_device_gfx950.dir/__/hipify/gensrc/specialized/specialized_allreduce_tree_ll128_premulsum_f64_1_0_1_2.o
[2959/4366] Building RCCLDEV object src/CMakeFiles/rccl_device_gfx950.dir/__/hipify/gensrc/specialized/specialized_allreduce_tree_ll128_premulsum_f32_0_0_1_2.o
[2960/4366] Building RCCLDEV object src/CMakeFiles/rccl_device_gfx950.dir/__/hipify/gensrc/specialized/specialized_allreduce_tree_ll128_prod_f32_1_0_1_2.o
[2961/4366] Building RCCLDEV object src/CMakeFiles/rccl_device_gfx950.dir/__/hipify/gensrc/specialized/specialized_allreduce_ring_ll128_sum_f32_0_0_4_1.o
[2962/4366] Building RCCLDEV object src/CMakeFiles/rccl_device_gfx950.dir/__/hipify/gensrc/specialized/specialized_allreduce_ring_ll128_sum_u32_0_0_4_1.o
[2963/4366] Building RCCLDEV object src/CMakeFiles/rccl_device_gfx950.dir/__/hipify/gensrc/specialized/specialized_allreduce_tree_ll128_prod_u64_1_0_1_1.o
[2964/4366] Building RCCLDEV object src/CMakeFiles/rccl_device_gfx950.dir/__/hipify/gensrc/specialized/specialized_allreduce_tree_ll128_premulsum_f16_1_0_2_2.o
[2965/4366] Building RCCLDEV object src/CMakeFiles/rccl_device_gfx950.dir/__/hipify/gensrc/specialized/specialized_allreduce_tree_ll128_premulsum_bf16_1_0_2_2.o
[2966/4366] Building RCCLDEV object src/CMakeFiles/rccl_device_gfx950.dir/__/hipify/gensrc/specialized/specialized_allreduce_tree_ll128_premulsum_u32_0_0_1_2.o
[2967/4366] Building RCCLDEV object src/CMakeFiles/rccl_device_gfx950.dir/__/hipify/gensrc/specialized/specialized_allreduce_tree_simple_minmax_f16_1_0_2.o
[2968/4366] Building RCCLDEV object src/CMakeFiles/rccl_device_gfx950.dir/__/hipify/gensrc/specialized/specialized_allreduce_tree_ll128_minmax_u64_0_0_1_1.o
[2969/4366] Building RCCLDEV object src/CMakeFiles/rccl_device_gfx950.dir/__/hipify/gensrc/specialized/specialized_allreduce_tree_ll128_minmax_u8_1_0_4_1.o
[2970/4366] Building RCCLDEV object src/CMakeFiles/rccl_device_gfx950.dir/__/hipify/gensrc/specialized/specialized_allreduce_tree_ll128_prod_f64_1_0_1_2.o
[2971/4366] Building RCCLDEV object src/CMakeFiles/rccl_device_gfx950.dir/__/hipify/gensrc/specialized/specialized_allreduce_tree_ll128_prod_f32_1_0_2_1.o
[2972/4366] Building RCCLDEV object src/CMakeFiles/rccl_device_gfx950.dir/__/hipify/gensrc/specialized/specialized_allreduce_ring_ll128_sum_u8_0_0_4_2.o
[2973/4366] Building RCCLDEV object src/CMakeFiles/rccl_device_gfx950.dir/__/hipify/gensrc/specialized/specialized_allreduce_ring_ll128_sum_u64_0_0_4_2.o
[2974/4366] Building RCCLDEV object src/CMakeFiles/rccl_device_gfx950.dir/__/hipify/gensrc/specialized/specialized_allreduce_tree_ll128_prod_u32_1_0_1_1.o
[2975/4366] Building RCCLDEV object src/CMakeFiles/rccl_device_gfx950.dir/__/hipify/gensrc/specialized/specialized_allreduce_tree_ll128_sumpostdiv_u64_1_0_4_1.o
[2976/4366] Building RCCLDEV object src/CMakeFiles/rccl_device_gfx950.dir/__/hipify/gensrc/specialized/specialized_allreduce_tree_ll128_premulsum_u8_0_0_2_1.o
[2977/4366] Building RCCLDEV object src/CMakeFiles/rccl_device_gfx950.dir/__/hipify/gensrc/specialized/specialized_allreduce_ring_ll128_sum_f64_0_0_4_1.o
[2978/4366] Building RCCLDEV object src/CMakeFiles/rccl_device_gfx950.dir/__/hipify/gensrc/specialized/specialized_allreduce_tree_ll128_minmax_bf16_0_0_1_1.o
[2979/4366] Building RCCLDEV object src/CMakeFiles/rccl_device_gfx950.dir/__/hipify/gensrc/specialized/specialized_allreduce_tree_ll128_premulsum_u32_1_0_2_1.o
[2980/4366] Building RCCLDEV object src/CMakeFiles/rccl_device_gfx950.dir/__/hipify/gensrc/specialized/specialized_allreduce_tree_ll128_minmax_u32_0_0_1_1.o
[2981/4366] Building RCCLDEV object src/CMakeFiles/rccl_device_gfx950.dir/__/hipify/gensrc/specialized/specialized_allreduce_tree_ll128_premulsum_bf16_0_0_1_1.o
[2982/4366] Building RCCLDEV object src/CMakeFiles/rccl_device_gfx950.dir/__/hipify/gensrc/specialized/specialized_allreduce_ring_ll128_sum_bf16_0_0_4_2.o
[2983/4366] Building RCCLDEV object src/CMakeFiles/rccl_device_gfx950.dir/__/hipify/gensrc/specialized/specialized_allreduce_tree_ll128_sumpostdiv_u32_1_0_2_1.o
[2984/4366] Building RCCLDEV object src/CMakeFiles/rccl_device_gfx950.dir/__/hipify/gensrc/specialized/specialized_allreduce_tree_ll128_sum_bf16_1_0_1_2.o
[2985/4366] Building RCCLDEV object src/CMakeFiles/rccl_device_gfx950.dir/__/hipify/gensrc/specialized/specialized_allreduce_tree_ll128_premulsum_u8_1_0_4_1.o
[2986/4366] Building RCCLDEV object src/CMakeFiles/rccl_device_gfx950.dir/__/hipify/gensrc/specialized/specialized_allreduce_tree_ll128_minmax_u8_0_0_1_2.o
[2987/4366] Building RCCLDEV object src/CMakeFiles/rccl_device_gfx950.dir/__/hipify/gensrc/specialized/specialized_allreduce_tree_ll128_premulsum_bf16_1_0_4_1.o
[2988/4366] Building RCCLDEV object src/CMakeFiles/rccl_device_gfx950.dir/__/hipify/gensrc/specialized/specialized_allreduce_tree_ll128_prod_bf16_0_0_1_1.o
[2989/4366] Building RCCLDEV object src/CMakeFiles/rccl_device_gfx950.dir/__/hipify/gensrc/specialized/specialized_allreduce_tree_ll128_minmax_u32_1_0_1_2.o
[2990/4366] Building RCCLDEV object src/CMakeFiles/rccl_device_gfx950.dir/__/hipify/gensrc/specialized/specialized_allreduce_ring_ll128_sum_f16_0_0_4_2.o
[2991/4366] Building RCCLDEV object src/CMakeFiles/rccl_device_gfx950.dir/__/hipify/gensrc/specialized/specialized_allreduce_tree_ll128_prod_u32_1_0_1_2.o
[2992/4366] Building RCCLDEV object src/CMakeFiles/rccl_device_gfx950.dir/__/hipify/gensrc/specialized/specialized_allreduce_tree_ll128_prod_f32_1_0_1_1.o
[2993/4366] Building RCCLDEV object src/CMakeFiles/rccl_device_gfx950.dir/__/hipify/gensrc/specialized/specialized_allreduce_ring_ll128_sum_f16_0_0_4_1.o
[2994/4366] Building RCCLDEV object src/CMakeFiles/rccl_device_gfx950.dir/__/hipify/gensrc/specialized/specialized_allreduce_tree_ll128_premulsum_f32_1_0_1_2.o
[2995/4366] Building RCCLDEV object src/CMakeFiles/rccl_device_gfx950.dir/__/hipify/gensrc/specialized/specialized_allreduce_tree_ll128_premulsum_f32_0_0_1_1.o
[2996/4366] Building RCCLDEV object src/CMakeFiles/rccl_device_gfx950.dir/__/hipify/gensrc/specialized/specialized_allreduce_tree_ll128_premulsum_u8_1_0_4_2.o
[2997/4366] Building RCCLDEV object src/CMakeFiles/rccl_device_gfx950.dir/__/hipify/gensrc/specialized/specialized_allreduce_ring_ll128_prod_u8_0_0_4_2.o
[2998/4366] Building RCCLDEV object src/CMakeFiles/rccl_device_gfx950.dir/__/hipify/gensrc/specialized/specialized_allreduce_tree_ll128_prod_bf16_1_0_2_2.o
[2999/4366] Building RCCLDEV object src/CMakeFiles/rccl_device_gfx950.dir/__/hipify/gensrc/specialized/specialized_allreduce_tree_ll128_sumpostdiv_u32_1_0_2_2.o
[3000/4366] Building RCCLDEV object src/CMakeFiles/rccl_device_gfx950.dir/__/hipify/gensrc/specialized/specialized_allreduce_ring_ll128_prod_u32_0_0_4_1.o
[3001/4366] Building RCCLDEV object src/CMakeFiles/rccl_device_gfx950.dir/__/hipify/gensrc/specialized/specialized_allreduce_tree_ll128_sumpostdiv_u32_0_0_1_1.o
[3002/4366] Building RCCLDEV object src/CMakeFiles/rccl_device_gfx950.dir/__/hipify/gensrc/specialized/specialized_allreduce_ring_ll128_prod_u32_0_0_4_2.o
[3003/4366] Building RCCLDEV object src/CMakeFiles/rccl_device_gfx950.dir/__/hipify/gensrc/specialized/specialized_allreduce_tree_ll128_sumpostdiv_u64_0_0_1_2.o
[3004/4366] Building RCCLDEV object src/CMakeFiles/rccl_device_gfx950.dir/__/hipify/gensrc/specialized/specialized_allreduce_ring_ll128_sum_f64_0_0_4_2.o
[3005/4366] Building RCCLDEV object src/CMakeFiles/rccl_device_gfx950.dir/__/hipify/gensrc/specialized/specialized_allreduce_tree_ll128_minmax_u8_0_0_1_1.o
[3006/4366] Building RCCLDEV object src/CMakeFiles/rccl_device_gfx950.dir/__/hipify/gensrc/specialized/specialized_allreduce_tree_ll128_sumpostdiv_u8_0_0_2_2.o
[3007/4366] Building RCCLDEV object src/CMakeFiles/rccl_device_gfx950.dir/__/hipify/gensrc/specialized/specialized_allreduce_tree_ll128_sum_f16_1_0_1_2.o
[3008/4366] Building RCCLDEV object src/CMakeFiles/rccl_device_gfx950.dir/__/hipify/gensrc/specialized/specialized_allreduce_ring_ll128_sum_u8_0_0_4_1.o
[3009/4366] Building RCCLDEV object src/CMakeFiles/rccl_device_gfx950.dir/__/hipify/gensrc/specialized/specialized_allreduce_ring_simple_sumpostdiv_u64_0_0_1.o
[3010/4366] Building RCCLDEV object src/CMakeFiles/rccl_device_gfx950.dir/__/hipify/gensrc/specialized/specialized_allreduce_tree_ll128_sum_u32_1_0_1_1.o
[3011/4366] Building RCCLDEV object src/CMakeFiles/rccl_device_gfx950.dir/__/hipify/gensrc/specialized/specialized_allreduce_ring_ll128_sum_u64_1_0_4_2.o
[3012/4366] Building RCCLDEV object src/CMakeFiles/rccl_device_gfx950.dir/__/hipify/gensrc/specialized/specialized_allreduce_tree_ll128_prod_bf16_1_0_1_2.o
[3013/4366] Building RCCLDEV object src/CMakeFiles/rccl_device_gfx950.dir/__/hipify/gensrc/specialized/specialized_allreduce_tree_ll128_minmax_f64_1_0_2_1.o
[3014/4366] Building RCCLDEV object src/CMakeFiles/rccl_device_gfx950.dir/__/hipify/gensrc/specialized/specialized_allreduce_tree_ll128_minmax_bf16_0_0_1_2.o
[3015/4366] Building RCCLDEV object src/CMakeFiles/rccl_device_gfx950.dir/__/hipify/gensrc/specialized/specialized_allreduce_tree_ll128_minmax_u8_1_0_4_2.o
[3016/4366] Building RCCLDEV object src/CMakeFiles/rccl_device_gfx950.dir/__/hipify/gensrc/specialized/specialized_allreduce_tree_ll128_premulsum_bf16_0_0_1_2.o
[3017/4366] Building RCCLDEV object src/CMakeFiles/rccl_device_gfx950.dir/__/hipify/gensrc/specialized/specialized_allreduce_tree_ll128_premulsum_f16_0_0_1_1.o
[3018/4366] Building RCCLDEV object src/CMakeFiles/rccl_device_gfx950.dir/__/hipify/gensrc/specialized/specialized_allreduce_tree_ll128_premulsum_u64_1_0_1_1.o
[3019/4366] Building RCCLDEV object src/CMakeFiles/rccl_device_gfx950.dir/__/hipify/gensrc/specialized/specialized_allreduce_tree_ll128_sum_bf16_1_0_2_1.o
[3020/4366] Building RCCLDEV object src/CMakeFiles/rccl_device_gfx950.dir/__/hipify/gensrc/specialized/specialized_allreduce_tree_ll128_minmax_u64_1_0_1_2.o
[3021/4366] Building RCCLDEV object src/CMakeFiles/rccl_device_gfx950.dir/__/hipify/gensrc/specialized/specialized_allreduce_tree_ll128_minmax_u32_1_0_2_1.o
[3022/4366] Building RCCLDEV object src/CMakeFiles/rccl_device_gfx950.dir/__/hipify/gensrc/specialized/specialized_allreduce_tree_ll128_prod_u8_1_0_2_1.o
[3023/4366] Building RCCLDEV object src/CMakeFiles/rccl_device_gfx950.dir/__/hipify/gensrc/specialized/specialized_allreduce_tree_ll128_prod_f16_1_0_1_2.o
[3024/4366] Building RCCLDEV object src/CMakeFiles/rccl_device_gfx950.dir/__/hipify/gensrc/specialized/specialized_allreduce_ring_ll128_sum_u32_1_0_4_2.o
[3025/4366] Building RCCLDEV object src/CMakeFiles/rccl_device_gfx950.dir/__/hipify/gensrc/specialized/specialized_allreduce_ring_ll128_sum_bf16_0_0_4_1.o
[3026/4366] Building RCCLDEV object src/CMakeFiles/rccl_device_gfx950.dir/__/hipify/gensrc/specialized/specialized_allreduce_tree_ll128_premulsum_f32_1_0_1_1.o
[3027/4366] Building RCCLDEV object src/CMakeFiles/rccl_device_gfx950.dir/__/hipify/gensrc/specialized/specialized_allreduce_tree_ll128_prod_bf16_1_0_2_1.o
[3028/4366] Building RCCLDEV object src/CMakeFiles/rccl_device_gfx950.dir/__/hipify/gensrc/specialized/specialized_allreduce_tree_ll128_sumpostdiv_u64_1_0_2_1.o
[3029/4366] Building RCCLDEV object src/CMakeFiles/rccl_device_gfx950.dir/__/hipify/gensrc/specialized/specialized_allreduce_tree_ll128_minmax_f64_1_0_1_1.o
[3030/4366] Building RCCLDEV object src/CMakeFiles/rccl_device_gfx950.dir/__/hipify/gensrc/specialized/specialized_allreduce_ring_ll128_prod_f16_0_0_4_1.o
[3031/4366] Building RCCLDEV object src/CMakeFiles/rccl_device_gfx950.dir/__/hipify/gensrc/specialized/specialized_allreduce_tree_ll128_premulsum_u8_0_0_1_1.o
[3032/4366] Building RCCLDEV object src/CMakeFiles/rccl_device_gfx950.dir/__/hipify/gensrc/specialized/specialized_allreduce_tree_ll128_sumpostdiv_u32_1_0_1_2.o
[3033/4366] Building RCCLDEV object src/CMakeFiles/rccl_device_gfx950.dir/__/hipify/gensrc/specialized/specialized_reduce_ring_ll128_minmax_f16_0_0_4.o
[3034/4366] Building RCCLDEV object src/CMakeFiles/rccl_device_gfx950.dir/__/hipify/gensrc/specialized/specialized_allreduce_tree_ll128_minmax_f64_1_0_1_2.o
[3035/4366] Building RCCLDEV object src/CMakeFiles/rccl_device_gfx950.dir/__/hipify/gensrc/specialized/specialized_allreduce_tree_ll128_prod_bf16_1_0_1_1.o
[3036/4366] Building RCCLDEV object src/CMakeFiles/rccl_device_gfx950.dir/__/hipify/gensrc/specialized/specialized_allreduce_tree_ll128_premulsum_u8_0_0_1_2.o
[3037/4366] Building RCCLDEV object src/CMakeFiles/rccl_device_gfx950.dir/__/hipify/gensrc/specialized/specialized_allreduce_tree_ll128_sumpostdiv_u8_0_0_2_1.o
[3038/4366] Building RCCLDEV object src/CMakeFiles/rccl_device_gfx950.dir/__/hipify/gensrc/specialized/specialized_allreduce_ring_ll128_sum_f32_1_0_4_2.o
[3039/4366] Building RCCLDEV object src/CMakeFiles/rccl_device_gfx950.dir/__/hipify/gensrc/specialized/specialized_allreduce_tree_ll128_prod_f64_1_0_1_1.o
[3040/4366] Building RCCLDEV object src/CMakeFiles/rccl_device_gfx950.dir/__/hipify/gensrc/specialized/specialized_allreduce_ring_ll128_prod_f16_0_0_4_2.o
[3041/4366] Building RCCLDEV object src/CMakeFiles/rccl_device_gfx950.dir/__/hipify/gensrc/specialized/specialized_allreduce_tree_ll128_minmax_bf16_1_0_2_1.o
[3042/4366] Building RCCLDEV object src/CMakeFiles/rccl_device_gfx950.dir/__/hipify/gensrc/specialized/specialized_allreduce_tree_ll128_sumpostdiv_u8_1_0_4_2.o
[3043/4366] Building RCCLDEV object src/CMakeFiles/rccl_device_gfx950.dir/__/hipify/gensrc/specialized/specialized_allreduce_tree_ll128_sum_bf16_1_0_1_1.o
[3044/4366] Building RCCLDEV object src/CMakeFiles/rccl_device_gfx950.dir/__/hipify/gensrc/specialized/specialized_allreduce_tree_ll128_premulsum_f16_1_0_2_1.o
[3045/4366] Building RCCLDEV object src/CMakeFiles/rccl_device_gfx950.dir/__/hipify/gensrc/specialized/specialized_allreduce_tree_ll128_premulsum_u8_1_0_2_1.o
[3046/4366] Building RCCLDEV object src/CMakeFiles/rccl_device_gfx950.dir/__/hipify/gensrc/specialized/specialized_allreduce_ring_ll128_prod_u64_0_0_4_2.o
[3047/4366] Building RCCLDEV object src/CMakeFiles/rccl_device_gfx950.dir/__/hipify/gensrc/specialized/specialized_allreduce_ring_ll128_prod_u64_0_0_4_1.o
[3048/4366] Building RCCLDEV object src/CMakeFiles/rccl_device_gfx950.dir/__/hipify/gensrc/specialized/specialized_allreduce_tree_ll128_premulsum_u64_1_0_1_2.o
[3049/4366] Building RCCLDEV object src/CMakeFiles/rccl_device_gfx950.dir/__/hipify/gensrc/specialized/specialized_allreduce_tree_ll128_sumpostdiv_u64_1_0_2_2.o
[3050/4366] Building RCCLDEV object src/CMakeFiles/rccl_device_gfx950.dir/__/hipify/gensrc/specialized/specialized_allreduce_tree_ll128_premulsum_u8_1_0_2_2.o
[3051/4366] Building RCCLDEV object src/CMakeFiles/rccl_device_gfx950.dir/__/hipify/gensrc/specialized/specialized_allreduce_tree_ll128_sumpostdiv_u64_0_0_1_1.o
[3052/4366] Building RCCLDEV object src/CMakeFiles/rccl_device_gfx950.dir/__/hipify/gensrc/specialized/specialized_allreduce_tree_ll128_minmax_bf16_1_0_2_2.o
[3053/4366] Building RCCLDEV object src/CMakeFiles/rccl_device_gfx950.dir/__/hipify/gensrc/specialized/specialized_allreduce_tree_ll128_sumpostdiv_u8_1_0_2_2.o
[3054/4366] Building RCCLDEV object src/CMakeFiles/rccl_device_gfx950.dir/__/hipify/gensrc/specialized/specialized_allreduce_tree_ll128_minmax_u32_1_0_1_1.o
[3055/4366] Building RCCLDEV object src/CMakeFiles/rccl_device_gfx950.dir/__/hipify/gensrc/specialized/specialized_allreduce_ring_ll128_prod_u8_0_0_4_1.o
[3056/4366] Building RCCLDEV object src/CMakeFiles/rccl_device_gfx950.dir/__/hipify/gensrc/specialized/specialized_allreduce_tree_ll128_sumpostdiv_u8_1_0_4_1.o
[3057/4366] Building RCCLDEV object src/CMakeFiles/rccl_device_gfx950.dir/__/hipify/gensrc/specialized/specialized_allreduce_tree_ll128_minmax_f32_1_0_1_2.o
[3058/4366] Building RCCLDEV object src/CMakeFiles/rccl_device_gfx950.dir/__/hipify/gensrc/specialized/specialized_allreduce_ring_ll128_prod_f32_0_0_4_2.o
[3059/4366] Building RCCLDEV object src/CMakeFiles/rccl_device_gfx950.dir/__/hipify/gensrc/specialized/specialized_allreduce_tree_ll128_minmax_u64_1_0_1_1.o
[3060/4366] Building RCCLDEV object src/CMakeFiles/rccl_device_gfx950.dir/__/hipify/gensrc/specialized/specialized_allreduce_tree_ll128_sumpostdiv_u8_0_0_1_2.o
[3061/4366] Building RCCLDEV object src/CMakeFiles/rccl_device_gfx950.dir/__/hipify/gensrc/specialized/specialized_allreduce_tree_ll128_premulsum_u32_1_0_1_2.o
[3062/4366] Building RCCLDEV object src/CMakeFiles/rccl_device_gfx950.dir/__/hipify/gensrc/specialized/specialized_allreduce_tree_ll128_sum_u8_1_0_1_1.o
[3063/4366] Building RCCLDEV object src/CMakeFiles/rccl_device_gfx950.dir/__/hipify/gensrc/specialized/specialized_allreduce_tree_ll128_prod_u8_1_0_2_2.o
[3064/4366] Building RCCLDEV object src/CMakeFiles/rccl_device_gfx950.dir/__/hipify/gensrc/specialized/specialized_allreduce_ring_ll128_sum_f32_1_0_4_1.o
[3065/4366] Building RCCLDEV object src/CMakeFiles/rccl_device_gfx950.dir/__/hipify/gensrc/specialized/specialized_allreduce_tree_ll128_sum_f16_1_0_1_1.o
[3066/4366] Building RCCLDEV object src/CMakeFiles/rccl_device_gfx950.dir/__/hipify/gensrc/specialized/specialized_allreduce_ring_ll128_sum_f64_1_0_4_1.o
[3067/4366] Building RCCLDEV object src/CMakeFiles/rccl_device_gfx950.dir/__/hipify/gensrc/specialized/specialized_allreduce_ring_ll128_sum_f64_1_0_4_2.o
[3068/4366] Building RCCLDEV object src/CMakeFiles/rccl_device_gfx950.dir/__/hipify/gensrc/specialized/specialized_reducescatter_ring_ll128_minmax_f16_0_0_4.o
[3069/4366] Building RCCLDEV object src/CMakeFiles/rccl_device_gfx950.dir/__/hipify/gensrc/specialized/specialized_allreduce_tree_ll128_premulsum_bf16_1_0_2_1.o
[3070/4366] Building RCCLDEV object src/CMakeFiles/rccl_device_gfx950.dir/__/hipify/gensrc/specialized/specialized_allreduce_ring_ll128_prod_f64_0_0_4_1.o
[3071/4366] Building RCCLDEV object src/CMakeFiles/rccl_device_gfx950.dir/__/hipify/gensrc/specialized/specialized_allreduce_tree_ll128_minmax_u8_1_0_2_1.o
[3072/4366] Building RCCLDEV object src/CMakeFiles/rccl_device_gfx950.dir/__/hipify/gensrc/specialized/specialized_allreduce_ring_ll128_sum_u8_1_0_4_2.o
[3073/4366] Building RCCLDEV object src/CMakeFiles/rccl_device_gfx950.dir/__/hipify/gensrc/specialized/specialized_allreduce_tree_ll128_prod_f16_1_0_1_1.o
[3074/4366] Building RCCLDEV object src/CMakeFiles/rccl_device_gfx950.dir/__/hipify/gensrc/specialized/specialized_allreduce_ring_ll128_sum_u64_1_0_4_1.o
[3075/4366] Building RCCLDEV object src/CMakeFiles/rccl_device_gfx950.dir/__/hipify/gensrc/specialized/specialized_allreduce_ring_ll128_prod_u32_1_0_4_2.o
[3076/4366] Building RCCLDEV object src/CMakeFiles/rccl_device_gfx950.dir/__/hipify/gensrc/specialized/specialized_allreduce_ring_ll128_prod_f64_0_0_4_2.o
[3077/4366] Building RCCLDEV object src/CMakeFiles/rccl_device_gfx950.dir/__/hipify/gensrc/specialized/specialized_allreduce_tree_ll128_minmax_f32_1_0_1_1.o
[3078/4366] Building RCCLDEV object src/CMakeFiles/rccl_device_gfx950.dir/__/hipify/gensrc/specialized/specialized_allreduce_ring_ll128_sum_f16_1_0_4_2.o
[3079/4366] Building RCCLDEV object src/CMakeFiles/rccl_device_gfx950.dir/__/hipify/gensrc/specialized/specialized_allreduce_tree_ll128_premulsum_f64_1_0_1_1.o
[3080/4366] Building RCCLDEV object src/CMakeFiles/rccl_device_gfx950.dir/__/hipify/gensrc/specialized/specialized_allreduce_tree_ll128_minmax_u8_1_0_2_2.o
[3081/4366] Building RCCLDEV object src/CMakeFiles/rccl_device_gfx950.dir/__/hipify/gensrc/specialized/specialized_allreduce_ring_ll128_prod_u64_1_0_4_2.o
[3082/4366] Building RCCLDEV object src/CMakeFiles/rccl_device_gfx950.dir/__/hipify/gensrc/specialized/specialized_allreduce_ring_ll128_sum_u32_1_0_4_1.o
[3083/4366] Building RCCLDEV object src/CMakeFiles/rccl_device_gfx950.dir/__/hipify/gensrc/specialized/specialized_allreduce_tree_simple_minmax_f8e5m2_1_0_4.o
[3084/4366] Building RCCLDEV object src/CMakeFiles/rccl_device_gfx950.dir/__/hipify/gensrc/specialized/specialized_allreduce_tree_ll128_sumpostdiv_u64_1_0_1_2.o
[3085/4366] Building RCCLDEV object src/CMakeFiles/rccl_device_gfx950.dir/__/hipify/gensrc/specialized/specialized_allreduce_tree_ll128_premulsum_f16_1_0_1_2.o
[3086/4366] Building RCCLDEV object src/CMakeFiles/rccl_device_gfx950.dir/__/hipify/gensrc/specialized/specialized_allreduce_ring_ll128_sum_u8_1_0_4_1.o
[3087/4366] Building RCCLDEV object src/CMakeFiles/rccl_device_gfx950.dir/__/hipify/gensrc/specialized/specialized_allreduce_tree_ll128_sumpostdiv_u8_0_0_1_1.o
[3088/4366] Building RCCLDEV object src/CMakeFiles/rccl_device_gfx950.dir/__/hipify/gensrc/specialized/specialized_allreduce_tree_ll128_premulsum_u32_1_0_1_1.o
[3089/4366] Building RCCLDEV object src/CMakeFiles/rccl_device_gfx950.dir/__/hipify/gensrc/specialized/specialized_allreduce_ring_ll128_prod_u32_1_0_4_1.o
[3090/4366] Building RCCLDEV object src/CMakeFiles/rccl_device_gfx950.dir/__/hipify/gensrc/specialized/specialized_allreduce_ring_ll128_sum_bf16_1_0_4_2.o
[3091/4366] Building RCCLDEV object src/CMakeFiles/rccl_device_gfx950.dir/__/hipify/gensrc/specialized/specialized_allreduce_ring_ll128_prod_u64_1_0_4_1.o
[3092/4366] Building RCCLDEV object src/CMakeFiles/rccl_device_gfx950.dir/__/hipify/gensrc/specialized/specialized_allreduce_tree_ll128_sumpostdiv_u32_1_0_1_1.o
[3093/4366] Building RCCLDEV object src/CMakeFiles/rccl_device_gfx950.dir/__/hipify/gensrc/specialized/specialized_allreduce_tree_ll128_premulsum_f16_1_0_1_1.o
[3094/4366] Building RCCLDEV object src/CMakeFiles/rccl_device_gfx950.dir/__/hipify/gensrc/specialized/specialized_allreduce_tree_ll128_prod_u8_1_0_1_2.o
[3095/4366] Building RCCLDEV object src/CMakeFiles/rccl_device_gfx950.dir/__/hipify/gensrc/specialized/specialized_allreduce_ring_ll128_prod_f32_0_0_4_1.o
[3096/4366] Building RCCLDEV object src/CMakeFiles/rccl_device_gfx950.dir/__/hipify/gensrc/specialized/specialized_allreduce_ring_ll128_prod_f16_1_0_4_2.o
[3097/4366] Building RCCLDEV object src/CMakeFiles/rccl_device_gfx950.dir/__/hipify/gensrc/specialized/specialized_allreduce_tree_ll128_premulsum_bf16_1_0_1_2.o
[3098/4366] Building RCCLDEV object src/CMakeFiles/rccl_device_gfx950.dir/__/hipify/gensrc/specialized/specialized_allreduce_ring_ll128_sum_bf16_1_0_4_1.o
[3099/4366] Building RCCLDEV object src/CMakeFiles/rccl_device_gfx950.dir/__/hipify/gensrc/specialized/specialized_allreduce_tree_ll128_premulsum_u8_1_0_1_2.o
[3100/4366] Building RCCLDEV object src/CMakeFiles/rccl_device_gfx950.dir/__/hipify/gensrc/specialized/specialized_allreduce_tree_ll128_minmax_bf16_1_0_1_2.o
[3101/4366] Building RCCLDEV object src/CMakeFiles/rccl_device_gfx950.dir/__/hipify/gensrc/specialized/specialized_allreduce_tree_ll128_sumpostdiv_u8_1_0_2_1.o
[3102/4366] Building RCCLDEV object src/CMakeFiles/rccl_device_gfx950.dir/__/hipify/gensrc/specialized/specialized_allreduce_ring_ll128_prod_f32_1_0_4_2.o
[3103/4366] Building RCCLDEV object src/CMakeFiles/rccl_device_gfx950.dir/__/hipify/gensrc/specialized/specialized_allreduce_tree_ll128_minmax_bf16_1_0_1_1.o
[3104/4366] Building RCCLDEV object src/CMakeFiles/rccl_device_gfx950.dir/__/hipify/gensrc/specialized/specialized_allreduce_tree_ll128_sumpostdiv_u8_1_0_1_2.o
[3105/4366] Building RCCLDEV object src/CMakeFiles/rccl_device_gfx950.dir/__/hipify/gensrc/specialized/specialized_allreduce_tree_ll128_prod_u8_1_0_1_1.o
[3106/4366] Building RCCLDEV object src/CMakeFiles/rccl_device_gfx950.dir/__/hipify/gensrc/specialized/specialized_allreduce_tree_ll128_minmax_u8_1_0_1_2.o
[3107/4366] Building RCCLDEV object src/CMakeFiles/rccl_device_gfx950.dir/__/hipify/gensrc/specialized/specialized_allreduce_tree_ll128_sumpostdiv_u64_1_0_1_1.o
[3108/4366] Building RCCLDEV object src/CMakeFiles/rccl_device_gfx950.dir/__/hipify/gensrc/specialized/specialized_allreduce_tree_ll128_premulsum_u8_1_0_1_1.o
[3109/4366] Building RCCLDEV object src/CMakeFiles/rccl_device_gfx950.dir/__/hipify/gensrc/specialized/specialized_allreduce_ring_ll128_sum_f16_1_0_4_1.o
[3110/4366] Building RCCLDEV object src/CMakeFiles/rccl_device_gfx950.dir/__/hipify/gensrc/specialized/specialized_allreduce_ring_ll128_prod_bf16_0_0_4_1.o
[3111/4366] Building RCCLDEV object src/CMakeFiles/rccl_device_gfx950.dir/__/hipify/gensrc/specialized/specialized_allreduce_tree_ll128_minmax_u8_1_0_1_1.o
[3112/4366] Building RCCLDEV object src/CMakeFiles/rccl_device_gfx950.dir/__/hipify/gensrc/specialized/specialized_allreduce_tree_ll128_premulsum_bf16_1_0_1_1.o
[3113/4366] Building RCCLDEV object src/CMakeFiles/rccl_device_gfx950.dir/__/hipify/gensrc/specialized/specialized_allreduce_tree_simple_minmax_f8e4m3_1_0_4.o
[3114/4366] Building RCCLDEV object src/CMakeFiles/rccl_device_gfx950.dir/__/hipify/gensrc/specialized/specialized_allreduce_tree_ll128_sumpostdiv_u8_1_0_1_1.o
[3115/4366] Building RCCLDEV object src/CMakeFiles/rccl_device_gfx950.dir/__/hipify/gensrc/specialized/specialized_allreduce_tree_ll128_minmax_f16_0_0_4_2.o
[3116/4366] Building RCCLDEV object src/CMakeFiles/rccl_device_gfx950.dir/__/hipify/gensrc/specialized/specialized_allreduce_ring_ll128_prod_f16_1_0_4_1.o
[3117/4366] Building RCCLDEV object src/CMakeFiles/rccl_device_gfx950.dir/__/hipify/gensrc/specialized/specialized_allreduce_ring_ll128_prod_u8_1_0_4_2.o
[3118/4366] Building RCCLDEV object src/CMakeFiles/rccl_device_gfx950.dir/__/hipify/gensrc/specialized/specialized_allreduce_ring_ll128_prod_bf16_0_0_4_2.o
[3119/4366] Building RCCLDEV object src/CMakeFiles/rccl_device_gfx950.dir/__/hipify/gensrc/specialized/specialized_allreduce_ring_ll128_prod_f64_1_0_4_2.o
[3120/4366] Building RCCLDEV object src/CMakeFiles/rccl_device_gfx950.dir/__/hipify/gensrc/specialized/specialized_allreduce_ring_ll128_prod_f64_1_0_4_1.o
[3121/4366] Building RCCLDEV object src/CMakeFiles/rccl_device_gfx950.dir/__/hipify/gensrc/specialized/specialized_allreduce_tree_ll128_minmax_f16_0_0_4_1.o
[3122/4366] Building RCCLDEV object src/CMakeFiles/rccl_device_gfx950.dir/__/hipify/gensrc/specialized/specialized_allreduce_ring_ll128_prod_f32_1_0_4_1.o
[3123/4366] Building RCCLDEV object src/CMakeFiles/rccl_device_gfx950.dir/__/hipify/gensrc/specialized/specialized_allreduce_tree_ll128_minmax_f16_0_0_2_1.o
[3124/4366] Building RCCLDEV object src/CMakeFiles/rccl_device_gfx950.dir/__/hipify/gensrc/specialized/specialized_allreduce_ring_simple_minmax_f16_1_0_1.o
[3125/4366] Building RCCLDEV object src/CMakeFiles/rccl_device_gfx950.dir/__/hipify/gensrc/specialized/specialized_allreduce_ring_ll128_prod_u8_1_0_4_1.o
[3126/4366] Building RCCLDEV object src/CMakeFiles/rccl_device_gfx950.dir/__/hipify/gensrc/specialized/specialized_allreduce_ring_simple_sumpostdiv_u64_1_0_1.o
[3127/4366] Building RCCLDEV object src/CMakeFiles/rccl_device_gfx950.dir/__/hipify/gensrc/specialized/specialized_allreduce_tree_ll128_minmax_f16_0_0_2_2.o
[3128/4366] Building RCCLDEV object src/CMakeFiles/rccl_device_gfx950.dir/__/hipify/gensrc/specialized/specialized_allreduce_ring_ll128_minmax_u64_0_0_4_1.o
[3129/4366] Building RCCLDEV object src/CMakeFiles/rccl_device_gfx950.dir/__/hipify/gensrc/specialized/specialized_reduce_ring_ll128_prod_u64_0_0_2.o
[3130/4366] Building RCCLDEV object src/CMakeFiles/rccl_device_gfx950.dir/__/hipify/gensrc/specialized/specialized_allreduce_ring_ll128_minmax_u32_0_0_4_2.o
[3131/4366] Building RCCLDEV object src/CMakeFiles/rccl_device_gfx950.dir/__/hipify/gensrc/specialized/specialized_allreduce_tree_ll128_minmax_f16_0_0_1_2.o
[3132/4366] Building RCCLDEV object src/CMakeFiles/rccl_device_gfx950.dir/__/hipify/gensrc/specialized/specialized_allreduce_ring_ll128_minmax_u8_0_0_4_2.o
[3133/4366] Building RCCLDEV object src/CMakeFiles/rccl_device_gfx950.dir/__/hipify/gensrc/specialized/specialized_reduce_ring_ll128_sum_u32_0_0_2.o
[3134/4366] Building RCCLDEV object src/CMakeFiles/rccl_device_gfx950.dir/__/hipify/gensrc/specialized/specialized_reduce_ring_ll128_sum_f64_0_0_2.o
[3135/4366] Building RCCLDEV object src/CMakeFiles/rccl_device_gfx950.dir/__/hipify/gensrc/specialized/specialized_allreduce_ring_ll128_minmax_u32_0_0_4_1.o
[3136/4366] Building RCCLDEV object src/CMakeFiles/rccl_device_gfx950.dir/__/hipify/gensrc/specialized/specialized_reduce_ring_ll128_prod_f16_0_0_2.o
[3137/4366] Building RCCLDEV object src/CMakeFiles/rccl_device_gfx950.dir/__/hipify/gensrc/specialized/specialized_allreduce_ring_ll128_minmax_u8_0_0_4_1.o
[3138/4366] Building RCCLDEV object src/CMakeFiles/rccl_device_gfx950.dir/__/hipify/gensrc/specialized/specialized_reduce_ring_ll128_prod_bf16_0_0_2.o
[3139/4366] Building RCCLDEV object src/CMakeFiles/rccl_device_gfx950.dir/__/hipify/gensrc/specialized/specialized_reduce_ring_ll128_prod_f32_0_0_2.o
[3140/4366] Building RCCLDEV object src/CMakeFiles/rccl_device_gfx950.dir/__/hipify/gensrc/specialized/specialized_reduce_ring_ll128_prod_f64_0_0_2.o
[3141/4366] Building RCCLDEV object src/CMakeFiles/rccl_device_gfx950.dir/__/hipify/gensrc/specialized/specialized_reduce_ring_ll128_premulsum_f32_0_0_2.o
[3142/4366] Building RCCLDEV object src/CMakeFiles/rccl_device_gfx950.dir/__/hipify/gensrc/specialized/specialized_reducescatter_ring_ll128_sum_f16_0_0_2.o
[3143/4366] Building RCCLDEV object src/CMakeFiles/rccl_device_gfx950.dir/__/hipify/gensrc/specialized/specialized_allgatherv_ring_ll128_sum_i8_0_0_4.o
[3144/4366] Building RCCLDEV object src/CMakeFiles/rccl_device_gfx950.dir/__/hipify/gensrc/specialized/specialized_allreduce_ring_ll128_minmax_u64_0_0_4_2.o
[3145/4366] Building RCCLDEV object src/CMakeFiles/rccl_device_gfx950.dir/__/hipify/gensrc/specialized/specialized_reduce_ring_ll128_sum_f32_0_0_2.o
[3146/4366] Building RCCLDEV object src/CMakeFiles/rccl_device_gfx950.dir/__/hipify/gensrc/specialized/specialized_reducescatter_ring_ll128_sum_f64_0_0_2.o
[3147/4366] Building RCCLDEV object src/CMakeFiles/rccl_device_gfx950.dir/__/hipify/gensrc/specialized/specialized_allreduce_tree_ll128_minmax_f16_0_0_1_1.o
[3148/4366] Building RCCLDEV object src/CMakeFiles/rccl_device_gfx950.dir/__/hipify/gensrc/specialized/specialized_reduce_ring_ll128_minmax_f32_0_0_2.o
[3149/4366] Building RCCLDEV object src/CMakeFiles/rccl_device_gfx950.dir/__/hipify/gensrc/specialized/specialized_reduce_ring_ll128_sum_u64_0_0_2.o
[3150/4366] Building RCCLDEV object src/CMakeFiles/rccl_device_gfx950.dir/__/hipify/gensrc/specialized/specialized_reducescatter_ring_ll128_sum_u32_0_0_2.o
[3151/4366] Building RCCLDEV object src/CMakeFiles/rccl_device_gfx950.dir/__/hipify/gensrc/specialized/specialized_reduce_ring_ll128_prod_u32_0_0_2.o
[3152/4366] Building RCCLDEV object src/CMakeFiles/rccl_device_gfx950.dir/__/hipify/gensrc/specialized/specialized_reduce_ring_ll128_sum_bf16_0_0_2.o
[3153/4366] Building RCCLDEV object src/CMakeFiles/rccl_device_gfx950.dir/__/hipify/gensrc/specialized/specialized_reduce_ring_ll128_minmax_u32_0_0_2.o
[3154/4366] Building RCCLDEV object src/CMakeFiles/rccl_device_gfx950.dir/__/hipify/gensrc/specialized/specialized_reduce_ring_ll128_sum_f16_0_0_2.o
[3155/4366] Building RCCLDEV object src/CMakeFiles/rccl_device_gfx950.dir/__/hipify/gensrc/specialized/specialized_allreduce_ring_ll128_minmax_f32_0_0_4_2.o
[3156/4366] Building RCCLDEV object src/CMakeFiles/rccl_device_gfx950.dir/__/hipify/gensrc/specialized/specialized_reduce_ring_ll128_sum_u8_0_0_2.o
[3157/4366] Building RCCLDEV object src/CMakeFiles/rccl_device_gfx950.dir/__/hipify/gensrc/specialized/specialized_allreduce_ring_ll128_premulsum_u64_0_0_4_2.o
[3158/4366] Building RCCLDEV object src/CMakeFiles/rccl_device_gfx950.dir/__/hipify/gensrc/specialized/specialized_reduce_ring_ll128_minmax_f64_0_0_2.o
[3159/4366] Building RCCLDEV object src/CMakeFiles/rccl_device_gfx950.dir/__/hipify/gensrc/specialized/specialized_reduce_ring_ll128_minmax_u8_0_0_2.o
[3160/4366] Building RCCLDEV object src/CMakeFiles/rccl_device_gfx950.dir/__/hipify/gensrc/specialized/specialized_reducescatter_ring_ll128_prod_f64_0_0_2.o
[3161/4366] Building RCCLDEV object src/CMakeFiles/rccl_device_gfx950.dir/__/hipify/gensrc/specialized/specialized_reducescatter_ring_ll128_minmax_f64_0_0_2.o
[3162/4366] Building RCCLDEV object src/CMakeFiles/rccl_device_gfx950.dir/__/hipify/gensrc/specialized/specialized_reduce_ring_ll128_premulsum_f64_0_0_2.o
[3163/4366] Building RCCLDEV object src/CMakeFiles/rccl_device_gfx950.dir/__/hipify/gensrc/specialized/specialized_allreduce_ring_ll128_prod_bf16_1_0_4_2.o
[3164/4366] Building RCCLDEV object src/CMakeFiles/rccl_device_gfx950.dir/__/hipify/gensrc/specialized/specialized_reduce_ring_ll128_premulsum_u64_0_0_2.o
[3165/4366] Building RCCLDEV object src/CMakeFiles/rccl_device_gfx950.dir/__/hipify/gensrc/specialized/specialized_reduce_ring_ll128_premulsum_bf16_0_0_2.o
[3166/4366] Building RCCLDEV object src/CMakeFiles/rccl_device_gfx950.dir/__/hipify/gensrc/specialized/specialized_allreduce_ring_ll128_minmax_f32_0_0_4_1.o
[3167/4366] Building RCCLDEV object src/CMakeFiles/rccl_device_gfx950.dir/__/hipify/gensrc/specialized/specialized_reduce_ring_ll128_prod_u8_0_0_2.o
[3168/4366] Building RCCLDEV object src/CMakeFiles/rccl_device_gfx950.dir/__/hipify/gensrc/specialized/specialized_reducescatter_ring_ll128_sum_u64_0_0_2.o
[3169/4366] Building RCCLDEV object src/CMakeFiles/rccl_device_gfx950.dir/__/hipify/gensrc/specialized/specialized_reducescatter_ring_ll128_premulsum_f64_0_0_2.o
[3170/4366] Building RCCLDEV object src/CMakeFiles/rccl_device_gfx950.dir/__/hipify/gensrc/specialized/specialized_broadcast_ring_ll128_sum_i8_0_0_2_2.o
[3171/4366] Building RCCLDEV object src/CMakeFiles/rccl_device_gfx950.dir/__/hipify/gensrc/specialized/specialized_reduce_ring_ll128_premulsum_u32_0_0_2.o
[3172/4366] Building RCCLDEV object src/CMakeFiles/rccl_device_gfx950.dir/__/hipify/gensrc/specialized/specialized_reducescatter_ring_ll128_prod_f16_0_0_2.o
[3173/4366] Building RCCLDEV object src/CMakeFiles/rccl_device_gfx950.dir/__/hipify/gensrc/specialized/specialized_reducescatter_ring_ll128_minmax_u32_0_0_2.o
[3174/4366] Building RCCLDEV object src/CMakeFiles/rccl_device_gfx950.dir/__/hipify/gensrc/specialized/specialized_allreduce_ring_ll128_minmax_f64_0_0_4_2.o
[3175/4366] Building RCCLDEV object src/CMakeFiles/rccl_device_gfx950.dir/__/hipify/gensrc/specialized/specialized_reducescatter_ring_ll128_prod_u32_0_0_2.o
[3176/4366] Building RCCLDEV object src/CMakeFiles/rccl_device_gfx950.dir/__/hipify/gensrc/specialized/specialized_reducescatter_ring_ll128_sum_u8_0_0_2.o
[3177/4366] Building RCCLDEV object src/CMakeFiles/rccl_device_gfx950.dir/__/hipify/gensrc/specialized/specialized_reducescatter_ring_ll128_premulsum_u32_0_0_2.o
[3178/4366] Building RCCLDEV object src/CMakeFiles/rccl_device_gfx950.dir/__/hipify/gensrc/specialized/specialized_reducescatter_ring_ll128_sum_f32_0_0_2.o
[3179/4366] Building RCCLDEV object src/CMakeFiles/rccl_device_gfx950.dir/__/hipify/gensrc/specialized/specialized_reduce_ring_ll128_minmax_u64_0_0_2.o
[3180/4366] Building RCCLDEV object src/CMakeFiles/rccl_device_gfx950.dir/__/hipify/gensrc/specialized/specialized_allreduce_ring_ll128_minmax_bf16_0_0_4_2.o
[3181/4366] Building RCCLDEV object src/CMakeFiles/rccl_device_gfx950.dir/__/hipify/gensrc/specialized/specialized_reduce_ring_ll128_premulsum_f16_0_0_2.o
[3182/4366] Building RCCLDEV object src/CMakeFiles/rccl_device_gfx950.dir/__/hipify/gensrc/specialized/specialized_reducescatter_ring_ll128_prod_u64_0_0_2.o
[3183/4366] Building RCCLDEV object src/CMakeFiles/rccl_device_gfx950.dir/__/hipify/gensrc/specialized/specialized_reduce_ring_ll128_minmax_bf16_0_0_2.o
[3184/4366] Building RCCLDEV object src/CMakeFiles/rccl_device_gfx950.dir/__/hipify/gensrc/specialized/specialized_reducescatter_ring_ll128_premulsum_u64_0_0_2.o
[3185/4366] Building RCCLDEV object src/CMakeFiles/rccl_device_gfx950.dir/__/hipify/gensrc/specialized/specialized_reduce_ring_ll128_sumpostdiv_u64_0_0_2.o
[3186/4366] Building RCCLDEV object src/CMakeFiles/rccl_device_gfx950.dir/__/hipify/gensrc/specialized/specialized_reducescatter_ring_ll128_prod_f32_0_0_2.o
[3187/4366] Building RCCLDEV object src/CMakeFiles/rccl_device_gfx950.dir/__/hipify/gensrc/specialized/specialized_reducescatter_ring_ll128_minmax_f32_0_0_2.o
[3188/4366] Building RCCLDEV object src/CMakeFiles/rccl_device_gfx950.dir/__/hipify/gensrc/specialized/specialized_broadcast_ring_ll128_sum_i8_0_0_2_1.o
[3189/4366] Building RCCLDEV object src/CMakeFiles/rccl_device_gfx950.dir/__/hipify/gensrc/specialized/specialized_reduce_ring_ll128_sumpostdiv_u32_0_0_2.o
[3190/4366] Building RCCLDEV object src/CMakeFiles/rccl_device_gfx950.dir/__/hipify/gensrc/specialized/specialized_allreduce_ring_ll128_minmax_u32_1_0_4_2.o
[3191/4366] Building RCCLDEV object src/CMakeFiles/rccl_device_gfx950.dir/__/hipify/gensrc/specialized/specialized_reducescatter_ring_ll128_prod_bf16_0_0_2.o
[3192/4366] Building RCCLDEV object src/CMakeFiles/rccl_device_gfx950.dir/__/hipify/gensrc/specialized/specialized_allreduce_ring_ll128_minmax_u64_1_0_4_1.o
[3193/4366] Building RCCLDEV object src/CMakeFiles/rccl_device_gfx950.dir/__/hipify/gensrc/specialized/specialized_allreduce_ring_ll128_premulsum_u64_0_0_4_1.o
[3194/4366] Building RCCLDEV object src/CMakeFiles/rccl_device_gfx950.dir/__/hipify/gensrc/specialized/specialized_reducescatter_ring_ll128_premulsum_f32_0_0_2.o
[3195/4366] Linking CXX shared library lib/librccl-profiler-inspector.so
[3196/4366] Building RCCLDEV object src/CMakeFiles/rccl_device_gfx950.dir/__/hipify/gensrc/specialized/specialized_reduce_ring_ll128_premulsum_u8_0_0_2.o
[3197/4366] Building RCCLDEV object src/CMakeFiles/rccl_device_gfx950.dir/__/hipify/gensrc/specialized/specialized_allreduce_ring_ll128_premulsum_f64_0_0_4_2.o
[3198/4366] Building RCCLDEV object src/CMakeFiles/rccl_device_gfx950.dir/__/hipify/gensrc/specialized/specialized_allreduce_ring_ll128_minmax_u64_1_0_4_2.o
[3199/4366] Building RCCLDEV object src/CMakeFiles/rccl_device_gfx950.dir/__/hipify/gensrc/specialized/specialized_allreduce_ring_ll128_minmax_f64_0_0_4_1.o
[3200/4366] Building RCCLDEV object src/CMakeFiles/rccl_device_gfx950.dir/__/hipify/gensrc/specialized/specialized_reducescatter_ring_ll128_sum_bf16_0_0_2.o
[3201/4366] Building RCCLDEV object src/CMakeFiles/rccl_device_gfx950.dir/__/hipify/gensrc/specialized/specialized_reducescatter_ring_ll128_minmax_u64_0_0_2.o
[3202/4366] Building RCCLDEV object src/CMakeFiles/rccl_device_gfx950.dir/__/hipify/gensrc/specialized/specialized_reducescatter_ring_ll128_sumpostdiv_u32_0_0_2.o
[3203/4366] Linking CXX executable test/rccl-UnitTestsGinSdmaPolicy
[3204/4366] Linking CXX executable test/rccl-UnitTestsGinSdmaAllGatherGpu
[3205/4366] Linking CXX executable test/rccl-UnitTestsGinSdmaAllGatherPolicy
[3206/4366] Building RCCLDEV object src/CMakeFiles/rccl_device_gfx950.dir/__/hipify/gensrc/specialized/specialized_allreduce_ring_ll128_premulsum_u32_0_0_4_1.o
[3207/4366] Building RCCLDEV object src/CMakeFiles/rccl_device_gfx950.dir/__/hipify/gensrc/specialized/specialized_allreduce_ring_ll128_minmax_bf16_0_0_4_1.o
[3208/4366] Linking CXX executable test/rccl-UnitTestsGinSdmaBroadcastPolicy
[3209/4366] Building RCCLDEV object src/CMakeFiles/rccl_device_gfx950.dir/__/hipify/gensrc/specialized/specialized_allreduce_ring_ll128_premulsum_f32_0_0_4_2.o
[3210/4366] Building RCCLDEV object src/CMakeFiles/rccl_device_gfx950.dir/__/hipify/gensrc/specialized/specialized_allreduce_ring_ll128_premulsum_f16_0_0_4_2.o
[3211/4366] Building RCCLDEV object src/CMakeFiles/rccl_device_gfx950.dir/__/hipify/gensrc/specialized/specialized_reducescatter_ring_ll128_sumpostdiv_u64_0_0_2.o
[3212/4366] Building RCCLDEV object src/CMakeFiles/rccl_device_gfx950.dir/__/hipify/gensrc/specialized/specialized_reducescatter_ring_ll128_prod_u8_0_0_2.o
[3213/4366] Building RCCLDEV object src/CMakeFiles/rccl_device_gfx950.dir/__/hipify/gensrc/specialized/specialized_allreduce_ring_ll128_premulsum_u32_0_0_4_2.o
[3214/4366] Building RCCLDEV object src/CMakeFiles/rccl_device_gfx950.dir/__/hipify/gensrc/specialized/specialized_allreduce_ring_ll128_minmax_u32_1_0_4_1.o
[3215/4366] Building RCCLDEV object src/CMakeFiles/rccl_device_gfx950.dir/__/hipify/gensrc/specialized/specialized_reducescatter_ring_ll128_minmax_u8_0_0_2.o
[3216/4366] Building RCCLDEV object src/CMakeFiles/rccl_device_gfx950.dir/__/hipify/gensrc/specialized/specialized_allreduce_ring_ll128_premulsum_f32_0_0_4_1.o
[3217/4366] Building RCCLDEV object src/CMakeFiles/rccl_device_gfx950.dir/__/hipify/gensrc/specialized/specialized_allreduce_ring_ll128_premulsum_f64_0_0_4_1.o
[3218/4366] Building RCCLDEV object src/CMakeFiles/rccl_device_gfx950.dir/__/hipify/gensrc/specialized/specialized_reducescatter_ring_ll128_premulsum_bf16_0_0_2.o
[3219/4366] Building RCCLDEV object src/CMakeFiles/rccl_device_gfx950.dir/__/hipify/gensrc/specialized/specialized_reducescatter_ring_ll128_premulsum_f16_0_0_2.o
[3220/4366] Building RCCLDEV object src/CMakeFiles/rccl_device_gfx950.dir/__/hipify/gensrc/specialized/specialized_allreduce_ring_ll128_prod_bf16_1_0_4_1.o
[3221/4366] Building RCCLDEV object src/CMakeFiles/rccl_device_gfx950.dir/__/hipify/gensrc/specialized/specialized_allgather_ring_ll128_sum_i8_0_0_2_1.o
[3222/4366] Building RCCLDEV object src/CMakeFiles/rccl_device_gfx950.dir/__/hipify/gensrc/specialized/specialized_allreduce_ring_ll128_minmax_f64_1_0_4_2.o
[3223/4366] Building RCCLDEV object src/CMakeFiles/rccl_device_gfx950.dir/__/hipify/gensrc/specialized/specialized_allreduce_ring_ll128_premulsum_u8_0_0_4_2.o
[3224/4366] Building RCCLDEV object src/CMakeFiles/rccl_device_gfx950.dir/__/hipify/gensrc/specialized/specialized_allreduce_ring_ll128_sumpostdiv_u32_0_0_4_2.o
[3225/4366] Building RCCLDEV object src/CMakeFiles/rccl_device_gfx950.dir/__/hipify/gensrc/specialized/specialized_reducescatter_ring_ll128_minmax_bf16_0_0_2.o
[3226/4366] Building RCCLDEV object src/CMakeFiles/rccl_device_gfx950.dir/__/hipify/gensrc/specialized/specialized_allreduce_ring_ll128_premulsum_f16_0_0_4_1.o
[3227/4366] Building RCCLDEV object src/CMakeFiles/rccl_device_gfx950.dir/__/hipify/gensrc/specialized/specialized_allreduce_ring_ll128_minmax_f64_1_0_4_1.o
[3228/4366] Building RCCLDEV object src/CMakeFiles/rccl_device_gfx950.dir/__/hipify/gensrc/specialized/specialized_allgather_ring_ll128_sum_i8_0_0_2_2.o
[3229/4366] Building RCCLDEV object src/CMakeFiles/rccl_device_gfx950.dir/__/hipify/gensrc/specialized/specialized_allreduce_ring_ll128_sumpostdiv_u32_0_0_4_1.o
[3230/4366] Building RCCLDEV object src/CMakeFiles/rccl_device_gfx950.dir/__/hipify/gensrc/specialized/specialized_allreduce_ring_ll128_minmax_f32_1_0_4_2.o
[3231/4366] Building RCCLDEV object src/CMakeFiles/rccl_device_gfx950.dir/__/hipify/gensrc/specialized/specialized_allreduce_ring_ll128_premulsum_u64_1_0_4_2.o
[3232/4366] Building RCCLDEV object src/CMakeFiles/rccl_device_gfx950.dir/__/hipify/gensrc/specialized/specialized_reducescatter_ring_ll128_premulsum_u8_0_0_2.o
[3233/4366] Building RCCLDEV object src/CMakeFiles/rccl_device_gfx950.dir/__/hipify/gensrc/specialized/specialized_allreduce_tree_ll128_minmax_f16_1_0_4_1.o
[3234/4366] Building RCCLDEV object src/CMakeFiles/rccl_device_gfx950.dir/__/hipify/gensrc/specialized/specialized_allreduce_ring_ll128_premulsum_f64_1_0_4_2.o
[3235/4366] Building RCCLDEV object src/CMakeFiles/rccl_device_gfx950.dir/__/hipify/gensrc/specialized/specialized_allreduce_ring_ll128_premulsum_u8_0_0_4_1.o
[3236/4366] Building RCCLDEV object src/CMakeFiles/rccl_device_gfx950.dir/__/hipify/gensrc/specialized/specialized_allgather_pat_ll128_sum_i8_0_0_4_1.o
[3237/4366] Building RCCLDEV object src/CMakeFiles/rccl_device_gfx950.dir/__/hipify/gensrc/specialized/specialized_allreduce_ring_ll128_premulsum_bf16_0_0_4_1.o
[3238/4366] Building RCCLDEV object src/CMakeFiles/rccl_device_gfx950.dir/__/hipify/gensrc/specialized/specialized_reducescatter_pat_ll128_sum_u64_0_0_4.o
[3239/4366] Building RCCLDEV object src/CMakeFiles/rccl_device_gfx950.dir/__/hipify/gensrc/specialized/specialized_reducescatter_pat_ll128_sum_u8_0_0_4.o
[3240/4366] Building RCCLDEV object src/CMakeFiles/rccl_device_gfx950.dir/__/hipify/gensrc/specialized/specialized_allreduce_ring_ll128_premulsum_bf16_0_0_4_2.o
[3241/4366] Building RCCLDEV object src/CMakeFiles/rccl_device_gfx950.dir/__/hipify/gensrc/specialized/specialized_allreduce_ring_ll128_sumpostdiv_u64_0_0_4_2.o
[3242/4366] Building RCCLDEV object src/CMakeFiles/rccl_device_gfx950.dir/__/hipify/gensrc/specialized/specialized_reduce_ring_ll128_premulsum_f32_0_0_1.o
[3243/4366] Building RCCLDEV object src/CMakeFiles/rccl_device_gfx950.dir/__/hipify/gensrc/specialized/specialized_reduce_ring_ll128_sumpostdiv_u8_0_0_2.o
[3244/4366] Building RCCLDEV object src/CMakeFiles/rccl_device_gfx950.dir/__/hipify/gensrc/specialized/specialized_allreduce_ring_ll128_sumpostdiv_u64_0_0_4_1.o
[3245/4366] Building RCCLDEV object src/CMakeFiles/rccl_device_gfx950.dir/__/hipify/gensrc/specialized/specialized_allreduce_ring_ll128_sumpostdiv_u32_1_0_4_2.o
[3246/4366] Building RCCLDEV object src/CMakeFiles/rccl_device_gfx950.dir/__/hipify/gensrc/specialized/specialized_reduce_ring_ll128_prod_u64_0_0_1.o
[3247/4366] Building RCCLDEV object src/CMakeFiles/rccl_device_gfx950.dir/__/hipify/gensrc/specialized/specialized_reducescatter_pat_ll128_prod_bf16_0_0_4.o
[3248/4366] Building RCCLDEV object src/CMakeFiles/rccl_device_gfx950.dir/__/hipify/gensrc/specialized/specialized_allreduce_tree_ll128_minmax_f16_1_0_4_2.o
[3249/4366] Building RCCLDEV object src/CMakeFiles/rccl_device_gfx950.dir/__/hipify/gensrc/specialized/specialized_allreduce_ring_ll128_premulsum_f32_1_0_4_2.o
[3250/4366] Building RCCLDEV object src/CMakeFiles/rccl_device_gfx950.dir/__/hipify/gensrc/specialized/specialized_allreduce_ring_ll128_prod_u64_0_0_2_2.o
[3251/4366] Building RCCLDEV object src/CMakeFiles/rccl_device_gfx950.dir/__/hipify/gensrc/specialized/specialized_allgatherv_ring_ll128_sum_i8_0_0_2.o
[3252/4366] Building RCCLDEV object src/CMakeFiles/rccl_device_gfx950.dir/__/hipify/gensrc/specialized/specialized_reducescatter_pat_ll128_prod_f16_0_0_4.o
[3253/4366] Building RCCLDEV object src/CMakeFiles/rccl_device_gfx950.dir/__/hipify/gensrc/specialized/specialized_allreduce_ring_ll128_minmax_u8_1_0_4_1.o
[3254/4366] Building RCCLDEV object src/CMakeFiles/rccl_device_gfx950.dir/__/hipify/gensrc/specialized/specialized_allreduce_ring_ll128_sum_u8_0_0_2_2.o
[3255/4366] Building RCCLDEV object src/CMakeFiles/rccl_device_gfx950.dir/__/hipify/gensrc/specialized/specialized_allreduce_ring_ll128_minmax_f32_1_0_4_1.o
[3256/4366] Building RCCLDEV object src/CMakeFiles/rccl_device_gfx950.dir/__/hipify/gensrc/specialized/specialized_reducescatter_ring_ll128_sumpostdiv_u8_0_0_2.o
[3257/4366] Building RCCLDEV object src/CMakeFiles/rccl_device_gfx950.dir/__/hipify/gensrc/specialized/specialized_allreduce_ring_ll128_sum_u64_0_0_2_2.o
[3258/4366] Building RCCLDEV object src/CMakeFiles/rccl_device_gfx950.dir/__/hipify/gensrc/specialized/specialized_reduce_ring_ll128_minmax_u32_0_0_1.o
[3259/4366] Building RCCLDEV object src/CMakeFiles/rccl_device_gfx950.dir/__/hipify/gensrc/specialized/specialized_allreduce_ring_ll128_premulsum_u32_1_0_4_2.o
[3260/4366] Building RCCLDEV object src/CMakeFiles/rccl_device_gfx950.dir/__/hipify/gensrc/specialized/specialized_reduce_ring_ll128_sum_f64_0_0_1.o
[3261/4366] Building RCCLDEV object src/CMakeFiles/rccl_device_gfx950.dir/__/hipify/gensrc/specialized/specialized_allreduce_ring_ll128_premulsum_f64_1_0_4_1.o
[3262/4366] Building RCCLDEV object src/CMakeFiles/rccl_device_gfx950.dir/__/hipify/gensrc/specialized/specialized_reduce_ring_ll128_minmax_u64_0_0_1.o
[3263/4366] Building RCCLDEV object src/CMakeFiles/rccl_device_gfx950.dir/__/hipify/gensrc/specialized/specialized_reducescatter_pat_ll128_sum_f16_0_0_4.o
[3264/4366] Building RCCLDEV object src/CMakeFiles/rccl_device_gfx950.dir/__/hipify/gensrc/specialized/specialized_allgather_pat_ll128_sum_i8_0_0_4_2.o
[3265/4366] Building RCCLDEV object src/CMakeFiles/rccl_device_gfx950.dir/__/hipify/gensrc/specialized/specialized_reducescatter_pat_ll128_sum_u32_0_0_4.o
[3266/4366] Building RCCLDEV object src/CMakeFiles/rccl_device_gfx950.dir/__/hipify/gensrc/specialized/specialized_allreduce_ring_ll128_minmax_u8_1_0_4_2.o
[3267/4366] Building RCCLDEV object src/CMakeFiles/rccl_device_gfx950.dir/__/hipify/gensrc/specialized/specialized_allreduce_ring_ll128_sum_f32_0_0_2_2.o
[3268/4366] Building RCCLDEV object src/CMakeFiles/rccl_device_gfx950.dir/__/hipify/gensrc/specialized/specialized_allreduce_ring_ll128_premulsum_u32_1_0_4_1.o
[3269/4366] Building RCCLDEV object src/CMakeFiles/rccl_device_gfx950.dir/__/hipify/gensrc/specialized/specialized_reduce_ring_ll128_prod_u32_0_0_1.o
[3270/4366] Building RCCLDEV object src/CMakeFiles/rccl_device_gfx950.dir/__/hipify/gensrc/specialized/specialized_reducescatter_pat_ll128_prod_u32_0_0_4.o
[3271/4366] Building RCCLDEV object src/CMakeFiles/rccl_device_gfx950.dir/__/hipify/gensrc/specialized/specialized_reducescatter_pat_ll128_sum_f32_0_0_4.o
[3272/4366] Building RCCLDEV object src/CMakeFiles/rccl_device_gfx950.dir/__/hipify/gensrc/specialized/specialized_reduce_ring_ll128_prod_u8_0_0_1.o
[3273/4366] Building RCCLDEV object src/CMakeFiles/rccl_device_gfx950.dir/__/hipify/gensrc/specialized/specialized_reducescatter_pat_ll128_sum_f64_0_0_4.o
[3274/4366] Building RCCLDEV object src/CMakeFiles/rccl_device_gfx950.dir/__/hipify/gensrc/specialized/specialized_reduce_ring_ll128_minmax_f64_0_0_1.o
[3275/4366] Building RCCLDEV object src/CMakeFiles/rccl_device_gfx950.dir/__/hipify/gensrc/specialized/specialized_reducescatter_pat_ll128_sum_bf16_0_0_4.o
[3276/4366] Building RCCLDEV object src/CMakeFiles/rccl_device_gfx950.dir/__/hipify/gensrc/specialized/specialized_reduce_ring_ll128_sum_u64_0_0_1.o
[3277/4366] Building RCCLDEV object src/CMakeFiles/rccl_device_gfx950.dir/__/hipify/gensrc/specialized/specialized_reduce_ring_ll128_prod_f16_0_0_1.o
[3278/4366] Building RCCLDEV object src/CMakeFiles/rccl_device_gfx950.dir/__/hipify/gensrc/specialized/specialized_reducescatter_pat_ll128_minmax_u64_0_0_4.o
[3279/4366] Building RCCLDEV object src/CMakeFiles/rccl_device_gfx950.dir/__/hipify/gensrc/specialized/specialized_allreduce_ring_ll128_sum_u32_0_0_2_1.o
[3280/4366] Building RCCLDEV object src/CMakeFiles/rccl_device_gfx950.dir/__/hipify/gensrc/specialized/specialized_reduce_ring_ll128_sum_u32_0_0_1.o
[3281/4366] Building RCCLDEV object src/CMakeFiles/rccl_device_gfx950.dir/__/hipify/gensrc/specialized/specialized_reduce_ring_ll128_sum_f32_0_0_1.o
[3282/4366] Building RCCLDEV object src/CMakeFiles/rccl_device_gfx950.dir/__/hipify/gensrc/specialized/specialized_allreduce_ring_ll128_premulsum_f16_1_0_4_2.o
[3283/4366] Building RCCLDEV object src/CMakeFiles/rccl_device_gfx950.dir/__/hipify/gensrc/specialized/specialized_allreduce_ring_ll128_sum_f64_0_0_2_2.o
[3284/4366] Building RCCLDEV object src/CMakeFiles/rccl_device_gfx950.dir/__/hipify/gensrc/specialized/specialized_reduce_ring_ll128_prod_f64_0_0_1.o
[3285/4366] Building RCCLDEV object src/CMakeFiles/rccl_device_gfx950.dir/__/hipify/gensrc/specialized/specialized_allreduce_ring_ll128_premulsum_u64_1_0_4_1.o
[3286/4366] Building RCCLDEV object src/CMakeFiles/rccl_device_gfx950.dir/__/hipify/gensrc/specialized/specialized_reduce_ring_ll128_sum_u8_0_0_1.o
[3287/4366] Building RCCLDEV object src/CMakeFiles/rccl_device_gfx950.dir/__/hipify/gensrc/specialized/specialized_reducescatter_pat_ll128_prod_u8_0_0_4.o
[3288/4366] Building RCCLDEV object src/CMakeFiles/rccl_device_gfx950.dir/__/hipify/gensrc/specialized/specialized_reducescatter_pat_ll128_prod_u64_0_0_4.o
[3289/4366] Building RCCLDEV object src/CMakeFiles/rccl_device_gfx950.dir/__/hipify/gensrc/specialized/specialized_reducescatter_pat_ll128_minmax_u32_0_0_4.o
[3290/4366] Building RCCLDEV object src/CMakeFiles/rccl_device_gfx950.dir/__/hipify/gensrc/specialized/specialized_reduce_ring_ll128_premulsum_u64_0_0_1.o
[3291/4366] Building RCCLDEV object src/CMakeFiles/rccl_device_gfx950.dir/__/hipify/gensrc/specialized/specialized_reduce_ring_ll128_minmax_f32_0_0_1.o
[3292/4366] Building RCCLDEV object src/CMakeFiles/rccl_device_gfx950.dir/__/hipify/gensrc/specialized/specialized_allreduce_ring_ll128_sumpostdiv_u32_1_0_4_1.o
[3293/4366] Building RCCLDEV object src/CMakeFiles/rccl_device_gfx950.dir/__/hipify/gensrc/specialized/specialized_allreduce_ring_ll128_minmax_bf16_1_0_4_2.o
[3294/4366] Building RCCLDEV object src/CMakeFiles/rccl_device_gfx950.dir/__/hipify/gensrc/specialized/specialized_reducescatter_pat_ll128_prod_f64_0_0_4.o
[3295/4366] Building RCCLDEV object src/CMakeFiles/rccl_device_gfx950.dir/__/hipify/gensrc/specialized/specialized_reduce_ring_ll128_prod_f32_0_0_1.o
[3296/4366] Building RCCLDEV object src/CMakeFiles/rccl_device_gfx950.dir/__/hipify/gensrc/specialized/specialized_reducescatter_ring_ll128_prod_u32_0_0_1.o
[3297/4366] Building RCCLDEV object src/CMakeFiles/rccl_device_gfx950.dir/__/hipify/gensrc/specialized/specialized_reducescatter_ring_ll128_minmax_f32_0_0_1.o
[3298/4366] Building RCCLDEV object src/CMakeFiles/rccl_device_gfx950.dir/__/hipify/gensrc/specialized/specialized_allreduce_ring_ll128_sum_u64_0_0_2_1.o
[3299/4366] Building RCCLDEV object src/CMakeFiles/rccl_device_gfx950.dir/__/hipify/gensrc/specialized/specialized_reducescatter_pat_ll128_prod_f32_0_0_4.o
[3300/4366] Building RCCLDEV object src/CMakeFiles/rccl_device_gfx950.dir/__/hipify/gensrc/specialized/specialized_reduce_ring_ll128_sum_f16_0_0_1.o
[3301/4366] Building RCCLDEV object src/CMakeFiles/rccl_device_gfx950.dir/__/hipify/gensrc/specialized/specialized_allreduce_ring_ll128_prod_u32_0_0_2_2.o
[3302/4366] Building RCCLDEV object src/CMakeFiles/rccl_device_gfx950.dir/__/hipify/gensrc/specialized/specialized_reducescatter_ring_ll128_sum_f64_0_0_1.o
[3303/4366] Building RCCLDEV object src/CMakeFiles/rccl_device_gfx950.dir/__/hipify/gensrc/specialized/specialized_reducescatter_pat_ll128_minmax_f32_0_0_4.o
[3304/4366] Building RCCLDEV object src/CMakeFiles/rccl_device_gfx950.dir/__/hipify/gensrc/specialized/specialized_reduce_ring_ll128_prod_bf16_0_0_1.o
[3305/4366] Building RCCLDEV object src/CMakeFiles/rccl_device_gfx950.dir/__/hipify/gensrc/specialized/specialized_reduce_ring_ll128_premulsum_f64_0_0_1.o
[3306/4366] Building RCCLDEV object src/CMakeFiles/rccl_device_gfx950.dir/__/hipify/gensrc/specialized/specialized_reducescatter_ring_ll128_sum_u64_0_0_1.o
[3307/4366] Building RCCLDEV object src/CMakeFiles/rccl_device_gfx950.dir/__/hipify/gensrc/specialized/specialized_allreduce_ring_ll128_sum_u32_0_0_2_2.o
[3308/4366] Building RCCLDEV object src/CMakeFiles/rccl_device_gfx950.dir/__/hipify/gensrc/specialized/specialized_allreduce_ring_ll128_prod_u64_0_0_2_1.o
[3309/4366] Building RCCLDEV object src/CMakeFiles/rccl_device_gfx950.dir/__/hipify/gensrc/specialized/specialized_reducescatter_pat_ll128_minmax_f64_0_0_4.o
[3310/4366] Building RCCLDEV object src/CMakeFiles/rccl_device_gfx950.dir/__/hipify/gensrc/specialized/specialized_reducescatter_ring_ll128_sum_f32_0_0_1.o
[3311/4366] Building RCCLDEV object src/CMakeFiles/rccl_device_gfx950.dir/__/hipify/gensrc/specialized/specialized_reducescatter_pat_ll128_premulsum_bf16_0_0_4.o
[3312/4366] Building RCCLDEV object src/CMakeFiles/rccl_device_gfx950.dir/__/hipify/gensrc/specialized/specialized_allreduce_ring_ll128_sum_f16_0_0_2_2.o
[3313/4366] Building RCCLDEV object src/CMakeFiles/rccl_device_gfx950.dir/__/hipify/gensrc/specialized/specialized_reduce_ring_ll128_minmax_f16_0_0_2.o
[3314/4366] Building RCCLDEV object src/CMakeFiles/rccl_device_gfx950.dir/__/hipify/gensrc/specialized/specialized_reducescatter_pat_ll128_minmax_u8_0_0_4.o
[3315/4366] Building RCCLDEV object src/CMakeFiles/rccl_device_gfx950.dir/__/hipify/gensrc/specialized/specialized_allreduce_ring_ll128_prod_u32_0_0_2_1.o
[3316/4366] Building RCCLDEV object src/CMakeFiles/rccl_device_gfx950.dir/__/hipify/gensrc/specialized/specialized_allreduce_ring_ll128_sum_u8_0_0_2_1.o
[3317/4366] Building RCCLDEV object src/CMakeFiles/rccl_device_gfx950.dir/__/hipify/gensrc/specialized/specialized_reducescatter_pat_ll128_minmax_f16_0_0_4.o
[3318/4366] Building RCCLDEV object src/CMakeFiles/rccl_device_gfx950.dir/__/hipify/gensrc/specialized/specialized_reducescatter_pat_ll128_premulsum_u32_0_0_4.o
[3319/4366] Building RCCLDEV object src/CMakeFiles/rccl_device_gfx950.dir/__/hipify/gensrc/specialized/specialized_allreduce_ring_ll128_sum_bf16_0_0_2_2.o
[3320/4366] Building RCCLDEV object src/CMakeFiles/rccl_device_gfx950.dir/__/hipify/gensrc/specialized/specialized_allreduce_ring_ll128_premulsum_f32_1_0_4_1.o
[3321/4366] Building RCCLDEV object src/CMakeFiles/rccl_device_gfx950.dir/__/hipify/gensrc/specialized/specialized_reducescatter_pat_ll128_minmax_bf16_0_0_4.o
[3322/4366] Building RCCLDEV object src/CMakeFiles/rccl_device_gfx950.dir/__/hipify/gensrc/specialized/specialized_reducescatter_pat_ll128_premulsum_u64_0_0_4.o
[3323/4366] Building RCCLDEV object src/CMakeFiles/rccl_device_gfx950.dir/__/hipify/gensrc/specialized/specialized_reduce_ring_ll128_sumpostdiv_u64_0_0_1.o
[3324/4366] Building RCCLDEV object src/CMakeFiles/rccl_device_gfx950.dir/__/hipify/gensrc/specialized/specialized_reducescatter_ring_ll128_sum_f16_0_0_1.o
[3325/4366] Building RCCLDEV object src/CMakeFiles/rccl_device_gfx950.dir/__/hipify/gensrc/specialized/specialized_reducescatter_pat_ll128_sumpostdiv_u64_0_0_4.o
[3326/4366] Building RCCLDEV object src/CMakeFiles/rccl_device_gfx950.dir/__/hipify/gensrc/specialized/specialized_reducescatter_ring_ll128_minmax_u64_0_0_1.o
[3327/4366] Building RCCLDEV object src/CMakeFiles/rccl_device_gfx950.dir/__/hipify/gensrc/specialized/specialized_reduce_ring_ll128_minmax_u8_0_0_1.o
[3328/4366] Building RCCLDEV object src/CMakeFiles/rccl_device_gfx950.dir/__/hipify/gensrc/specialized/specialized_reduce_ring_ll128_sum_bf16_0_0_1.o
[3329/4366] Building RCCLDEV object src/CMakeFiles/rccl_device_gfx950.dir/__/hipify/gensrc/specialized/specialized_reducescatter_pat_ll128_premulsum_f16_0_0_4.o
[3330/4366] Building RCCLDEV object src/CMakeFiles/rccl_device_gfx950.dir/__/hipify/gensrc/specialized/specialized_allreduce_ring_ll128_minmax_u32_0_0_2_2.o
[3331/4366] Building RCCLDEV object src/CMakeFiles/rccl_device_gfx950.dir/__/hipify/gensrc/specialized/specialized_reduce_ring_ll128_premulsum_u32_0_0_1.o
[3332/4366] Building RCCLDEV object src/CMakeFiles/rccl_device_gfx950.dir/__/hipify/gensrc/specialized/specialized_reducescatter_pat_ll128_premulsum_u8_0_0_4.o
[3333/4366] Building RCCLDEV object src/CMakeFiles/rccl_device_gfx950.dir/__/hipify/gensrc/specialized/specialized_reducescatter_pat_ll128_premulsum_f64_0_0_4.o
[3334/4366] Building RCCLDEV object src/CMakeFiles/rccl_device_gfx950.dir/__/hipify/gensrc/specialized/specialized_allreduce_ring_ll128_prod_f64_0_0_2_2.o
[3335/4366] Building RCCLDEV object src/CMakeFiles/rccl_device_gfx950.dir/__/hipify/gensrc/specialized/specialized_reducescatter_pat_ll128_premulsum_f32_0_0_4.o
[3336/4366] Building RCCLDEV object src/CMakeFiles/rccl_device_gfx950.dir/__/hipify/gensrc/specialized/specialized_allreduce_ring_ll128_sumpostdiv_u8_0_0_4_1.o
[3337/4366] Building RCCLDEV object src/CMakeFiles/rccl_device_gfx950.dir/__/hipify/gensrc/specialized/specialized_allreduce_ring_ll128_sum_f32_0_0_2_1.o
[3338/4366] Building RCCLDEV object src/CMakeFiles/rccl_device_gfx950.dir/__/hipify/gensrc/specialized/specialized_allreduce_ring_ll128_minmax_u64_0_0_2_1.o
[3339/4366] Building RCCLDEV object src/CMakeFiles/rccl_device_gfx950.dir/__/hipify/gensrc/specialized/specialized_reduce_ring_ll128_minmax_bf16_0_0_1.o
[3340/4366] Building RCCLDEV object src/CMakeFiles/rccl_device_gfx950.dir/__/hipify/gensrc/specialized/specialized_allreduce_ring_ll128_sumpostdiv_u8_0_0_4_2.o
[3341/4366] Building RCCLDEV object src/CMakeFiles/rccl_device_gfx950.dir/__/hipify/gensrc/specialized/specialized_allreduce_ring_ll128_sum_f64_0_0_2_1.o
[3342/4366] Building RCCLDEV object src/CMakeFiles/rccl_device_gfx950.dir/__/hipify/gensrc/specialized/specialized_reducescatter_pat_ll128_sum_u8_0_0_2.o
[3343/4366] Building RCCLDEV object src/CMakeFiles/rccl_device_gfx950.dir/__/hipify/gensrc/specialized/specialized_reducescatter_ring_ll128_minmax_f64_0_0_1.o
[3344/4366] Building RCCLDEV object src/CMakeFiles/rccl_device_gfx950.dir/__/hipify/gensrc/specialized/specialized_reducescatter_ring_ll128_sum_u8_0_0_1.o
[3345/4366] Building RCCLDEV object src/CMakeFiles/rccl_device_gfx950.dir/__/hipify/gensrc/specialized/specialized_reducescatter_ring_ll128_sum_bf16_0_0_1.o
[3346/4366] Building RCCLDEV object src/CMakeFiles/rccl_device_gfx950.dir/__/hipify/gensrc/specialized/specialized_reducescatter_ring_ll128_premulsum_u64_0_0_1.o
[3347/4366] Building RCCLDEV object src/CMakeFiles/rccl_device_gfx950.dir/__/hipify/gensrc/specialized/specialized_allreduce_ring_ll128_prod_u8_0_0_2_2.o
[3348/4366] Building CXX object test/host/CMakeFiles/rccl-UnitTestsMicro.dir/fakes/ras_param_fakes.cc.o
[3349/4366] Building RCCLDEV object src/CMakeFiles/rccl_device_gfx950.dir/__/hipify/gensrc/specialized/specialized_allreduce_ring_ll128_premulsum_bf16_1_0_4_2.o
[3350/4366] Building RCCLDEV object src/CMakeFiles/rccl_device_gfx950.dir/__/hipify/gensrc/specialized/specialized_allreduce_ring_ll128_sumpostdiv_u64_1_0_4_1.o
[3351/4366] Building RCCLDEV object src/CMakeFiles/rccl_device_gfx950.dir/__/hipify/gensrc/specialized/specialized_reducescatter_ring_ll128_minmax_u32_0_0_1.o
[3352/4366] Building RCCLDEV object src/CMakeFiles/rccl_device_gfx950.dir/__/hipify/gensrc/specialized/specialized_reducescatter_ring_ll128_sum_u32_0_0_1.o
[3353/4366] Building RCCLDEV object src/CMakeFiles/rccl_device_gfx950.dir/__/hipify/gensrc/specialized/specialized_allgather_pat_ll128_sum_i8_0_0_2_1.o
[3354/4366] Building RCCLDEV object src/CMakeFiles/rccl_device_gfx950.dir/__/hipify/gensrc/specialized/specialized_allreduce_ring_ll128_prod_f16_0_0_2_1.o
[3355/4366] Building RCCLDEV object src/CMakeFiles/rccl_device_gfx950.dir/__/hipify/gensrc/specialized/specialized_reducescatter_ring_ll128_prod_f32_0_0_1.o
[3356/4366] Building RCCLDEV object src/CMakeFiles/rccl_device_gfx950.dir/__/hipify/gensrc/specialized/specialized_allreduce_ring_ll128_prod_f32_0_0_2_2.o
[3357/4366] Building RCCLDEV object src/CMakeFiles/rccl_device_gfx950.dir/__/hipify/gensrc/specialized/specialized_allreduce_ring_ll128_prod_f64_0_0_2_1.o
[3358/4366] Building RCCLDEV object src/CMakeFiles/rccl_device_gfx950.dir/__/hipify/gensrc/specialized/specialized_reducescatter_ring_ll128_prod_u64_0_0_1.o
[3359/4366] Building RCCLDEV object src/CMakeFiles/rccl_device_gfx950.dir/__/hipify/gensrc/specialized/specialized_allreduce_ring_ll128_sum_u64_1_0_2_2.o
[3360/4366] Building RCCLDEV object src/CMakeFiles/rccl_device_gfx950.dir/__/hipify/gensrc/specialized/specialized_allgather_pat_ll128_sum_i8_0_0_2_2.o
[3361/4366] Building RCCLDEV object src/CMakeFiles/rccl_device_gfx950.dir/__/hipify/gensrc/specialized/specialized_reducescatter_pat_ll128_sum_u64_0_0_2.o
[3362/4366] Building RCCLDEV object src/CMakeFiles/rccl_device_gfx950.dir/__/hipify/gensrc/specialized/specialized_allreduce_ring_ll128_sum_u32_1_0_2_2.o
[3363/4366] Building RCCLDEV object src/CMakeFiles/rccl_device_gfx950.dir/__/hipify/gensrc/specialized/specialized_reducescatter_ring_ll128_prod_bf16_0_0_1.o
[3364/4366] Building RCCLDEV object src/CMakeFiles/rccl_device_gfx950.dir/__/hipify/gensrc/specialized/specialized_allreduce_ring_ll128_minmax_f32_0_0_2_1.o
[3365/4366] Building RCCLDEV object src/CMakeFiles/rccl_device_gfx950.dir/__/hipify/gensrc/specialized/specialized_broadcast_ring_ll128_sum_i8_0_0_1_2.o
[3366/4366] Building RCCLDEV object src/CMakeFiles/rccl_device_gfx950.dir/__/hipify/gensrc/specialized/specialized_reducescatter_ring_ll128_prod_f64_0_0_1.o
[3367/4366] Building RCCLDEV object src/CMakeFiles/rccl_device_gfx950.dir/__/hipify/gensrc/specialized/specialized_allreduce_ring_ll128_sum_bf16_0_0_2_1.o
[3368/4366] Building RCCLDEV object src/CMakeFiles/rccl_device_gfx950.dir/__/hipify/gensrc/specialized/specialized_reducescatter_ring_ll128_premulsum_f32_0_0_1.o
[3369/4366] Building RCCLDEV object src/CMakeFiles/rccl_device_gfx950.dir/__/hipify/gensrc/specialized/specialized_reducescatter_pat_ll128_sumpostdiv_u32_0_0_4.o
[3370/4366] Building RCCLDEV object src/CMakeFiles/rccl_device_gfx950.dir/__/hipify/gensrc/specialized/specialized_broadcast_ring_ll128_sum_i8_0_0_1_1.o
[3371/4366] Building RCCLDEV object src/CMakeFiles/rccl_device_gfx950.dir/__/hipify/gensrc/specialized/specialized_reducescatter_pat_ll128_sumpostdiv_u8_0_0_4.o
[3372/4366] Building RCCLDEV object src/CMakeFiles/rccl_device_gfx950.dir/__/hipify/gensrc/specialized/specialized_allreduce_ring_ll128_prod_u8_0_0_2_1.o
[3373/4366] Building RCCLDEV object src/CMakeFiles/rccl_device_gfx950.dir/__/hipify/gensrc/specialized/specialized_reduce_ring_ll128_premulsum_f16_0_0_1.o
[3374/4366] Building RCCLDEV object src/CMakeFiles/rccl_device_gfx950.dir/__/hipify/gensrc/specialized/specialized_allreduce_ring_ll128_sum_f16_0_0_2_1.o
[3375/4366] Building RCCLDEV object src/CMakeFiles/rccl_device_gfx950.dir/__/hipify/gensrc/specialized/specialized_reduce_ring_ll128_sumpostdiv_u32_0_0_1.o
[3376/4366] Building RCCLDEV object src/CMakeFiles/rccl_device_gfx950.dir/__/hipify/gensrc/specialized/specialized_reducescatter_ring_ll128_prod_u8_0_0_1.o
[3377/4366] Building RCCLDEV object src/CMakeFiles/rccl_device_gfx950.dir/__/hipify/gensrc/specialized/specialized_reducescatter_ring_ll128_premulsum_f64_0_0_1.o
[3378/4366] Building RCCLDEV object src/CMakeFiles/rccl_device_gfx950.dir/__/hipify/gensrc/specialized/specialized_allreduce_ring_ll128_prod_f16_0_0_2_2.o
[3379/4366] Building RCCLDEV object src/CMakeFiles/rccl_device_gfx950.dir/__/hipify/gensrc/specialized/specialized_allreduce_ring_ll128_minmax_u64_0_0_2_2.o
[3380/4366] Building RCCLDEV object src/CMakeFiles/rccl_device_gfx950.dir/__/hipify/gensrc/specialized/specialized_allreduce_ring_ll128_prod_bf16_0_0_2_2.o
[3381/4366] Building RCCLDEV object src/CMakeFiles/rccl_device_gfx950.dir/__/hipify/gensrc/specialized/specialized_allreduce_ring_ll128_minmax_f64_0_0_2_2.o
[3382/4366] Building RCCLDEV object src/CMakeFiles/rccl_device_gfx950.dir/__/hipify/gensrc/specialized/specialized_reduce_ring_ll128_premulsum_u8_0_0_1.o
[3383/4366] Building RCCLDEV object src/CMakeFiles/rccl_device_gfx950.dir/__/hipify/gensrc/specialized/specialized_reducescatter_ring_ll128_prod_f16_0_0_1.o
[3384/4366] Building RCCLDEV object src/CMakeFiles/rccl_device_gfx950.dir/__/hipify/gensrc/specialized/specialized_allreduce_ring_ll128_prod_f32_0_0_2_1.o
[3385/4366] Building RCCLDEV object src/CMakeFiles/rccl_device_gfx950.dir/__/hipify/gensrc/specialized/specialized_allreduce_ring_ll128_minmax_f16_0_0_4_2.o
[3386/4366] Building RCCLDEV object src/CMakeFiles/rccl_device_gfx950.dir/__/hipify/gensrc/specialized/specialized_allreduce_ring_ll128_minmax_f64_0_0_2_1.o
[3387/4366] Building RCCLDEV object src/CMakeFiles/rccl_device_gfx950.dir/__/hipify/gensrc/specialized/specialized_reduce_ring_ll128_premulsum_bf16_0_0_1.o
[3388/4366] Building RCCLDEV object src/CMakeFiles/rccl_device_gfx950.dir/__/hipify/gensrc/specialized/specialized_allreduce_ring_ll128_minmax_f16_0_0_4_1.o
[3389/4366] Building RCCLDEV object src/CMakeFiles/rccl_device_gfx950.dir/__/hipify/gensrc/specialized/specialized_reducescatter_pat_ll128_sum_bf16_0_0_2.o
[3390/4366] Building RCCLDEV object src/CMakeFiles/rccl_device_gfx950.dir/__/hipify/gensrc/specialized/specialized_allreduce_ring_ll128_minmax_bf16_1_0_4_1.o
[3391/4366] Building RCCLDEV object src/CMakeFiles/rccl_device_gfx950.dir/__/hipify/gensrc/specialized/specialized_allreduce_ring_ll128_minmax_f32_0_0_2_2.o
[3392/4366] Building RCCLDEV object src/CMakeFiles/rccl_device_gfx950.dir/__/hipify/gensrc/specialized/specialized_reducescatter_ring_ll128_premulsum_u32_0_0_1.o
[3393/4366] Building RCCLDEV object src/CMakeFiles/rccl_device_gfx950.dir/__/hipify/gensrc/specialized/specialized_reducescatter_ring_ll128_minmax_f16_0_0_2.o
[3394/4366] Building RCCLDEV object src/CMakeFiles/rccl_device_gfx950.dir/__/hipify/gensrc/specialized/specialized_allreduce_ring_ll128_sumpostdiv_u64_1_0_4_2.o
[3395/4366] Building RCCLDEV object src/CMakeFiles/rccl_device_gfx950.dir/__/hipify/gensrc/specialized/specialized_allreduce_ring_ll128_sum_f64_1_0_2_2.o
[3396/4366] Building RCCLDEV object src/CMakeFiles/rccl_device_gfx950.dir/__/hipify/gensrc/specialized/specialized_reducescatter_pat_ll128_sum_f16_0_0_2.o
[3397/4366] Building RCCLDEV object src/CMakeFiles/rccl_device_gfx950.dir/__/hipify/gensrc/specialized/specialized_reducescatter_pat_ll128_sum_f32_0_0_2.o
[3398/4366] Building RCCLDEV object src/CMakeFiles/rccl_device_gfx950.dir/__/hipify/gensrc/specialized/specialized_reducescatter_pat_ll128_sum_u32_0_0_2.o
[3399/4366] Building RCCLDEV object src/CMakeFiles/rccl_device_gfx950.dir/__/hipify/gensrc/specialized/specialized_allreduce_ring_ll128_premulsum_f32_0_0_2_2.o
[3400/4366] Building RCCLDEV object src/CMakeFiles/rccl_device_gfx950.dir/__/hipify/gensrc/specialized/specialized_reducescatter_ring_ll128_sumpostdiv_u32_0_0_1.o
[3401/4366] Building RCCLDEV object src/CMakeFiles/rccl_device_gfx950.dir/__/hipify/gensrc/specialized/specialized_allreduce_ring_ll128_premulsum_u8_1_0_4_2.o
[3402/4366] Building RCCLDEV object src/CMakeFiles/rccl_device_gfx950.dir/__/hipify/gensrc/specialized/specialized_allreduce_ring_ll128_prod_bf16_0_0_2_1.o
[3403/4366] Building RCCLDEV object src/CMakeFiles/rccl_device_gfx950.dir/__/hipify/gensrc/specialized/specialized_allreduce_ring_ll128_sum_u64_1_0_2_1.o
[3404/4366] Building RCCLDEV object src/CMakeFiles/rccl_device_gfx950.dir/__/hipify/gensrc/specialized/specialized_allreduce_ring_ll128_premulsum_f64_0_0_2_2.o
[3405/4366] Building RCCLDEV object src/CMakeFiles/rccl_device_gfx950.dir/__/hipify/gensrc/specialized/specialized_reducescatter_ring_ll128_minmax_u8_0_0_1.o
[3406/4366] Building RCCLDEV object src/CMakeFiles/rccl_device_gfx950.dir/__/hipify/gensrc/specialized/specialized_reducescatter_ring_ll128_premulsum_f16_0_0_1.o
[3407/4366] Building RCCLDEV object src/CMakeFiles/rccl_device_gfx950.dir/__/hipify/gensrc/specialized/specialized_allreduce_tree_ll128_minmax_f16_1_0_2_1.o
[3408/4366] Building RCCLDEV object src/CMakeFiles/rccl_device_gfx950.dir/__/hipify/gensrc/specialized/specialized_allreduce_ring_ll128_sum_f32_1_0_2_2.o
[3409/4366] Building RCCLDEV object src/CMakeFiles/rccl_device_gfx950.dir/__/hipify/gensrc/specialized/specialized_reducescatter_ring_ll128_minmax_bf16_0_0_1.o
[3410/4366] Building RCCLDEV object src/CMakeFiles/rccl_device_gfx950.dir/__/hipify/gensrc/specialized/specialized_allreduce_ring_ll128_premulsum_u32_0_0_2_2.o
[3411/4366] Building RCCLDEV object src/CMakeFiles/rccl_device_gfx950.dir/__/hipify/gensrc/specialized/specialized_reducescatter_ring_ll128_sumpostdiv_u64_0_0_1.o
[3412/4366] Building RCCLDEV object src/CMakeFiles/rccl_device_gfx950.dir/__/hipify/gensrc/specialized/specialized_allreduce_ring_ll128_premulsum_bf16_1_0_4_1.o
[3413/4366] Building RCCLDEV object src/CMakeFiles/rccl_device_gfx950.dir/__/hipify/gensrc/specialized/specialized_allreduce_ring_ll128_minmax_u8_0_0_2_2.o
[3414/4366] Building RCCLDEV object src/CMakeFiles/rccl_device_gfx950.dir/__/hipify/gensrc/specialized/specialized_allreduce_tree_ll128_minmax_f16_1_0_2_2.o
[3415/4366] Building RCCLDEV object src/CMakeFiles/rccl_device_gfx950.dir/__/hipify/gensrc/specialized/specialized_allreduce_ring_ll128_prod_u64_1_0_2_2.o
[3416/4366] Building RCCLDEV object src/CMakeFiles/rccl_device_gfx950.dir/__/hipify/gensrc/specialized/specialized_allreduce_ring_ll128_minmax_bf16_0_0_2_2.o
[3417/4366] Building RCCLDEV object src/CMakeFiles/rccl_device_gfx950.dir/__/hipify/gensrc/specialized/specialized_allreduce_ring_ll128_prod_f64_1_0_2_2.o
[3418/4366] Building RCCLDEV object src/CMakeFiles/rccl_device_gfx950.dir/__/hipify/gensrc/specialized/specialized_allreduce_ring_ll128_minmax_u32_0_0_2_1.o
[3419/4366] Building RCCLDEV object src/CMakeFiles/rccl_device_gfx950.dir/__/hipify/gensrc/specialized/specialized_allgather_ring_ll128_sum_i8_0_0_1_2.o
[3420/4366] Building RCCLDEV object src/CMakeFiles/rccl_device_gfx950.dir/__/hipify/gensrc/specialized/specialized_allreduce_ring_ll128_sum_u32_1_0_2_1.o
[3421/4366] Building RCCLDEV object src/CMakeFiles/rccl_device_gfx950.dir/__/hipify/gensrc/specialized/specialized_reducescatter_pat_ll128_sum_f64_0_0_2.o
[3422/4366] Building RCCLDEV object src/CMakeFiles/rccl_device_gfx950.dir/__/hipify/gensrc/specialized/specialized_allreduce_ring_ll128_premulsum_u64_0_0_2_1.o
[3423/4366] Building RCCLDEV object src/CMakeFiles/rccl_device_gfx950.dir/__/hipify/gensrc/specialized/specialized_allreduce_ring_ll128_prod_u32_1_0_2_1.o
[3424/4366] Building RCCLDEV object src/CMakeFiles/rccl_device_gfx950.dir/__/hipify/gensrc/specialized/specialized_allreduce_ring_ll128_minmax_u8_0_0_2_1.o
[3425/4366] Building RCCLDEV object src/CMakeFiles/rccl_device_gfx950.dir/__/hipify/gensrc/specialized/specialized_allreduce_ring_ll128_minmax_u32_1_0_2_2.o
[3426/4366] Building RCCLDEV object src/CMakeFiles/rccl_device_gfx950.dir/__/hipify/gensrc/specialized/specialized_allreduce_ring_ll128_premulsum_f16_1_0_4_1.o
[3427/4366] Building RCCLDEV object src/CMakeFiles/rccl_device_gfx950.dir/__/hipify/gensrc/specialized/specialized_allreduce_ring_ll128_sumpostdiv_u64_0_0_2_2.o
[3428/4366] Building RCCLDEV object src/CMakeFiles/rccl_device_gfx950.dir/__/hipify/gensrc/specialized/specialized_allreduce_ring_ll128_sumpostdiv_u32_0_0_2_2.o
[3429/4366] Building RCCLDEV object src/CMakeFiles/rccl_device_gfx950.dir/__/hipify/gensrc/specialized/specialized_allreduce_ring_ll128_premulsum_u8_1_0_4_1.o
[3430/4366] Building RCCLDEV object src/CMakeFiles/rccl_device_gfx950.dir/__/hipify/gensrc/specialized/specialized_allreduce_ring_ll128_premulsum_u64_0_0_2_2.o
[3431/4366] Building RCCLDEV object src/CMakeFiles/rccl_device_gfx950.dir/__/hipify/gensrc/specialized/specialized_allreduce_ring_ll128_sum_f32_1_0_2_1.o
[3432/4366] Building RCCLDEV object src/CMakeFiles/rccl_device_gfx950.dir/__/hipify/gensrc/specialized/specialized_allgather_ring_ll128_sum_i8_0_0_1_1.o
[3433/4366] Building RCCLDEV object src/CMakeFiles/rccl_device_gfx950.dir/__/hipify/gensrc/specialized/specialized_reducescatter_pat_ll128_prod_u8_0_0_2.o
[3434/4366] Building RCCLDEV object src/CMakeFiles/rccl_device_gfx950.dir/__/hipify/gensrc/specialized/specialized_allreduce_ring_ll128_prod_f32_1_0_2_2.o
[3435/4366] Building RCCLDEV object src/CMakeFiles/rccl_device_gfx950.dir/__/hipify/gensrc/specialized/specialized_reducescatter_ring_ll128_premulsum_bf16_0_0_1.o
[3436/4366] Building RCCLDEV object src/CMakeFiles/rccl_device_gfx950.dir/__/hipify/gensrc/specialized/specialized_reducescatter_pat_ll128_prod_bf16_0_0_2.o
[3437/4366] Building RCCLDEV object src/CMakeFiles/rccl_device_gfx950.dir/__/hipify/gensrc/specialized/specialized_allreduce_ring_ll128_prod_f16_1_0_2_2.o
[3438/4366] Building RCCLDEV object src/CMakeFiles/rccl_device_gfx950.dir/__/hipify/gensrc/specialized/specialized_allreduce_ring_ll128_premulsum_f16_0_0_2_1.o
[3439/4366] Building RCCLDEV object src/CMakeFiles/rccl_device_gfx950.dir/__/hipify/gensrc/specialized/specialized_allreduce_ring_ll128_sum_f64_1_0_2_1.o
[3440/4366] Building RCCLDEV object src/CMakeFiles/rccl_device_gfx950.dir/__/hipify/gensrc/specialized/specialized_allreduce_ring_ll128_sumpostdiv_u32_0_0_2_1.o
[3441/4366] Building RCCLDEV object src/CMakeFiles/rccl_device_gfx950.dir/__/hipify/gensrc/specialized/specialized_allreduce_ring_ll128_minmax_f64_1_0_2_2.o
[3442/4366] Building RCCLDEV object src/CMakeFiles/rccl_device_gfx950.dir/__/hipify/gensrc/specialized/specialized_reducescatter_pat_ll128_prod_u32_0_0_2.o
[3443/4366] Building RCCLDEV object src/CMakeFiles/rccl_device_gfx950.dir/__/hipify/gensrc/specialized/specialized_reducescatter_ring_ll128_premulsum_u8_0_0_1.o
[3444/4366] Building RCCLDEV object src/CMakeFiles/rccl_device_gfx950.dir/__/hipify/gensrc/specialized/specialized_allreduce_ring_ll128_premulsum_f16_0_0_2_2.o
[3445/4366] Building CXX object test/host/CMakeFiles/rccl-UnitTestsMicroInit.dir/fakes/libc_interposers.cc.o
[3446/4366] Building RCCLDEV object src/CMakeFiles/rccl_device_gfx950.dir/__/hipify/gensrc/specialized/specialized_allreduce_ring_ll128_prod_u32_1_0_2_2.o
[3447/4366] Building RCCLDEV object src/CMakeFiles/rccl_device_gfx950.dir/__/hipify/gensrc/specialized/specialized_allreduce_ring_ll128_minmax_u64_1_0_2_2.o
[3448/4366] Building RCCLDEV object src/CMakeFiles/rccl_device_gfx950.dir/__/hipify/gensrc/specialized/specialized_reducescatter_pat_ll128_prod_u64_0_0_2.o
[3449/4366] Building RCCLDEV object src/CMakeFiles/rccl_device_gfx950.dir/__/hipify/gensrc/specialized/specialized_allreduce_ring_ll128_premulsum_u8_0_0_2_2.o
[3450/4366] Building RCCLDEV object src/CMakeFiles/rccl_device_gfx950.dir/__/hipify/gensrc/specialized/specialized_allreduce_ring_ll128_minmax_bf16_0_0_2_1.o
[3451/4366] Building RCCLDEV object src/CMakeFiles/rccl_device_gfx950.dir/__/hipify/gensrc/specialized/specialized_allreduce_ring_ll128_premulsum_f32_0_0_2_1.o
[3452/4366] Building RCCLDEV object src/CMakeFiles/rccl_device_gfx950.dir/__/hipify/gensrc/specialized/specialized_allreduce_ring_ll128_sum_f16_1_0_2_2.o
[3453/4366] Building RCCLDEV object src/CMakeFiles/rccl_device_gfx950.dir/__/hipify/gensrc/specialized/specialized_allreduce_ring_ll128_premulsum_f64_0_0_2_1.o
[3454/4366] Building RCCLDEV object src/CMakeFiles/rccl_device_gfx950.dir/__/hipify/gensrc/specialized/specialized_reducescatter_pat_ll128_prod_f32_0_0_2.o
[3455/4366] Building RCCLDEV object src/CMakeFiles/rccl_device_gfx950.dir/__/hipify/gensrc/specialized/specialized_reducescatter_pat_ll128_prod_f16_0_0_2.o
[3456/4366] Building RCCLDEV object src/CMakeFiles/rccl_device_gfx950.dir/__/hipify/gensrc/specialized/specialized_reducescatter_pat_ll128_prod_f64_0_0_2.o
[3457/4366] Building RCCLDEV object src/CMakeFiles/rccl_device_gfx950.dir/__/hipify/gensrc/specialized/specialized_reducescatter_pat_ll128_minmax_u8_0_0_2.o
[3458/4366] Building RCCLDEV object src/CMakeFiles/rccl_device_gfx950.dir/__/hipify/gensrc/specialized/specialized_reduce_ring_ll128_sumpostdiv_u8_0_0_1.o
[3459/4366] Building RCCLDEV object src/CMakeFiles/rccl_device_gfx950.dir/__/hipify/gensrc/specialized/specialized_reducescatter_pat_ll128_minmax_f16_0_0_2.o
[3460/4366] Building RCCLDEV object src/CMakeFiles/rccl_device_gfx950.dir/__/hipify/gensrc/specialized/specialized_allreduce_ring_ll128_sum_u8_1_0_2_2.o
[3461/4366] Building RCCLDEV object src/CMakeFiles/rccl_device_gfx950.dir/__/hipify/gensrc/specialized/specialized_allreduce_ring_ll128_sumpostdiv_u8_1_0_4_2.o
[3462/4366] Building RCCLDEV object src/CMakeFiles/rccl_device_gfx950.dir/__/hipify/gensrc/specialized/specialized_allreduce_ring_ll128_prod_u64_1_0_2_1.o
[3463/4366] Building RCCLDEV object src/CMakeFiles/rccl_device_gfx950.dir/__/hipify/gensrc/specialized/specialized_reducescatter_ring_ll128_sumpostdiv_u8_0_0_1.o
[3464/4366] Building RCCLDEV object src/CMakeFiles/rccl_device_gfx950.dir/__/hipify/gensrc/specialized/specialized_allreduce_ring_ll128_premulsum_u64_1_0_2_2.o
[3465/4366] Building RCCLDEV object src/CMakeFiles/rccl_device_gfx950.dir/__/hipify/gensrc/specialized/specialized_allreduce_ring_ll128_prod_f16_1_0_2_1.o
[3466/4366] Building RCCLDEV object src/CMakeFiles/rccl_device_gfx950.dir/__/hipify/gensrc/specialized/specialized_allreduce_ring_ll128_sumpostdiv_u64_0_0_2_1.o
[3467/4366] Building RCCLDEV object src/CMakeFiles/rccl_device_gfx950.dir/__/hipify/gensrc/specialized/specialized_allreduce_ring_ll128_premulsum_bf16_0_0_2_2.o
[3468/4366] Building RCCLDEV object src/CMakeFiles/rccl_device_gfx950.dir/__/hipify/gensrc/specialized/specialized_allgatherv_ring_ll128_sum_i8_0_0_1.o
[3469/4366] Building RCCLDEV object src/CMakeFiles/rccl_device_gfx950.dir/__/hipify/gensrc/specialized/specialized_allreduce_ring_ll128_sum_u64_0_0_1_1.o
[3470/4366] Building RCCLDEV object src/CMakeFiles/rccl_device_gfx950.dir/__/hipify/gensrc/specialized/specialized_allreduce_ring_ll128_prod_bf16_1_0_2_2.o
[3471/4366] Building RCCLDEV object src/CMakeFiles/rccl_device_gfx950.dir/__/hipify/gensrc/specialized/specialized_reducescatter_pat_ll128_sumpostdiv_u8_0_0_2.o
[3472/4366] Building RCCLDEV object src/CMakeFiles/rccl_device_gfx950.dir/__/hipify/gensrc/specialized/specialized_reducescatter_pat_ll128_minmax_u32_0_0_2.o
[3473/4366] Building CXX object test/host/CMakeFiles/rccl-UnitTestsMicro.dir/fakes/rccl_arch_thresholds_fakes.cc.o
[3474/4366] Building RCCLDEV object src/CMakeFiles/rccl_device_gfx950.dir/__/hipify/gensrc/specialized/specialized_allreduce_ring_ll128_sum_bf16_1_0_2_2.o
[3475/4366] Building RCCLDEV object src/CMakeFiles/rccl_device_gfx950.dir/__/hipify/gensrc/specialized/specialized_reducescatter_pat_ll128_minmax_u64_0_0_2.o
[3476/4366] Building RCCLDEV object src/CMakeFiles/rccl_device_gfx950.dir/__/hipify/gensrc/specialized/specialized_allreduce_ring_ll128_sum_f64_0_0_1_2.o
[3477/4366] Building RCCLDEV object src/CMakeFiles/rccl_device_gfx950.dir/__/hipify/gensrc/specialized/specialized_allreduce_ring_ll128_sum_u64_0_0_1_2.o
[3478/4366] Building CXX object test/host/CMakeFiles/rccl-UnitTestsMicroInit-uncached.dir/fakes/libc_interposers.cc.o
[3479/4366] Building RCCLDEV object src/CMakeFiles/rccl_device_gfx950.dir/__/hipify/gensrc/specialized/specialized_reducescatter_pat_ll128_premulsum_u64_0_0_2.o
[3480/4366] Building CXX object test/host/CMakeFiles/rccl-UnitTestsMicro.dir/__/__/hipify/src/misc/archinfo.cc.o
[3481/4366] Building RCCLDEV object src/CMakeFiles/rccl_device_gfx950.dir/__/hipify/gensrc/specialized/specialized_allreduce_ring_ll128_premulsum_u32_0_0_2_1.o
[3482/4366] Building RCCLDEV object src/CMakeFiles/rccl_device_gfx950.dir/__/hipify/gensrc/specialized/specialized_allreduce_ring_ll128_minmax_u64_1_0_2_1.o
[3483/4366] Building RCCLDEV object src/CMakeFiles/rccl_device_gfx950.dir/__/hipify/gensrc/specialized/specialized_allreduce_ring_ll128_sum_u8_1_0_2_1.o
[3484/4366] Building RCCLDEV object src/CMakeFiles/rccl_device_gfx950.dir/__/hipify/gensrc/specialized/specialized_allreduce_ring_ll128_prod_f32_1_0_2_1.o
[3485/4366] Building RCCLDEV object src/CMakeFiles/rccl_device_gfx950.dir/__/hipify/gensrc/specialized/specialized_allreduce_ring_ll128_sum_f32_0_0_1_2.o
[3486/4366] Building RCCLDEV object src/CMakeFiles/rccl_device_gfx950.dir/__/hipify/gensrc/specialized/specialized_reducescatter_pat_ll128_minmax_f64_0_0_2.o
[3487/4366] Building RCCLDEV object src/CMakeFiles/rccl_device_gfx950.dir/__/hipify/gensrc/specialized/specialized_allreduce_ring_ll128_premulsum_u32_1_0_2_2.o
[3488/4366] Building RCCLDEV object src/CMakeFiles/rccl_device_gfx950.dir/__/hipify/gensrc/specialized/specialized_allreduce_ring_ll128_prod_f64_1_0_2_1.o
[3489/4366] Building RCCLDEV object src/CMakeFiles/rccl_device_gfx950.dir/__/hipify/gensrc/specialized/specialized_allreduce_ring_ll128_prod_u64_0_0_1_1.o
[3490/4366] Building RCCLDEV object src/CMakeFiles/rccl_device_gfx950.dir/__/hipify/gensrc/specialized/specialized_allreduce_ring_ll128_minmax_f64_1_0_2_1.o
[3491/4366] Building CXX object test/host/CMakeFiles/rccl-UnitTestsMicroInit-faultinj.dir/fakes/libc_interposers.cc.o
[3492/4366] Building RCCLDEV object src/CMakeFiles/rccl_device_gfx950.dir/__/hipify/gensrc/specialized/specialized_reducescatter_pat_ll128_minmax_f32_0_0_2.o
[3493/4366] Building RCCLDEV object src/CMakeFiles/rccl_device_gfx950.dir/__/hipify/gensrc/specialized/specialized_allreduce_ring_ll128_minmax_u32_1_0_2_1.o
[3494/4366] Building RCCLDEV object src/CMakeFiles/rccl_device_gfx950.dir/__/hipify/gensrc/specialized/specialized_allreduce_ring_ll128_sumpostdiv_u8_1_0_4_1.o
[3495/4366] Building RCCLDEV object src/CMakeFiles/rccl_device_gfx950.dir/__/hipify/gensrc/specialized/specialized_allreduce_ring_ll128_prod_f64_0_0_1_2.o
[3496/4366] Building RCCLDEV object src/CMakeFiles/rccl_device_gfx950.dir/__/hipify/gensrc/specialized/specialized_allreduce_ring_ll128_premulsum_u8_0_0_2_1.o
[3497/4366] Building RCCLDEV object src/CMakeFiles/rccl_device_gfx950.dir/__/hipify/gensrc/specialized/specialized_allreduce_ring_ll128_sum_u32_0_0_1_1.o
[3498/4366] Building RCCLDEV object src/CMakeFiles/rccl_device_gfx950.dir/__/hipify/gensrc/specialized/specialized_allreduce_tree_ll128_minmax_f16_1_0_1_1.o
[3499/4366] Building RCCLDEV object src/CMakeFiles/rccl_device_gfx950.dir/__/hipify/gensrc/specialized/specialized_reducescatter_pat_ll128_premulsum_f16_0_0_2.o
[3500/4366] Building RCCLDEV object src/CMakeFiles/rccl_device_gfx950.dir/__/hipify/gensrc/specialized/specialized_allreduce_ring_ll128_premulsum_f64_1_0_2_2.o
[3501/4366] Building RCCLDEV object src/CMakeFiles/rccl_device_gfx950.dir/__/hipify/gensrc/specialized/specialized_allreduce_ring_ll128_prod_f32_0_0_1_2.o
[3502/4366] Building RCCLDEV object src/CMakeFiles/rccl_device_gfx950.dir/__/hipify/gensrc/specialized/specialized_allreduce_ring_ll128_prod_u32_0_0_1_2.o
[3503/4366] Building RCCLDEV object src/CMakeFiles/rccl_device_gfx950.dir/__/hipify/gensrc/specialized/specialized_allreduce_ring_ll128_sum_f32_0_0_1_1.o
[3504/4366] Building RCCLDEV object src/CMakeFiles/rccl_device_gfx950.dir/__/hipify/gensrc/specialized/specialized_reducescatter_pat_ll128_premulsum_u32_0_0_2.o
[3505/4366] Building RCCLDEV object src/CMakeFiles/rccl_device_gfx950.dir/__/hipify/gensrc/specialized/specialized_allreduce_ring_ll128_premulsum_bf16_0_0_2_1.o
[3506/4366] Building RCCLDEV object src/CMakeFiles/rccl_device_gfx950.dir/__/hipify/gensrc/specialized/specialized_reducescatter_pat_ll128_premulsum_f32_0_0_2.o
[3507/4366] Building RCCLDEV object src/CMakeFiles/rccl_device_gfx950.dir/__/hipify/gensrc/specialized/specialized_allreduce_ring_ll128_sum_f16_1_0_2_1.o
[3508/4366] Building RCCLDEV object src/CMakeFiles/rccl_device_gfx950.dir/__/hipify/gensrc/specialized/specialized_reducescatter_pat_ll128_sumpostdiv_u32_0_0_2.o
[3509/4366] Building RCCLDEV object src/CMakeFiles/rccl_device_gfx950.dir/__/hipify/gensrc/specialized/specialized_reducescatter_pat_ll128_premulsum_u8_0_0_2.o
[3510/4366] Building RCCLDEV object src/CMakeFiles/rccl_device_gfx950.dir/__/hipify/gensrc/specialized/specialized_allreduce_tree_ll128_minmax_f16_1_0_1_2.o
[3511/4366] Building RCCLDEV object src/CMakeFiles/rccl_device_gfx950.dir/__/hipify/gensrc/specialized/specialized_allreduce_ring_ll128_prod_u64_0_0_1_2.o
[3512/4366] Building RCCLDEV object src/CMakeFiles/rccl_device_gfx950.dir/__/hipify/gensrc/specialized/specialized_allreduce_ring_ll128_premulsum_f32_1_0_2_2.o
[3513/4366] Building RCCLDEV object src/CMakeFiles/rccl_device_gfx950.dir/__/hipify/gensrc/specialized/specialized_allreduce_ring_ll128_minmax_u32_0_0_1_2.o
[3514/4366] Building RCCLDEV object src/CMakeFiles/rccl_device_gfx950.dir/__/hipify/gensrc/specialized/specialized_allgather_pat_ll128_sum_i8_0_0_1_1.o
[3515/4366] Building RCCLDEV object src/CMakeFiles/rccl_device_gfx950.dir/__/hipify/gensrc/specialized/specialized_allreduce_ring_ll128_sum_f16_0_0_1_2.o
[3516/4366] Building RCCLDEV object src/CMakeFiles/rccl_device_gfx950.dir/__/hipify/gensrc/specialized/specialized_reducescatter_pat_ll128_sum_u32_0_0_1.o
[3517/4366] Building RCCLDEV object src/CMakeFiles/rccl_device_gfx950.dir/__/hipify/gensrc/specialized/specialized_reducescatter_pat_ll128_sum_u64_0_0_1.o
[3518/4366] Building RCCLDEV object src/CMakeFiles/rccl_device_gfx950.dir/__/hipify/gensrc/specialized/specialized_reducescatter_pat_ll128_sum_bf16_0_0_1.o
[3519/4366] Building RCCLDEV object src/CMakeFiles/rccl_device_gfx950.dir/__/hipify/gensrc/specialized/specialized_reducescatter_pat_ll128_minmax_bf16_0_0_2.o
[3520/4366] Building RCCLDEV object src/CMakeFiles/rccl_device_gfx950.dir/__/hipify/gensrc/specialized/specialized_allreduce_ring_ll128_minmax_f64_0_0_1_2.o
[3521/4366] Building RCCLDEV object src/CMakeFiles/rccl_device_gfx950.dir/__/hipify/gensrc/specialized/specialized_reducescatter_pat_ll128_premulsum_f64_0_0_2.o
[3522/4366] Building RCCLDEV object src/CMakeFiles/rccl_device_gfx950.dir/__/hipify/gensrc/specialized/specialized_allreduce_ring_ll128_sum_bf16_0_0_1_1.o
[3523/4366] Building RCCLDEV object src/CMakeFiles/rccl_device_gfx950.dir/__/hipify/gensrc/specialized/specialized_reducescatter_pat_ll128_premulsum_f32_0_0_1.o
[3524/4366] Building RCCLDEV object src/CMakeFiles/rccl_device_gfx950.dir/__/hipify/gensrc/specialized/specialized_allgather_pat_ll128_sum_i8_0_0_1_2.o
[3525/4366] Building RCCLDEV object src/CMakeFiles/rccl_device_gfx950.dir/__/hipify/gensrc/specialized/specialized_allreduce_ring_ll128_sum_u32_0_0_1_2.o
[3526/4366] Building RCCLDEV object src/CMakeFiles/rccl_device_gfx950.dir/__/hipify/gensrc/specialized/specialized_reducescatter_pat_ll128_prod_u64_0_0_1.o
[3527/4366] Building RCCLDEV object src/CMakeFiles/rccl_device_gfx950.dir/__/hipify/gensrc/specialized/specialized_reducescatter_pat_ll128_sum_f64_0_0_1.o
[3528/4366] Building RCCLDEV object src/CMakeFiles/rccl_device_gfx950.dir/__/hipify/gensrc/specialized/specialized_allreduce_ring_ll128_sum_u8_0_0_1_2.o
[3529/4366] Building RCCLDEV object src/CMakeFiles/rccl_device_gfx950.dir/__/hipify/gensrc/specialized/specialized_allreduce_ring_ll128_minmax_f32_1_0_2_2.o
[3530/4366] Building RCCLDEV object src/CMakeFiles/rccl_device_gfx950.dir/__/hipify/gensrc/specialized/specialized_allreduce_ring_ll128_minmax_u64_0_0_1_2.o
[3531/4366] Building RCCLDEV object src/CMakeFiles/rccl_device_gfx950.dir/__/hipify/gensrc/specialized/specialized_allreduce_ring_ll128_sum_f64_0_0_1_1.o
[3532/4366] Building RCCLDEV object src/CMakeFiles/rccl_device_gfx950.dir/__/hipify/gensrc/specialized/specialized_reducescatter_pat_ll128_prod_u32_0_0_1.o
[3533/4366] Building RCCLDEV object src/CMakeFiles/rccl_device_gfx950.dir/__/hipify/gensrc/specialized/specialized_reducescatter_pat_ll128_sumpostdiv_u64_0_0_2.o
[3534/4366] Building CXX object test/host/CMakeFiles/rccl-UnitTestsMicroInit.dir/fakes/kernel_config_fakes.cc.o
[3535/4366] Building RCCLDEV object src/CMakeFiles/rccl_device_gfx950.dir/__/hipify/gensrc/specialized/specialized_allreduce_ring_ll128_prod_bf16_1_0_2_1.o
[3536/4366] Building RCCLDEV object src/CMakeFiles/rccl_device_gfx950.dir/__/hipify/gensrc/specialized/specialized_allreduce_ring_ll128_premulsum_u64_1_0_2_1.o
[3537/4366] Building CXX object test/host/CMakeFiles/rccl-UnitTestsMicro.dir/fakes/env_fakes.cc.o
/work1/lmeadows/rccl-work/rccl-fakes/projects/rccl/test/host/fakes/env_fakes.cc:45:7: warning: comparison of nonnull parameter 'name' not equal to a null pointer is 'true' on first encounter [-Wtautological-pointer-compare]
   45 |   if (name != nullptr) {
      |       ^~~~    ~~~~~~~
/usr/include/stdlib.h:641:50: note: declared 'nonnull' here
  641 | extern char *getenv (const char *__name) __THROW __nonnull ((1)) __wur;
      |                                                  ^
/usr/include/x86_64-linux-gnu/sys/cdefs.h:390:28: note: expanded from macro '__nonnull'
  390 | # define __nonnull(params) __attribute_nonnull__ (params)
      |                            ^
/usr/include/x86_64-linux-gnu/sys/cdefs.h:384:57: note: expanded from macro '__attribute_nonnull__'
  384 | #  define __attribute_nonnull__(params) __attribute__ ((__nonnull__ params))
      |                                                         ^
1 warning generated when compiling for host.
[3538/4366] Building RCCLDEV object src/CMakeFiles/rccl_device_gfx950.dir/__/hipify/gensrc/specialized/specialized_reducescatter_pat_ll128_premulsum_bf16_0_0_2.o
[3539/4366] Building RCCLDEV object src/CMakeFiles/rccl_device_gfx950.dir/__/hipify/gensrc/specialized/specialized_reducescatter_pat_ll128_minmax_u8_0_0_1.o
[3540/4366] Building RCCLDEV object src/CMakeFiles/rccl_device_gfx950.dir/__/hipify/gensrc/specialized/specialized_allreduce_ring_ll128_premulsum_f64_1_0_2_1.o
[3541/4366] Building RCCLDEV object src/CMakeFiles/rccl_device_gfx950.dir/__/hipify/gensrc/specialized/specialized_allreduce_ring_ll128_sumpostdiv_u64_1_0_2_2.o
[3542/4366] Building RCCLDEV object src/CMakeFiles/rccl_device_gfx950.dir/__/hipify/gensrc/specialized/specialized_reducescatter_pat_ll128_minmax_f32_0_0_1.o
[3543/4366] Building RCCLDEV object src/CMakeFiles/rccl_device_gfx950.dir/__/hipify/gensrc/specialized/specialized_allreduce_ring_ll128_premulsum_u64_0_0_1_2.o
[3544/4366] Building RCCLDEV object src/CMakeFiles/rccl_device_gfx950.dir/__/hipify/gensrc/specialized/specialized_allreduce_ring_ll128_premulsum_f32_1_0_2_1.o
[3545/4366] Building RCCLDEV object src/CMakeFiles/rccl_device_gfx950.dir/__/hipify/gensrc/specialized/specialized_reducescatter_pat_ll128_prod_f16_0_0_1.o
[3546/4366] Building CXX object test/host/CMakeFiles/rccl-UnitTestsMicro.dir/fakes/strongstream_stubs.cc.o
[3547/4366] Building CXX object test/host/CMakeFiles/rccl-UnitTestsMicroInit.dir/fakes/api_trace_fakes.cc.o
[3548/4366] Building CXX object test/host/CMakeFiles/rccl-UnitTestsMicro.dir/fakes/libc_fakes.cc.o
[3549/4366] Building RCCLDEV object src/CMakeFiles/rccl_device_gfx950.dir/__/hipify/gensrc/specialized/specialized_allreduce_ring_ll128_sum_f16_0_0_1_1.o
[3550/4366] Building RCCLDEV object src/CMakeFiles/rccl_device_gfx950.dir/__/hipify/gensrc/specialized/specialized_allreduce_ring_ll128_prod_u32_0_0_1_1.o
[3551/4366] Building RCCLDEV object src/CMakeFiles/rccl_device_gfx950.dir/__/hipify/gensrc/specialized/specialized_allreduce_ring_ll128_minmax_f32_0_0_1_2.o
[3552/4366] Building RCCLDEV object src/CMakeFiles/rccl_device_gfx950.dir/__/hipify/gensrc/specialized/specialized_allreduce_ring_ll128_sumpostdiv_u32_1_0_2_2.o
[3553/4366] Building RCCLDEV object src/CMakeFiles/rccl_device_gfx950.dir/__/hipify/gensrc/specialized/specialized_allreduce_ring_ll128_sum_u8_0_0_1_1.o
[3554/4366] Building RCCLDEV object src/CMakeFiles/rccl_device_gfx950.dir/__/hipify/gensrc/specialized/specialized_reducescatter_pat_ll128_sum_u8_0_0_1.o
[3555/4366] Building RCCLDEV object src/CMakeFiles/rccl_device_gfx950.dir/__/hipify/gensrc/specialized/specialized_reducescatter_pat_ll128_prod_u8_0_0_1.o
[3556/4366] Building RCCLDEV object src/CMakeFiles/rccl_device_gfx950.dir/__/hipify/gensrc/specialized/specialized_allreduce_ring_ll128_prod_f16_0_0_1_1.o
[3557/4366] Building RCCLDEV object src/CMakeFiles/rccl_device_gfx950.dir/__/hipify/gensrc/specialized/specialized_reducescatter_pat_ll128_minmax_bf16_0_0_1.o
[3558/4366] Building RCCLDEV object src/CMakeFiles/rccl_device_gfx950.dir/__/hipify/gensrc/specialized/specialized_reducescatter_pat_ll128_prod_bf16_0_0_1.o
[3559/4366] Building RCCLDEV object src/CMakeFiles/rccl_device_gfx950.dir/__/hipify/gensrc/specialized/specialized_reducescatter_pat_ll128_sumpostdiv_u32_0_0_1.o
[3560/4366] Building RCCLDEV object src/CMakeFiles/rccl_device_gfx950.dir/__/hipify/gensrc/specialized/specialized_allreduce_ring_ll128_sumpostdiv_u8_0_0_2_1.o
[3561/4366] Building RCCLDEV object src/CMakeFiles/rccl_device_gfx950.dir/__/hipify/gensrc/specialized/specialized_allreduce_ring_ll128_sum_bf16_0_0_1_2.o
[3562/4366] Building RCCLDEV object src/CMakeFiles/rccl_device_gfx950.dir/__/hipify/gensrc/specialized/specialized_allreduce_ring_ll128_minmax_u8_0_0_1_2.o
[3563/4366] Building RCCLDEV object src/CMakeFiles/rccl_device_gfx950.dir/__/hipify/gensrc/specialized/specialized_reducescatter_pat_ll128_premulsum_u8_0_0_1.o
[3564/4366] Building RCCLDEV object src/CMakeFiles/rccl_device_gfx950.dir/__/hipify/gensrc/specialized/specialized_reducescatter_pat_ll128_sumpostdiv_u64_0_0_1.o
[3565/4366] Building CXX object test/host/CMakeFiles/rccl-UnitTestsMicroInit.dir/fakes/rccl_arch_thresholds_fakes.cc.o
[3566/4366] Building RCCLDEV object src/CMakeFiles/rccl_device_gfx950.dir/__/hipify/gensrc/specialized/specialized_reducescatter_pat_ll128_minmax_f64_0_0_1.o
[3567/4366] Building RCCLDEV object src/CMakeFiles/rccl_device_gfx950.dir/__/hipify/gensrc/specialized/specialized_allreduce_ring_ll128_minmax_u64_0_0_1_1.o
[3568/4366] Building RCCLDEV object src/CMakeFiles/rccl_device_gfx950.dir/__/hipify/gensrc/specialized/specialized_reducescatter_pat_ll128_sum_f32_0_0_1.o
[3569/4366] Building RCCLDEV object src/CMakeFiles/rccl_device_gfx950.dir/__/hipify/gensrc/specialized/specialized_reducescatter_pat_ll128_premulsum_f64_0_0_1.o
[3570/4366] Building RCCLDEV object src/CMakeFiles/rccl_device_gfx950.dir/__/hipify/gensrc/specialized/specialized_reducescatter_pat_ll128_prod_f32_0_0_1.o
[3571/4366] Building RCCLDEV object src/CMakeFiles/rccl_device_gfx950.dir/__/hipify/gensrc/specialized/specialized_reducescatter_pat_ll128_prod_f64_0_0_1.o
[3572/4366] Building CXX object test/host/CMakeFiles/rccl-UnitTestsMicroInit-uncached.dir/fakes/gin_fakes.cc.o
[3573/4366] Building RCCLDEV object src/CMakeFiles/rccl_device_gfx950.dir/__/hipify/gensrc/specialized/specialized_reducescatter_pat_ll128_sumpostdiv_u8_0_0_1.o
[3574/4366] Building CXX object test/host/CMakeFiles/rccl-UnitTestsMicroInit.dir/fakes/mem_manager_fakes.cc.o
[3575/4366] Building RCCLDEV object src/CMakeFiles/rccl_device_gfx950.dir/__/hipify/gensrc/specialized/specialized_allreduce_ring_ll128_sum_bf16_1_0_2_1.o
[3576/4366] Building RCCLDEV object src/CMakeFiles/rccl_device_gfx950.dir/__/hipify/gensrc/specialized/specialized_allreduce_ring_ll128_prod_u8_0_0_1_2.o
[3577/4366] Building RCCLDEV object src/CMakeFiles/rccl_device_gfx950.dir/__/hipify/gensrc/specialized/specialized_reducescatter_pat_ll128_premulsum_u32_0_0_1.o
[3578/4366] Building RCCLDEV object src/CMakeFiles/rccl_device_gfx950.dir/__/hipify/gensrc/specialized/specialized_allreduce_ring_ll128_prod_bf16_0_0_1_1.o
[3579/4366] Building RCCLDEV object src/CMakeFiles/rccl_device_gfx950.dir/__/hipify/gensrc/specialized/specialized_reducescatter_pat_ll128_sum_f16_0_0_1.o
[3580/4366] Building RCCLDEV object src/CMakeFiles/rccl_device_gfx950.dir/__/hipify/gensrc/specialized/specialized_allreduce_ring_simple_minmax_f16_1_0_2.o
[3581/4366] Building RCCLDEV object src/CMakeFiles/rccl_device_gfx950.dir/__/hipify/gensrc/specialized/specialized_allreduce_ring_ll128_prod_bf16_0_0_1_2.o
[3582/4366] Building RCCLDEV object src/CMakeFiles/rccl_device_gfx950.dir/__/hipify/gensrc/specialized/specialized_allreduce_ring_ll128_minmax_f32_1_0_2_1.o
[3583/4366] Building RCCLDEV object src/CMakeFiles/rccl_device_gfx950.dir/__/hipify/gensrc/specialized/specialized_allreduce_ring_ll128_minmax_f32_0_0_1_1.o
[3584/4366] Building CXX object test/host/CMakeFiles/rccl-UnitTestsMicroInit.dir/fakes/gin_fakes.cc.o
[3585/4366] Building CXX object test/host/CMakeFiles/rccl-UnitTestsMicroInit.dir/fakes/env_fakes.cc.o
/work1/lmeadows/rccl-work/rccl-fakes/projects/rccl/test/host/fakes/env_fakes.cc:45:7: warning: comparison of nonnull parameter 'name' not equal to a null pointer is 'true' on first encounter [-Wtautological-pointer-compare]
   45 |   if (name != nullptr) {
      |       ^~~~    ~~~~~~~
/usr/include/stdlib.h:641:50: note: declared 'nonnull' here
  641 | extern char *getenv (const char *__name) __THROW __nonnull ((1)) __wur;
      |                                                  ^
/usr/include/x86_64-linux-gnu/sys/cdefs.h:390:28: note: expanded from macro '__nonnull'
  390 | # define __nonnull(params) __attribute_nonnull__ (params)
      |                            ^
/usr/include/x86_64-linux-gnu/sys/cdefs.h:384:57: note: expanded from macro '__attribute_nonnull__'
  384 | #  define __attribute_nonnull__(params) __attribute__ ((__nonnull__ params))
      |                                                         ^
1 warning generated when compiling for host.
[3586/4366] Building RCCLDEV object src/CMakeFiles/rccl_device_gfx950.dir/__/hipify/gensrc/specialized/specialized_reducescatter_pat_ll128_minmax_f16_0_0_1.o
[3587/4366] Building RCCLDEV object src/CMakeFiles/rccl_device_gfx950.dir/__/hipify/gensrc/specialized/specialized_allreduce_ring_ll128_prod_u64_1_0_1_2.o
[3588/4366] Building RCCLDEV object src/CMakeFiles/rccl_device_gfx950.dir/__/hipify/gensrc/specialized/specialized_reducescatter_pat_ll128_premulsum_u64_0_0_1.o
[3589/4366] Building RCCLDEV object src/CMakeFiles/rccl_device_gfx950.dir/__/hipify/gensrc/specialized/specialized_allreduce_ring_ll128_premulsum_bf16_1_0_2_2.o
[3590/4366] Building RCCLDEV object src/CMakeFiles/rccl_device_gfx950.dir/__/hipify/gensrc/specialized/specialized_allreduce_ring_ll128_prod_u8_1_0_2_2.o
[3591/4366] Building CXX object test/host/CMakeFiles/rccl-UnitTestsMicroInit-faultinj.dir/fakes/api_trace_fakes.cc.o
[3592/4366] Building RCCLDEV object src/CMakeFiles/rccl_device_gfx950.dir/__/hipify/gensrc/specialized/specialized_allreduce_ring_ll128_prod_f16_0_0_1_2.o
[3593/4366] Building RCCLDEV object src/CMakeFiles/rccl_device_gfx950.dir/__/hipify/gensrc/specialized/specialized_allreduce_ring_ll128_sumpostdiv_u8_0_0_2_2.o
[3594/4366] Building RCCLDEV object src/CMakeFiles/rccl_device_gfx950.dir/__/hipify/gensrc/specialized/specialized_allreduce_ring_ll128_premulsum_f16_1_0_2_1.o
[3595/4366] Building CXX object test/host/CMakeFiles/rccl-UnitTestsMicroInit-uncached.dir/fakes/kernel_config_fakes.cc.o
[3596/4366] Building CXX object test/host/CMakeFiles/rccl-UnitTestsMicroInit-faultinj.dir/fakes/gin_fakes.cc.o
[3597/4366] Building CXX object test/host/CMakeFiles/rccl-UnitTestsMicroInit.dir/fakes/amdsmi_fakes.cc.o
[3598/4366] Building CXX object test/host/CMakeFiles/rccl-UnitTestsMicroWarpSpeed.dir/fakes/env_fakes.cc.o
/work1/lmeadows/rccl-work/rccl-fakes/projects/rccl/test/host/fakes/env_fakes.cc:45:7: warning: comparison of nonnull parameter 'name' not equal to a null pointer is 'true' on first encounter [-Wtautological-pointer-compare]
   45 |   if (name != nullptr) {
      |       ^~~~    ~~~~~~~
/usr/include/stdlib.h:641:50: note: declared 'nonnull' here
  641 | extern char *getenv (const char *__name) __THROW __nonnull ((1)) __wur;
      |                                                  ^
/usr/include/x86_64-linux-gnu/sys/cdefs.h:390:28: note: expanded from macro '__nonnull'
  390 | # define __nonnull(params) __attribute_nonnull__ (params)
      |                            ^
/usr/include/x86_64-linux-gnu/sys/cdefs.h:384:57: note: expanded from macro '__attribute_nonnull__'
  384 | #  define __attribute_nonnull__(params) __attribute__ ((__nonnull__ params))
      |                                                         ^
1 warning generated when compiling for host.
[3599/4366] Building CXX object test/host/CMakeFiles/rccl-UnitTestsMicroWarpSpeed.dir/__/__/hipify/src/misc/archinfo.cc.o
[3600/4366] Building RCCLDEV object src/CMakeFiles/rccl_device_gfx950.dir/__/hipify/gensrc/specialized/specialized_allreduce_ring_ll128_premulsum_u32_0_0_1_1.o
[3601/4366] Building RCCLDEV object src/CMakeFiles/rccl_device_gfx950.dir/__/hipify/gensrc/specialized/specialized_allreduce_ring_ll128_minmax_u32_0_0_1_1.o
[3602/4366] Building CXX object test/host/CMakeFiles/rccl-UnitTestsMicro.dir/__/common/main_altrsmi.cpp.o
[3603/4366] Building RCCLDEV object src/CMakeFiles/rccl_device_gfx950.dir/__/hipify/gensrc/specialized/specialized_allreduce_ring_ll128_premulsum_u32_0_0_1_2.o
[3604/4366] Building RCCLDEV object src/CMakeFiles/rccl_device_gfx950.dir/__/hipify/gensrc/specialized/specialized_allreduce_ring_ll128_prod_f64_0_0_1_1.o
[3605/4366] Building CXX object test/host/CMakeFiles/rccl-UnitTestsMicroWarpSpeed.dir/fakes/os_fakes.cc.o
[3606/4366] Building RCCLDEV object src/CMakeFiles/rccl_device_gfx950.dir/__/hipify/gensrc/specialized/specialized_reducescatter_pat_ll128_minmax_u64_0_0_1.o
[3607/4366] Building RCCLDEV object src/CMakeFiles/rccl_device_gfx950.dir/__/hipify/gensrc/specialized/specialized_reducescatter_pat_ll128_premulsum_bf16_0_0_1.o
[3608/4366] Building RCCLDEV object src/CMakeFiles/rccl_device_gfx950.dir/__/hipify/gensrc/specialized/specialized_reduce_ring_ll128_minmax_f16_0_0_1.o
[3609/4366] Building CXX object test/host/CMakeFiles/rccl-UnitTestsMicroInit-uncached.dir/fakes/rccl_arch_thresholds_fakes.cc.o
[3610/4366] Building CXX object test/host/CMakeFiles/rccl-UnitTestsMicroInit-uncached.dir/__/__/hipify/src/misc/archinfo.cc.o
[3611/4366] Building CXX object test/host/CMakeFiles/rccl-UnitTestsMicroInit-uncached.dir/fakes/amdsmi_fakes.cc.o
[3612/4366] Building CXX object test/host/CMakeFiles/rccl-UnitTestsMicroWarpSpeed.dir/fakes/strongstream_stubs.cc.o
[3613/4366] Building RCCLDEV object src/CMakeFiles/rccl_device_gfx950.dir/__/hipify/gensrc/specialized/specialized_allreduce_ring_ll128_premulsum_u32_1_0_2_1.o
[3614/4366] Building RCCLDEV object src/CMakeFiles/rccl_device_gfx950.dir/__/hipify/gensrc/specialized/specialized_allreduce_ring_ll128_prod_u8_0_0_1_1.o
[3615/4366] Building RCCLDEV object src/CMakeFiles/rccl_device_gfx950.dir/__/hipify/gensrc/specialized/specialized_allreduce_ring_ll128_prod_f32_0_0_1_1.o
[3616/4366] Building RCCLDEV object src/CMakeFiles/rccl_device_gfx950.dir/__/hipify/gensrc/specialized/specialized_allreduce_ring_ll128_sumpostdiv_u32_1_0_2_1.o
[3617/4366] Building RCCLDEV object src/CMakeFiles/rccl_device_gfx950.dir/__/hipify/gensrc/specialized/specialized_reducescatter_pat_ll128_minmax_u32_0_0_1.o
[3618/4366] Building CXX object test/host/CMakeFiles/rccl-UnitTestsMicroInit-faultinj.dir/fakes/kernel_config_fakes.cc.o
[3619/4366] Building CXX object test/host/CMakeFiles/rccl-UnitTestsMicroInit.dir/fakes/env_plugin_fakes.cc.o
[3620/4366] Building RCCLDEV object src/CMakeFiles/rccl_device_gfx950.dir/__/hipify/gensrc/specialized/specialized_allreduce_ring_ll128_premulsum_f32_0_0_1_2.o
[3621/4366] Building RCCLDEV object src/CMakeFiles/rccl_device_gfx950.dir/__/hipify/gensrc/specialized/specialized_allreduce_ring_ll128_minmax_bf16_0_0_1_2.o
[3622/4366] Building RCCLDEV object src/CMakeFiles/rccl_device_gfx950.dir/__/hipify/gensrc/specialized/specialized_allreduce_ring_ll128_premulsum_f16_0_0_1_2.o
[3623/4366] Building RCCLDEV object src/CMakeFiles/rccl_device_gfx950.dir/__/hipify/gensrc/specialized/specialized_reducescatter_pat_ll128_premulsum_f16_0_0_1.o
[3624/4366] Building CXX object test/host/CMakeFiles/rccl-UnitTestsMicroInit-uncached.dir/fakes/api_trace_fakes.cc.o
[3625/4366] Building RCCLDEV object src/CMakeFiles/rccl_device_gfx950.dir/__/hipify/gensrc/specialized/specialized_allreduce_ring_ll128_minmax_f64_0_0_1_1.o
[3626/4366] Building RCCLDEV object src/CMakeFiles/rccl_device_gfx950.dir/__/hipify/gensrc/specialized/specialized_allreduce_ring_ll128_premulsum_f16_1_0_2_2.o
[3627/4366] Building CXX object test/host/CMakeFiles/rccl-UnitTestsMicroInit-uncached.dir/fakes/env_plugin_fakes.cc.o
[3628/4366] Building CXX object test/host/CMakeFiles/rccl-UnitTestsMicroEnqueue.dir/fakes/collconfig_fakes.cc.o
[3629/4366] Building CXX object test/host/CMakeFiles/rccl-UnitTestsMicroInit-uncached.dir/fakes/mem_manager_fakes.cc.o
[3630/4366] Building RCCLDEV object src/CMakeFiles/rccl_device_gfx950.dir/__/hipify/gensrc/specialized/specialized_allreduce_ring_ll128_sum_f64_1_0_1_2.o
[3631/4366] Building CXX object test/host/CMakeFiles/rccl-UnitTestsMicroInit-faultinj.dir/fakes/amdsmi_fakes.cc.o
[3632/4366] Building RCCLDEV object src/CMakeFiles/rccl_device_gfx950.dir/__/hipify/gensrc/specialized/specialized_allreduce_ring_ll128_minmax_u64_1_0_1_2.o
[3633/4366] Building RCCLDEV object src/CMakeFiles/rccl_device_gfx950.dir/__/hipify/gensrc/specialized/specialized_allreduce_ring_ll128_premulsum_f64_0_0_1_2.o
[3634/4366] Building RCCLDEV object src/CMakeFiles/rccl_device_gfx950.dir/__/hipify/gensrc/specialized/specialized_allreduce_ring_ll128_sum_u64_1_0_1_2.o
[3635/4366] Building RCCLDEV object src/CMakeFiles/rccl_device_gfx950.dir/__/hipify/gensrc/specialized/specialized_allreduce_ring_ll128_premulsum_u64_0_0_1_1.o
[3636/4366] Building CXX object test/host/CMakeFiles/rccl-UnitTestsMicroInit-faultinj.dir/fakes/env_plugin_fakes.cc.o
[3637/4366] Building RCCLDEV object src/CMakeFiles/rccl_device_gfx950.dir/__/hipify/gensrc/specialized/specialized_allreduce_ring_ll128_sum_f32_1_0_1_2.o
[3638/4366] Building CXX object test/host/CMakeFiles/rccl-UnitTestsMicroInit-faultinj.dir/fakes/strongstream_stubs.cc.o
[3639/4366] Building CXX object test/host/CMakeFiles/rccl-UnitTestsMicroEnqueue.dir/fakes/rccl_arch_thresholds_fakes.cc.o
[3640/4366] Building RCCLDEV object src/CMakeFiles/rccl_device_gfx950.dir/__/hipify/gensrc/specialized/specialized_allreduce_ring_ll128_sum_u32_1_0_1_2.o
[3641/4366] Building RCCLDEV object src/CMakeFiles/rccl_device_gfx950.dir/__/hipify/gensrc/specialized/specialized_allreduce_ring_ll128_sum_u64_1_0_1_1.o
[3642/4366] Building RCCLDEV object src/CMakeFiles/rccl_device_gfx950.dir/__/hipify/gensrc/specialized/specialized_allreduce_ring_ll128_prod_u32_1_0_1_2.o
[3643/4366] Building CXX object test/host/CMakeFiles/rccl-UnitTestsMicroWarpSpeed.dir/fakes/topo_stubs.cc.o
[3644/4366] Building RCCLDEV object src/CMakeFiles/rccl_device_gfx950.dir/__/hipify/gensrc/specialized/specialized_allreduce_ring_ll128_minmax_bf16_1_0_2_2.o
[3645/4366] Building CXX object test/host/CMakeFiles/rccl-UnitTestsMicroInit.dir/fakes/strongstream_stubs.cc.o
[3646/4366] Building CXX object test/host/CMakeFiles/rccl-UnitTestsMicroInit.dir/fakes/rocmwrap_fakes.cc.o
[3647/4366] Building RCCLDEV object src/CMakeFiles/rccl_device_gfx950.dir/__/hipify/gensrc/specialized/specialized_reducescatter_ring_ll128_minmax_f16_0_0_1.o
[3648/4366] Building RCCLDEV object src/CMakeFiles/rccl_device_gfx950.dir/__/hipify/gensrc/specialized/specialized_allreduce_ring_ll128_premulsum_f32_0_0_1_1.o
[3649/4366] Building RCCLDEV object src/CMakeFiles/rccl_device_gfx950.dir/__/hipify/gensrc/specialized/specialized_allreduce_ring_ll128_prod_f64_1_0_1_2.o
[3650/4366] Building RCCLDEV object src/CMakeFiles/rccl_device_gfx950.dir/__/hipify/gensrc/specialized/specialized_allreduce_ring_ll128_sumpostdiv_u64_1_0_2_1.o
[3651/4366] Building RCCLDEV object src/CMakeFiles/rccl_device_gfx950.dir/__/hipify/gensrc/specialized/specialized_allreduce_ring_ll128_premulsum_f64_0_0_1_1.o
[3652/4366] Building CXX object test/host/CMakeFiles/rccl-UnitTestsMicroInit-faultinj.dir/fakes/mem_manager_fakes.cc.o
[3653/4366] Building RCCLDEV object src/CMakeFiles/rccl_device_gfx950.dir/__/hipify/gensrc/specialized/specialized_allreduce_ring_ll128_prod_f32_1_0_1_2.o
[3654/4366] Building RCCLDEV object src/CMakeFiles/rccl_device_gfx950.dir/__/hipify/gensrc/specialized/specialized_allreduce_ring_ll128_sum_bf16_1_0_1_2.o
[3655/4366] Building RCCLDEV object src/CMakeFiles/rccl_device_gfx950.dir/__/hipify/gensrc/specialized/specialized_allreduce_ring_ll128_premulsum_f64_1_0_1_2.o
[3656/4366] Building RCCLDEV object src/CMakeFiles/rccl_device_gfx950.dir/__/hipify/gensrc/specialized/specialized_allreduce_ring_ll128_premulsum_u32_1_0_1_2.o
[3657/4366] Building CXX object test/host/CMakeFiles/rccl-UnitTestsMicroInit-faultinj.dir/__/__/hipify/src/misc/archinfo.cc.o
[3658/4366] Building RCCLDEV object src/CMakeFiles/rccl_device_gfx950.dir/__/hipify/gensrc/specialized/specialized_allreduce_ring_ll128_minmax_bf16_0_0_1_1.o
[3659/4366] Building CXX object test/host/CMakeFiles/rccl-UnitTestsMicroInit-uncached.dir/fakes/os_fakes.cc.o
[3660/4366] Building RCCLDEV object src/CMakeFiles/rccl_device_gfx950.dir/__/hipify/gensrc/specialized/specialized_allreduce_ring_ll128_minmax_u8_1_0_2_2.o
[3661/4366] Building RCCLDEV object src/CMakeFiles/rccl_device_gfx950.dir/__/hipify/gensrc/specialized/specialized_allreduce_ring_ll128_premulsum_u8_1_0_2_1.o
[3662/4366] Building RCCLDEV object src/CMakeFiles/rccl_device_gfx950.dir/__/hipify/gensrc/specialized/specialized_allreduce_ring_ll128_premulsum_f16_0_0_1_1.o
[3663/4366] Building RCCLDEV object src/CMakeFiles/rccl_device_gfx950.dir/__/hipify/gensrc/specialized/specialized_allreduce_ring_ll128_minmax_u8_1_0_2_1.o
[3664/4366] Building RCCLDEV object src/CMakeFiles/rccl_device_gfx950.dir/__/hipify/gensrc/specialized/specialized_allreduce_ring_ll128_minmax_u8_0_0_1_1.o
[3665/4366] Building RCCLDEV object src/CMakeFiles/rccl_device_gfx950.dir/__/hipify/gensrc/specialized/specialized_allreduce_ring_ll128_sumpostdiv_u32_0_0_1_2.o
[3666/4366] Building CXX object test/host/CMakeFiles/rccl-UnitTestsMicroSymKernels.dir/fakes/env_fakes.cc.o
/work1/lmeadows/rccl-work/rccl-fakes/projects/rccl/test/host/fakes/env_fakes.cc:45:7: warning: comparison of nonnull parameter 'name' not equal to a null pointer is 'true' on first encounter [-Wtautological-pointer-compare]
   45 |   if (name != nullptr) {
      |       ^~~~    ~~~~~~~
/usr/include/stdlib.h:641:50: note: declared 'nonnull' here
  641 | extern char *getenv (const char *__name) __THROW __nonnull ((1)) __wur;
      |                                                  ^
/usr/include/x86_64-linux-gnu/sys/cdefs.h:390:28: note: expanded from macro '__nonnull'
  390 | # define __nonnull(params) __attribute_nonnull__ (params)
      |                            ^
/usr/include/x86_64-linux-gnu/sys/cdefs.h:384:57: note: expanded from macro '__attribute_nonnull__'
  384 | #  define __attribute_nonnull__(params) __attribute__ ((__nonnull__ params))
      |                                                         ^
1 warning generated when compiling for host.
[3667/4366] Building RCCLDEV object src/CMakeFiles/rccl_device_gfx950.dir/__/hipify/gensrc/specialized/specialized_allreduce_ring_ll128_sumpostdiv_u64_0_0_1_2.o
[3668/4366] Building RCCLDEV object src/CMakeFiles/rccl_device_gfx950.dir/__/hipify/gensrc/specialized/specialized_allreduce_ring_ll128_prod_f16_1_0_1_2.o
[3669/4366] Building CXX object test/host/CMakeFiles/rccl-UnitTestsMicroInit.dir/__/__/hipify/src/misc/archinfo.cc.o
[3670/4366] Building CXX object test/host/CMakeFiles/rccl-UnitTestsMicroInit.dir/__/common/main_altrsmi.cpp.o
[3671/4366] Building RCCLDEV object src/CMakeFiles/rccl_device_gfx950.dir/__/hipify/gensrc/specialized/specialized_allreduce_ring_ll128_sum_u32_1_0_1_1.o
[3672/4366] Building RCCLDEV object src/CMakeFiles/rccl_device_gfx950.dir/__/hipify/gensrc/specialized/specialized_allreduce_ring_ll128_minmax_f64_1_0_1_2.o
[3673/4366] Building CXX object test/host/CMakeFiles/rccl-UnitTestsMicroInit-uncached.dir/fakes/strongstream_stubs.cc.o
[3674/4366] Building RCCLDEV object src/CMakeFiles/rccl_device_gfx950.dir/__/hipify/gensrc/specialized/specialized_allreduce_ring_ll128_sum_u8_1_0_1_1.o
[3675/4366] Building RCCLDEV object src/CMakeFiles/rccl_device_gfx950.dir/__/hipify/gensrc/specialized/specialized_allreduce_ring_ll128_premulsum_u8_1_0_2_2.o
[3676/4366] Building RCCLDEV object src/CMakeFiles/rccl_device_gfx950.dir/__/hipify/gensrc/specialized/specialized_allreduce_ring_ll128_premulsum_u8_0_0_1_2.o
[3677/4366] Building CXX object test/host/CMakeFiles/rccl-UnitTestsMicroInit.dir/fakes/os_fakes.cc.o
[3678/4366] Building CXX object test/host/CMakeFiles/rccl-UnitTestsMicroInit-faultinj.dir/fakes/rccl_arch_thresholds_fakes.cc.o
[3679/4366] Building RCCLDEV object src/CMakeFiles/rccl_device_gfx950.dir/__/hipify/gensrc/specialized/specialized_allreduce_ring_ll128_minmax_bf16_1_0_2_1.o
[3680/4366] Building RCCLDEV object src/CMakeFiles/rccl_device_gfx950.dir/__/hipify/gensrc/specialized/specialized_allreduce_ring_ll128_sumpostdiv_u32_0_0_1_1.o
[3681/4366] Building RCCLDEV object src/CMakeFiles/rccl_device_gfx950.dir/__/hipify/gensrc/specialized/specialized_allreduce_ring_ll128_premulsum_bf16_0_0_1_2.o
[3682/4366] Building RCCLDEV object src/CMakeFiles/rccl_device_gfx950.dir/__/hipify/gensrc/specialized/specialized_allreduce_ring_ll128_minmax_u32_1_0_1_1.o
[3683/4366] Building RCCLDEV object src/CMakeFiles/rccl_device_gfx950.dir/__/hipify/gensrc/specialized/specialized_allreduce_ring_ll128_prod_u64_1_0_1_1.o
[3684/4366] Building RCCLDEV object src/CMakeFiles/rccl_device_gfx950.dir/__/hipify/gensrc/specialized/specialized_allreduce_ring_ll128_prod_f64_1_0_1_1.o
[3685/4366] Building CXX object test/host/CMakeFiles/rccl-UnitTestsMicroSymKernels.dir/fakes/strongstream_stubs.cc.o
[3686/4366] Building RCCLDEV object src/CMakeFiles/rccl_device_gfx950.dir/__/hipify/gensrc/specialized/specialized_allreduce_ring_ll128_premulsum_f32_1_0_1_2.o
[3687/4366] Building RCCLDEV object src/CMakeFiles/rccl_device_gfx950.dir/__/hipify/gensrc/specialized/specialized_allreduce_ring_ll128_sumpostdiv_u64_0_0_1_1.o
[3688/4366] Building CXX object test/host/CMakeFiles/rccl-UnitTestsMicroInit-uncached.dir/fakes/rocmwrap_fakes.cc.o
[3689/4366] Building RCCLDEV object src/CMakeFiles/rccl_device_gfx950.dir/__/hipify/gensrc/specialized/specialized_allreduce_ring_ll128_sum_f64_1_0_1_1.o
[3690/4366] Building RCCLDEV object src/CMakeFiles/rccl_device_gfx950.dir/__/hipify/gensrc/specialized/specialized_allreduce_ring_ll128_prod_u32_1_0_1_1.o
[3691/4366] Building CXX object test/host/CMakeFiles/rccl-UnitTestsMicroEnqueue.dir/fakes/env_fakes.cc.o
/work1/lmeadows/rccl-work/rccl-fakes/projects/rccl/test/host/fakes/env_fakes.cc:45:7: warning: comparison of nonnull parameter 'name' not equal to a null pointer is 'true' on first encounter [-Wtautological-pointer-compare]
   45 |   if (name != nullptr) {
      |       ^~~~    ~~~~~~~
/usr/include/stdlib.h:641:50: note: declared 'nonnull' here
  641 | extern char *getenv (const char *__name) __THROW __nonnull ((1)) __wur;
      |                                                  ^
/usr/include/x86_64-linux-gnu/sys/cdefs.h:390:28: note: expanded from macro '__nonnull'
  390 | # define __nonnull(params) __attribute_nonnull__ (params)
      |                            ^
/usr/include/x86_64-linux-gnu/sys/cdefs.h:384:57: note: expanded from macro '__attribute_nonnull__'
  384 | #  define __attribute_nonnull__(params) __attribute__ ((__nonnull__ params))
      |                                                         ^
1 warning generated when compiling for host.
[3692/4366] Building RCCLDEV object src/CMakeFiles/rccl_device_gfx950.dir/__/hipify/gensrc/specialized/specialized_allreduce_ring_ll128_prod_u8_1_0_2_1.o
[3693/4366] Building CXX object test/host/CMakeFiles/rccl-UnitTestsMicroInit-uncached.dir/fakes/env_fakes.cc.o
/work1/lmeadows/rccl-work/rccl-fakes/projects/rccl/test/host/fakes/env_fakes.cc:45:7: warning: comparison of nonnull parameter 'name' not equal to a null pointer is 'true' on first encounter [-Wtautological-pointer-compare]
   45 |   if (name != nullptr) {
      |       ^~~~    ~~~~~~~
/usr/include/stdlib.h:641:50: note: declared 'nonnull' here
  641 | extern char *getenv (const char *__name) __THROW __nonnull ((1)) __wur;
      |                                                  ^
/usr/include/x86_64-linux-gnu/sys/cdefs.h:390:28: note: expanded from macro '__nonnull'
  390 | # define __nonnull(params) __attribute_nonnull__ (params)
      |                            ^
/usr/include/x86_64-linux-gnu/sys/cdefs.h:384:57: note: expanded from macro '__attribute_nonnull__'
  384 | #  define __attribute_nonnull__(params) __attribute__ ((__nonnull__ params))
      |                                                         ^
1 warning generated when compiling for host.
[3694/4366] Building RCCLDEV object src/CMakeFiles/rccl_device_gfx950.dir/__/hipify/gensrc/specialized/specialized_allreduce_ring_ll128_sum_u8_1_0_1_2.o
[3695/4366] Building RCCLDEV object src/CMakeFiles/rccl_device_gfx950.dir/__/hipify/gensrc/specialized/specialized_allreduce_ring_ll128_prod_f32_1_0_1_1.o
[3696/4366] Building RCCLDEV object src/CMakeFiles/rccl_device_gfx950.dir/__/hipify/gensrc/specialized/specialized_allreduce_ring_ll128_minmax_f16_0_0_2_2.o
[3697/4366] Building CXX object test/host/CMakeFiles/rccl-UnitTestsMicroInit.dir/fakes/topo_stubs.cc.o
[3698/4366] Building CXX object test/host/CMakeFiles/rccl-UnitTestsMicro.dir/fakes/utils_fakes.cc.o
[3699/4366] Building RCCLDEV object src/CMakeFiles/rccl_device_gfx950.dir/__/hipify/gensrc/specialized/specialized_allreduce_ring_ll128_prod_bf16_1_0_1_2.o
[3700/4366] Building RCCLDEV object src/CMakeFiles/rccl_device_gfx950.dir/__/hipify/gensrc/specialized/specialized_allreduce_ring_ll128_minmax_u32_1_0_1_2.o
[3701/4366] Building CXX object test/host/CMakeFiles/rccl-UnitTestsMicro.dir/fakes/dda_fakes.cc.o
[3702/4366] Building CXX object test/host/CMakeFiles/rccl-UnitTestsMicroInit-faultinj.dir/fakes/rocmwrap_fakes.cc.o
[3703/4366] Building RCCLDEV object src/CMakeFiles/rccl_device_gfx950.dir/__/hipify/gensrc/specialized/specialized_allreduce_ring_ll128_minmax_f32_1_0_1_2.o
[3704/4366] Building RCCLDEV object src/CMakeFiles/rccl_device_gfx950.dir/__/hipify/gensrc/specialized/specialized_allreduce_ring_ll128_minmax_f64_1_0_1_1.o
[3705/4366] Building RCCLDEV object src/CMakeFiles/rccl_device_gfx950.dir/__/hipify/gensrc/specialized/specialized_allreduce_ring_ll128_sum_f32_1_0_1_1.o
[3706/4366] Building CXX object test/host/CMakeFiles/rccl-UnitTestsMicroSymKernels.dir/fakes/os_fakes.cc.o
[3707/4366] Building RCCLDEV object src/CMakeFiles/rccl_device_gfx950.dir/__/hipify/gensrc/specialized/specialized_allreduce_ring_ll128_premulsum_bf16_0_0_1_1.o
[3708/4366] Building CXX object test/host/CMakeFiles/rccl-UnitTestsMicroTaskPrep.dir/fakes/env_fakes.cc.o
/work1/lmeadows/rccl-work/rccl-fakes/projects/rccl/test/host/fakes/env_fakes.cc:45:7: warning: comparison of nonnull parameter 'name' not equal to a null pointer is 'true' on first encounter [-Wtautological-pointer-compare]
   45 |   if (name != nullptr) {
      |       ^~~~    ~~~~~~~
/usr/include/stdlib.h:641:50: note: declared 'nonnull' here
  641 | extern char *getenv (const char *__name) __THROW __nonnull ((1)) __wur;
      |                                                  ^
/usr/include/x86_64-linux-gnu/sys/cdefs.h:390:28: note: expanded from macro '__nonnull'
  390 | # define __nonnull(params) __attribute_nonnull__ (params)
      |                            ^
/usr/include/x86_64-linux-gnu/sys/cdefs.h:384:57: note: expanded from macro '__attribute_nonnull__'
  384 | #  define __attribute_nonnull__(params) __attribute__ ((__nonnull__ params))
      |                                                         ^
1 warning generated when compiling for host.
[3709/4366] Building RCCLDEV object src/CMakeFiles/rccl_device_gfx950.dir/__/hipify/gensrc/specialized/specialized_allreduce_ring_ll128_sumpostdiv_u8_1_0_2_1.o
[3710/4366] Building CXX object test/host/CMakeFiles/rccl-UnitTestsMicroInit-uncached.dir/__/common/main_altrsmi.cpp.o
[3711/4366] Building RCCLDEV object src/CMakeFiles/rccl_device_gfx950.dir/__/hipify/gensrc/specialized/specialized_allreduce_ring_ll128_sum_f16_1_0_1_2.o
[3712/4366] Building RCCLDEV object src/CMakeFiles/rccl_device_gfx950.dir/__/hipify/gensrc/specialized/specialized_allreduce_ring_ll128_premulsum_u64_1_0_1_2.o
[3713/4366] Building CXX object test/host/CMakeFiles/rccl-UnitTestsMicroSymKernels.dir/__/__/hipify/src/misc/archinfo.cc.o
[3714/4366] Building RCCLDEV object src/CMakeFiles/rccl_device_gfx950.dir/__/hipify/gensrc/specialized/specialized_allreduce_ring_ll128_prod_bf16_1_0_1_1.o
[3715/4366] Building CXX object test/host/CMakeFiles/rccl-UnitTestsMicroTaskPrep.dir/__/__/hipify/src/misc/archinfo.cc.o
[3716/4366] Building CXX object test/host/CMakeFiles/rccl-UnitTestsMicroEnqueue.dir/fakes/strongstream_stubs.cc.o
[3717/4366] Building RCCLDEV object src/CMakeFiles/rccl_device_gfx950.dir/__/hipify/gensrc/specialized/specialized_allreduce_ring_ll128_minmax_f16_0_0_2_1.o
[3718/4366] Building RCCLDEV object src/CMakeFiles/rccl_device_gfx950.dir/__/hipify/gensrc/specialized/specialized_allreduce_ring_ll128_sum_f16_1_0_1_1.o
[3719/4366] Building RCCLDEV object src/CMakeFiles/rccl_device_gfx950.dir/__/hipify/gensrc/specialized/specialized_allreduce_ring_ll128_prod_f16_1_0_1_1.o
[3720/4366] Building CXX object test/host/CMakeFiles/rccl-UnitTestsMicroWarpSpeed.dir/__/common/main_altrsmi.cpp.o
[3721/4366] Building RCCLDEV object src/CMakeFiles/rccl_device_gfx950.dir/__/hipify/gensrc/specialized/specialized_allreduce_ring_ll128_premulsum_u8_1_0_1_2.o
[3722/4366] Building CXX object test/host/CMakeFiles/rccl-UnitTestsMicroEnqueue.dir/__/__/hipify/src/misc/archinfo.cc.o
[3723/4366] Building RCCLDEV object src/CMakeFiles/rccl_device_gfx950.dir/__/hipify/gensrc/specialized/specialized_allreduce_ring_ll128_premulsum_bf16_1_0_2_1.o
[3724/4366] Building RCCLDEV object src/CMakeFiles/rccl_device_gfx950.dir/__/hipify/gensrc/specialized/specialized_allreduce_ring_ll128_premulsum_u8_0_0_1_1.o
[3725/4366] Building RCCLDEV object src/CMakeFiles/rccl_device_gfx950.dir/__/hipify/gensrc/specialized/specialized_allreduce_ring_ll128_premulsum_f64_1_0_1_1.o
[3726/4366] Building RCCLDEV object src/CMakeFiles/rccl_device_gfx950.dir/__/hipify/gensrc/specialized/specialized_allreduce_ring_ll128_minmax_bf16_1_0_1_2.o
[3727/4366] Building RCCLDEV object src/CMakeFiles/rccl_device_gfx950.dir/__/hipify/gensrc/specialized/specialized_allreduce_ring_ll128_sumpostdiv_u64_1_0_1_1.o
[3728/4366] Building CXX object test/host/CMakeFiles/rccl-UnitTestsMicroTaskPrep.dir/fakes/os_fakes.cc.o
[3729/4366] Building RCCLDEV object src/CMakeFiles/rccl_device_gfx950.dir/__/hipify/gensrc/specialized/specialized_allreduce_ring_ll128_sumpostdiv_u32_1_0_1_1.o
[3730/4366] Building CXX object test/host/CMakeFiles/rccl-UnitTestsMicroInit-faultinj.dir/__/common/main_altrsmi.cpp.o
[3731/4366] Building CXX object test/host/CMakeFiles/rccl-UnitTestsMicroInit-faultinj.dir/fakes/env_fakes.cc.o
/work1/lmeadows/rccl-work/rccl-fakes/projects/rccl/test/host/fakes/env_fakes.cc:45:7: warning: comparison of nonnull parameter 'name' not equal to a null pointer is 'true' on first encounter [-Wtautological-pointer-compare]
   45 |   if (name != nullptr) {
      |       ^~~~    ~~~~~~~
/usr/include/stdlib.h:641:50: note: declared 'nonnull' here
  641 | extern char *getenv (const char *__name) __THROW __nonnull ((1)) __wur;
      |                                                  ^
/usr/include/x86_64-linux-gnu/sys/cdefs.h:390:28: note: expanded from macro '__nonnull'
  390 | # define __nonnull(params) __attribute_nonnull__ (params)
      |                            ^
/usr/include/x86_64-linux-gnu/sys/cdefs.h:384:57: note: expanded from macro '__attribute_nonnull__'
  384 | #  define __attribute_nonnull__(params) __attribute__ ((__nonnull__ params))
      |                                                         ^
1 warning generated when compiling for host.
[3732/4366] Building RCCLDEV object src/CMakeFiles/rccl_device_gfx950.dir/__/hipify/gensrc/specialized/specialized_allreduce_ring_ll128_minmax_u64_1_0_1_1.o
[3733/4366] Building CXX object test/host/CMakeFiles/rccl-UnitTestsMicroInit-faultinj.dir/fakes/os_fakes.cc.o
[3734/4366] Building RCCLDEV object src/CMakeFiles/rccl_device_gfx950.dir/__/hipify/gensrc/specialized/specialized_allreduce_ring_ll128_sumpostdiv_u64_1_0_1_2.o
[3735/4366] Building RCCLDEV object src/CMakeFiles/rccl_device_gfx950.dir/__/hipify/gensrc/specialized/specialized_allreduce_ring_ll128_sumpostdiv_u8_1_0_2_2.o
[3736/4366] Building RCCLDEV object src/CMakeFiles/rccl_device_gfx950.dir/__/hipify/gensrc/specialized/specialized_allreduce_ring_ll128_premulsum_f32_1_0_1_1.o
[3737/4366] Building CXX object test/host/CMakeFiles/rccl-UnitTestsMicroEnqueue.dir/fakes/topo_stubs.cc.o
[3738/4366] Building RCCLDEV object src/CMakeFiles/rccl_device_gfx950.dir/__/hipify/gensrc/specialized/specialized_allreduce_ring_ll128_minmax_f16_0_0_1_2.o
[3739/4366] Building RCCLDEV object src/CMakeFiles/rccl_device_gfx950.dir/__/hipify/gensrc/specialized/specialized_allreduce_ring_ll128_prod_u8_1_0_1_2.o
[3740/4366] Building CXX object test/host/CMakeFiles/rccl-UnitTestsMicroTaskPrep.dir/fakes/strongstream_stubs.cc.o
[3741/4366] Building RCCLDEV object src/CMakeFiles/rccl_device_gfx950.dir/__/hipify/gensrc/specialized/specialized_allreduce_ring_ll128_sumpostdiv_u32_1_0_1_2.o
[3742/4366] Building CXX object test/host/CMakeFiles/rccl-UnitTestsMicroInit-faultinj.dir/fakes/topo_stubs.cc.o
[3743/4366] Building CXX object test/host/CMakeFiles/rccl-UnitTestsMicroEnqueue.dir/__/common/main_altrsmi.cpp.o
[3744/4366] Building CXX object test/host/CMakeFiles/rccl-UnitTestsMicroInit-uncached.dir/fakes/topo_stubs.cc.o
[3745/4366] Building RCCLDEV object src/CMakeFiles/rccl_device_gfx950.dir/__/hipify/gensrc/specialized/specialized_allreduce_ring_ll128_sumpostdiv_u8_0_0_1_1.o
[3746/4366] Building CXX object test/host/CMakeFiles/rccl-UnitTestsMicro.dir/fakes/ibvwrap_fakes.cc.o
[3747/4366] Building RCCLDEV object src/CMakeFiles/rccl_device_gfx950.dir/__/hipify/gensrc/specialized/specialized_allreduce_ring_ll128_minmax_f32_1_0_1_1.o
[3748/4366] Building CXX object test/host/CMakeFiles/rccl-UnitTestsMicroEnqueue.dir/fakes/os_fakes.cc.o
[3749/4366] Building RCCLDEV object src/CMakeFiles/rccl_device_gfx950.dir/__/hipify/gensrc/specialized/specialized_allreduce_ring_ll128_sum_bf16_1_0_1_1.o
[3750/4366] Building RCCLDEV object src/CMakeFiles/rccl_device_gfx950.dir/__/hipify/gensrc/specialized/specialized_allreduce_ring_ll128_sumpostdiv_u8_0_0_1_2.o
[3751/4366] Building RCCLDEV object src/CMakeFiles/rccl_device_gfx950.dir/__/hipify/gensrc/specialized/specialized_allreduce_ring_ll128_premulsum_u32_1_0_1_1.o
[3752/4366] Building CXX object test/host/CMakeFiles/rccl-UnitTestsMicroWarpSpeed.dir/fakes/dev_runtime_fakes.cc.o
[3753/4366] Building RCCLDEV object src/CMakeFiles/rccl_device_gfx950.dir/__/hipify/gensrc/specialized/specialized_allreduce_ring_ll128_minmax_u8_1_0_1_2.o
[3754/4366] Building CXX object test/host/CMakeFiles/rccl-UnitTestsMicroSymKernels.dir/__/common/main_altrsmi.cpp.o
[3755/4366] Building RCCLDEV object src/CMakeFiles/rccl_device_gfx950.dir/__/hipify/gensrc/specialized/specialized_allreduce_ring_ll128_minmax_f16_0_0_1_1.o
[3756/4366] Building RCCLDEV object src/CMakeFiles/rccl_device_gfx950.dir/__/hipify/gensrc/specialized/specialized_allreduce_ring_ll128_minmax_u8_1_0_1_1.o
[3757/4366] Building RCCLDEV object src/CMakeFiles/rccl_device_gfx950.dir/__/hipify/gensrc/specialized/specialized_allreduce_ring_ll128_premulsum_bf16_1_0_1_2.o
[3758/4366] Building RCCLDEV object src/CMakeFiles/rccl_device_gfx950.dir/__/hipify/gensrc/specialized/specialized_allreduce_ring_ll128_premulsum_f16_1_0_1_2.o
[3759/4366] Building RCCLDEV object src/CMakeFiles/rccl_device_gfx950.dir/__/hipify/gensrc/specialized/specialized_allreduce_ring_ll128_premulsum_f16_1_0_1_1.o
[3760/4366] Building RCCLDEV object src/CMakeFiles/rccl_device_gfx950.dir/__/hipify/gensrc/specialized/specialized_allreduce_ring_ll128_premulsum_u64_1_0_1_1.o
[3761/4366] Building RCCLDEV object src/CMakeFiles/rccl_device_gfx950.dir/__/hipify/gensrc/specialized/specialized_allreduce_ring_ll128_premulsum_u8_1_0_1_1.o
[3762/4366] Building RCCLDEV object src/CMakeFiles/rccl_device_gfx950.dir/__/hipify/gensrc/specialized/specialized_allreduce_ring_ll128_premulsum_bf16_1_0_1_1.o
[3763/4366] Building CXX object test/host/CMakeFiles/rccl-UnitTestsMicroWarpSpeed.dir/fakes/collectives_fakes.cc.o
[3764/4366] Building CXX object test/host/CMakeFiles/rccl-UnitTestsMicroTaskPrep.dir/fakes/topo_stubs.cc.o
[3765/4366] Building RCCLDEV object src/CMakeFiles/rccl_device_gfx950.dir/__/hipify/gensrc/specialized/specialized_allreduce_ring_ll128_minmax_bf16_1_0_1_1.o
[3766/4366] Building CXX object test/host/CMakeFiles/rccl-UnitTestsMicro.dir/fakes/collectives_fakes.cc.o
[3767/4366] Building RCCLDEV object src/CMakeFiles/rccl_device_gfx950.dir/__/hipify/gensrc/specialized/specialized_allreduce_ring_ll128_sumpostdiv_u8_1_0_1_1.o
[3768/4366] Building CXX object test/host/CMakeFiles/rccl-UnitTestsMicroSymKernels.dir/fakes/topo_stubs.cc.o
[3769/4366] Building CXX object test/host/CMakeFiles/rccl-UnitTestsMicroTaskPrep.dir/__/common/main_altrsmi.cpp.o
[3770/4366] Building CXX object test/host/CMakeFiles/rccl-UnitTestsMicroInit.dir/__/__/hipify/src/misc/utils.cc.o
/work1/lmeadows/rccl-work/rccl-fakes/projects/rccl/build/release/hipify/src/misc/utils.cc:21:7: warning: logical not is only applied to the left hand side of this comparison [-Wlogical-not-parentheses]
   21 |   if (!CUDASUCCESS(hipGetDevice(&cudaDev))) return 0;
      |       ^~~~~~~~~~~~~~~~~~~~~~~~~~~~~~~~~~~~
/work1/lmeadows/rccl-work/rccl-fakes/projects/rccl/build/release/hipify/src/misc/utils.cc:21:7: note: add parentheses after the '!' to evaluate the comparison first
   21 |   if (!CUDASUCCESS(hipGetDevice(&cudaDev))) return 0;
      |       ^                                   
      |        (                                  )
/work1/lmeadows/rccl-work/rccl-fakes/projects/rccl/build/release/hipify/src/misc/utils.cc:21:7: note: add parentheses around left hand side expression to silence this warning
/work1/lmeadows/rccl-work/rccl-fakes/projects/rccl/build/release/hipify/src/misc/utils.cc:23:7: warning: logical not is only applied to the left hand side of this comparison [-Wlogical-not-parentheses]
   23 |   if (!CUDASUCCESS(hipDeviceGetAttribute(&ccMajor, hipDeviceAttributeComputeCapabilityMajor, cudaDev))) return 0;
      |       ^~~~~~~~~~~~~~~~~~~~~~~~~~~~~~~~~~~~~~~~~~~~~~~~~~~~~~~~~~~~~~~~~~~~~~~~~~~~~~~~~~~~~~~~~~~~~~~~
/work1/lmeadows/rccl-work/rccl-fakes/projects/rccl/build/release/hipify/src/misc/utils.cc:23:7: note: add parentheses after the '!' to evaluate the comparison first
   23 |   if (!CUDASUCCESS(hipDeviceGetAttribute(&ccMajor, hipDeviceAttributeComputeCapabilityMajor, cudaDev))) return 0;
      |       ^                                                                                               
      |        (                                                                                              )
/work1/lmeadows/rccl-work/rccl-fakes/projects/rccl/build/release/hipify/src/misc/utils.cc:23:7: note: add parentheses around left hand side expression to silence this warning
/work1/lmeadows/rccl-work/rccl-fakes/projects/rccl/build/release/hipify/src/misc/utils.cc:24:7: warning: logical not is only applied to the left hand side of this comparison [-Wlogical-not-parentheses]
   24 |   if (!CUDASUCCESS(hipDeviceGetAttribute(&ccMinor, hipDeviceAttributeComputeCapabilityMinor, cudaDev))) return 0;
      |       ^~~~~~~~~~~~~~~~~~~~~~~~~~~~~~~~~~~~~~~~~~~~~~~~~~~~~~~~~~~~~~~~~~~~~~~~~~~~~~~~~~~~~~~~~~~~~~~~
/work1/lmeadows/rccl-work/rccl-fakes/projects/rccl/build/release/hipify/src/misc/utils.cc:24:7: note: add parentheses after the '!' to evaluate the comparison first
   24 |   if (!CUDASUCCESS(hipDeviceGetAttribute(&ccMinor, hipDeviceAttributeComputeCapabilityMinor, cudaDev))) return 0;
      |       ^                                                                                               
      |        (                                                                                              )
/work1/lmeadows/rccl-work/rccl-fakes/projects/rccl/build/release/hipify/src/misc/utils.cc:24:7: note: add parentheses around left hand side expression to silence this warning
3 warnings generated when compiling for host.
[3771/4366] Building CXX object test/host/CMakeFiles/rccl-UnitTestsMicroTaskPrep.dir/__/__/hipify/src/config/algorithm_registry.cc.o
[3772/4366] Building RCCLDEV object src/CMakeFiles/rccl_device_gfx950.dir/__/hipify/gensrc/specialized/specialized_allreduce_ring_ll128_sumpostdiv_u8_1_0_1_2.o
[3773/4366] Building CXX object test/host/CMakeFiles/rccl-UnitTestsMicroWarpSpeed.dir/__/__/hipify/src/misc/utils.cc.o
/work1/lmeadows/rccl-work/rccl-fakes/projects/rccl/build/release/hipify/src/misc/utils.cc:21:7: warning: logical not is only applied to the left hand side of this comparison [-Wlogical-not-parentheses]
   21 |   if (!CUDASUCCESS(hipGetDevice(&cudaDev))) return 0;
      |       ^~~~~~~~~~~~~~~~~~~~~~~~~~~~~~~~~~~~
/work1/lmeadows/rccl-work/rccl-fakes/projects/rccl/build/release/hipify/src/misc/utils.cc:21:7: note: add parentheses after the '!' to evaluate the comparison first
   21 |   if (!CUDASUCCESS(hipGetDevice(&cudaDev))) return 0;
      |       ^                                   
      |        (                                  )
/work1/lmeadows/rccl-work/rccl-fakes/projects/rccl/build/release/hipify/src/misc/utils.cc:21:7: note: add parentheses around left hand side expression to silence this warning
/work1/lmeadows/rccl-work/rccl-fakes/projects/rccl/build/release/hipify/src/misc/utils.cc:23:7: warning: logical not is only applied to the left hand side of this comparison [-Wlogical-not-parentheses]
   23 |   if (!CUDASUCCESS(hipDeviceGetAttribute(&ccMajor, hipDeviceAttributeComputeCapabilityMajor, cudaDev))) return 0;
      |       ^~~~~~~~~~~~~~~~~~~~~~~~~~~~~~~~~~~~~~~~~~~~~~~~~~~~~~~~~~~~~~~~~~~~~~~~~~~~~~~~~~~~~~~~~~~~~~~~
/work1/lmeadows/rccl-work/rccl-fakes/projects/rccl/build/release/hipify/src/misc/utils.cc:23:7: note: add parentheses after the '!' to evaluate the comparison first
   23 |   if (!CUDASUCCESS(hipDeviceGetAttribute(&ccMajor, hipDeviceAttributeComputeCapabilityMajor, cudaDev))) return 0;
      |       ^                                                                                               
      |        (                                                                                              )
/work1/lmeadows/rccl-work/rccl-fakes/projects/rccl/build/release/hipify/src/misc/utils.cc:23:7: note: add parentheses around left hand side expression to silence this warning
/work1/lmeadows/rccl-work/rccl-fakes/projects/rccl/build/release/hipify/src/misc/utils.cc:24:7: warning: logical not is only applied to the left hand side of this comparison [-Wlogical-not-parentheses]
   24 |   if (!CUDASUCCESS(hipDeviceGetAttribute(&ccMinor, hipDeviceAttributeComputeCapabilityMinor, cudaDev))) return 0;
      |       ^~~~~~~~~~~~~~~~~~~~~~~~~~~~~~~~~~~~~~~~~~~~~~~~~~~~~~~~~~~~~~~~~~~~~~~~~~~~~~~~~~~~~~~~~~~~~~~~
/work1/lmeadows/rccl-work/rccl-fakes/projects/rccl/build/release/hipify/src/misc/utils.cc:24:7: note: add parentheses after the '!' to evaluate the comparison first
   24 |   if (!CUDASUCCESS(hipDeviceGetAttribute(&ccMinor, hipDeviceAttributeComputeCapabilityMinor, cudaDev))) return 0;
      |       ^                                                                                               
      |        (                                                                                              )
/work1/lmeadows/rccl-work/rccl-fakes/projects/rccl/build/release/hipify/src/misc/utils.cc:24:7: note: add parentheses around left hand side expression to silence this warning
3 warnings generated when compiling for host.
[3774/4366] Building RCCLDEV object src/CMakeFiles/rccl_device_gfx950.dir/__/hipify/gensrc/specialized/specialized_allreduce_ring_ll128_minmax_f16_1_0_4_2.o
[3775/4366] Building RCCLDEV object src/CMakeFiles/rccl_device_gfx950.dir/__/hipify/gensrc/specialized/specialized_allreduce_ring_ll128_prod_u8_1_0_1_1.o
[3776/4366] Building CXX object test/host/CMakeFiles/rccl-UnitTestsMicroWarpSpeed.dir/fakes/nccl_stubs.cc.o
[3777/4366] Building CXX object test/host/CMakeFiles/rccl-UnitTestsMicroInit.dir/fakes/init_fakes.cc.o
[3778/4366] Building RCCLDEV object src/CMakeFiles/rccl_device_gfx950.dir/__/hipify/gensrc/specialized/specialized_allreduce_ring_ll128_minmax_f16_1_0_4_1.o
[3779/4366] Building CXX object test/host/CMakeFiles/rccl-UnitTestsMicroInit-uncached.dir/fakes/init_fakes.cc.o
[3780/4366] Building CXX object test/host/CMakeFiles/rccl-UnitTestsMicroInit-faultinj.dir/fakes/dev_runtime_fakes.cc.o
[3781/4366] Building CXX object test/host/CMakeFiles/rccl-UnitTestsMicroInit.dir/fakes/nccl_stubs.cc.o
[3782/4366] Building CXX object test/host/CMakeFiles/rccl-UnitTestsMicroWarpSpeed.dir/fakes/hip_fakes.cc.o
[3783/4366] Building CXX object test/host/CMakeFiles/rccl-UnitTestsMicroInit-uncached.dir/fakes/init_nvtx_fakes.cc.o
[3784/4366] Building CXX object test/host/CMakeFiles/rccl-UnitTestsMicro.dir/fakes/hip_fakes.cc.o
[3785/4366] Building CXX object test/host/CMakeFiles/rccl-UnitTestsMicroEnqueue.dir/fakes/collectives_fakes.cc.o
[3786/4366] Building CXX object test/host/CMakeFiles/rccl-UnitTestsMicroInit-uncached.dir/fakes/dev_runtime_fakes.cc.o
[3787/4366] Building CXX object test/host/CMakeFiles/rccl-UnitTestsMicroEnqueue.dir/__/__/hipify/src/misc/utils.cc.o
/work1/lmeadows/rccl-work/rccl-fakes/projects/rccl/build/release/hipify/src/misc/utils.cc:21:7: warning: logical not is only applied to the left hand side of this comparison [-Wlogical-not-parentheses]
   21 |   if (!CUDASUCCESS(hipGetDevice(&cudaDev))) return 0;
      |       ^~~~~~~~~~~~~~~~~~~~~~~~~~~~~~~~~~~~
/work1/lmeadows/rccl-work/rccl-fakes/projects/rccl/build/release/hipify/src/misc/utils.cc:21:7: note: add parentheses after the '!' to evaluate the comparison first
   21 |   if (!CUDASUCCESS(hipGetDevice(&cudaDev))) return 0;
      |       ^                                   
      |        (                                  )
/work1/lmeadows/rccl-work/rccl-fakes/projects/rccl/build/release/hipify/src/misc/utils.cc:21:7: note: add parentheses around left hand side expression to silence this warning
/work1/lmeadows/rccl-work/rccl-fakes/projects/rccl/build/release/hipify/src/misc/utils.cc:23:7: warning: logical not is only applied to the left hand side of this comparison [-Wlogical-not-parentheses]
   23 |   if (!CUDASUCCESS(hipDeviceGetAttribute(&ccMajor, hipDeviceAttributeComputeCapabilityMajor, cudaDev))) return 0;
      |       ^~~~~~~~~~~~~~~~~~~~~~~~~~~~~~~~~~~~~~~~~~~~~~~~~~~~~~~~~~~~~~~~~~~~~~~~~~~~~~~~~~~~~~~~~~~~~~~~
/work1/lmeadows/rccl-work/rccl-fakes/projects/rccl/build/release/hipify/src/misc/utils.cc:23:7: note: add parentheses after the '!' to evaluate the comparison first
   23 |   if (!CUDASUCCESS(hipDeviceGetAttribute(&ccMajor, hipDeviceAttributeComputeCapabilityMajor, cudaDev))) return 0;
      |       ^                                                                                               
      |        (                                                                                              )
/work1/lmeadows/rccl-work/rccl-fakes/projects/rccl/build/release/hipify/src/misc/utils.cc:23:7: note: add parentheses around left hand side expression to silence this warning
/work1/lmeadows/rccl-work/rccl-fakes/projects/rccl/build/release/hipify/src/misc/utils.cc:24:7: warning: logical not is only applied to the left hand side of this comparison [-Wlogical-not-parentheses]
   24 |   if (!CUDASUCCESS(hipDeviceGetAttribute(&ccMinor, hipDeviceAttributeComputeCapabilityMinor, cudaDev))) return 0;
      |       ^~~~~~~~~~~~~~~~~~~~~~~~~~~~~~~~~~~~~~~~~~~~~~~~~~~~~~~~~~~~~~~~~~~~~~~~~~~~~~~~~~~~~~~~~~~~~~~~
/work1/lmeadows/rccl-work/rccl-fakes/projects/rccl/build/release/hipify/src/misc/utils.cc:24:7: note: add parentheses after the '!' to evaluate the comparison first
   24 |   if (!CUDASUCCESS(hipDeviceGetAttribute(&ccMinor, hipDeviceAttributeComputeCapabilityMinor, cudaDev))) return 0;
      |       ^                                                                                               
      |        (                                                                                              )
/work1/lmeadows/rccl-work/rccl-fakes/projects/rccl/build/release/hipify/src/misc/utils.cc:24:7: note: add parentheses around left hand side expression to silence this warning
3 warnings generated when compiling for host.
[3788/4366] Building CXX object test/host/CMakeFiles/rccl-UnitTestsMicroInit.dir/fakes/hip_fakes.cc.o
[3789/4366] Building CXX object test/host/CMakeFiles/rccl-UnitTestsMicroTaskPrep.dir/__/__/hipify/src/config/collconfig.cc.o
[3790/4366] Building CXX object test/host/CMakeFiles/rccl-UnitTestsMicroInit-uncached.dir/__/__/hipify/src/misc/utils.cc.o
/work1/lmeadows/rccl-work/rccl-fakes/projects/rccl/build/release/hipify/src/misc/utils.cc:21:7: warning: logical not is only applied to the left hand side of this comparison [-Wlogical-not-parentheses]
   21 |   if (!CUDASUCCESS(hipGetDevice(&cudaDev))) return 0;
      |       ^~~~~~~~~~~~~~~~~~~~~~~~~~~~~~~~~~~~
/work1/lmeadows/rccl-work/rccl-fakes/projects/rccl/build/release/hipify/src/misc/utils.cc:21:7: note: add parentheses after the '!' to evaluate the comparison first
   21 |   if (!CUDASUCCESS(hipGetDevice(&cudaDev))) return 0;
      |       ^                                   
      |        (                                  )
/work1/lmeadows/rccl-work/rccl-fakes/projects/rccl/build/release/hipify/src/misc/utils.cc:21:7: note: add parentheses around left hand side expression to silence this warning
/work1/lmeadows/rccl-work/rccl-fakes/projects/rccl/build/release/hipify/src/misc/utils.cc:23:7: warning: logical not is only applied to the left hand side of this comparison [-Wlogical-not-parentheses]
   23 |   if (!CUDASUCCESS(hipDeviceGetAttribute(&ccMajor, hipDeviceAttributeComputeCapabilityMajor, cudaDev))) return 0;
      |       ^~~~~~~~~~~~~~~~~~~~~~~~~~~~~~~~~~~~~~~~~~~~~~~~~~~~~~~~~~~~~~~~~~~~~~~~~~~~~~~~~~~~~~~~~~~~~~~~
/work1/lmeadows/rccl-work/rccl-fakes/projects/rccl/build/release/hipify/src/misc/utils.cc:23:7: note: add parentheses after the '!' to evaluate the comparison first
   23 |   if (!CUDASUCCESS(hipDeviceGetAttribute(&ccMajor, hipDeviceAttributeComputeCapabilityMajor, cudaDev))) return 0;
      |       ^                                                                                               
      |        (                                                                                              )
/work1/lmeadows/rccl-work/rccl-fakes/projects/rccl/build/release/hipify/src/misc/utils.cc:23:7: note: add parentheses around left hand side expression to silence this warning
/work1/lmeadows/rccl-work/rccl-fakes/projects/rccl/build/release/hipify/src/misc/utils.cc:24:7: warning: logical not is only applied to the left hand side of this comparison [-Wlogical-not-parentheses]
   24 |   if (!CUDASUCCESS(hipDeviceGetAttribute(&ccMinor, hipDeviceAttributeComputeCapabilityMinor, cudaDev))) return 0;
      |       ^~~~~~~~~~~~~~~~~~~~~~~~~~~~~~~~~~~~~~~~~~~~~~~~~~~~~~~~~~~~~~~~~~~~~~~~~~~~~~~~~~~~~~~~~~~~~~~~
/work1/lmeadows/rccl-work/rccl-fakes/projects/rccl/build/release/hipify/src/misc/utils.cc:24:7: note: add parentheses after the '!' to evaluate the comparison first
   24 |   if (!CUDASUCCESS(hipDeviceGetAttribute(&ccMinor, hipDeviceAttributeComputeCapabilityMinor, cudaDev))) return 0;
      |       ^                                                                                               
      |        (                                                                                              )
/work1/lmeadows/rccl-work/rccl-fakes/projects/rccl/build/release/hipify/src/misc/utils.cc:24:7: note: add parentheses around left hand side expression to silence this warning
3 warnings generated when compiling for host.
[3791/4366] Building CXX object test/host/CMakeFiles/rccl-UnitTestsMicroInit-uncached.dir/fakes/hip_fakes.cc.o
[3792/4366] Building CXX object test/host/CMakeFiles/rccl-UnitTestsMicroInit.dir/fakes/dev_runtime_fakes.cc.o
[3793/4366] Building CXX object test/host/CMakeFiles/rccl-UnitTestsMicroTaskPrep.dir/__/__/hipify/src/config/algorithm_parser.cc.o
[3794/4366] Building CXX object test/host/CMakeFiles/rccl-UnitTestsMicroInit-faultinj.dir/fakes/hip_fakes.cc.o
[3795/4366] Building CXX object test/host/CMakeFiles/rccl-UnitTestsMicroInit-faultinj.dir/__/__/hipify/src/misc/utils.cc.o
/work1/lmeadows/rccl-work/rccl-fakes/projects/rccl/build/release/hipify/src/misc/utils.cc:21:7: warning: logical not is only applied to the left hand side of this comparison [-Wlogical-not-parentheses]
   21 |   if (!CUDASUCCESS(hipGetDevice(&cudaDev))) return 0;
      |       ^~~~~~~~~~~~~~~~~~~~~~~~~~~~~~~~~~~~
/work1/lmeadows/rccl-work/rccl-fakes/projects/rccl/build/release/hipify/src/misc/utils.cc:21:7: note: add parentheses after the '!' to evaluate the comparison first
   21 |   if (!CUDASUCCESS(hipGetDevice(&cudaDev))) return 0;
      |       ^                                   
      |        (                                  )
/work1/lmeadows/rccl-work/rccl-fakes/projects/rccl/build/release/hipify/src/misc/utils.cc:21:7: note: add parentheses around left hand side expression to silence this warning
/work1/lmeadows/rccl-work/rccl-fakes/projects/rccl/build/release/hipify/src/misc/utils.cc:23:7: warning: logical not is only applied to the left hand side of this comparison [-Wlogical-not-parentheses]
   23 |   if (!CUDASUCCESS(hipDeviceGetAttribute(&ccMajor, hipDeviceAttributeComputeCapabilityMajor, cudaDev))) return 0;
      |       ^~~~~~~~~~~~~~~~~~~~~~~~~~~~~~~~~~~~~~~~~~~~~~~~~~~~~~~~~~~~~~~~~~~~~~~~~~~~~~~~~~~~~~~~~~~~~~~~
/work1/lmeadows/rccl-work/rccl-fakes/projects/rccl/build/release/hipify/src/misc/utils.cc:23:7: note: add parentheses after the '!' to evaluate the comparison first
   23 |   if (!CUDASUCCESS(hipDeviceGetAttribute(&ccMajor, hipDeviceAttributeComputeCapabilityMajor, cudaDev))) return 0;
      |       ^                                                                                               
      |        (                                                                                              )
/work1/lmeadows/rccl-work/rccl-fakes/projects/rccl/build/release/hipify/src/misc/utils.cc:23:7: note: add parentheses around left hand side expression to silence this warning
/work1/lmeadows/rccl-work/rccl-fakes/projects/rccl/build/release/hipify/src/misc/utils.cc:24:7: warning: logical not is only applied to the left hand side of this comparison [-Wlogical-not-parentheses]
   24 |   if (!CUDASUCCESS(hipDeviceGetAttribute(&ccMinor, hipDeviceAttributeComputeCapabilityMinor, cudaDev))) return 0;
      |       ^~~~~~~~~~~~~~~~~~~~~~~~~~~~~~~~~~~~~~~~~~~~~~~~~~~~~~~~~~~~~~~~~~~~~~~~~~~~~~~~~~~~~~~~~~~~~~~~
/work1/lmeadows/rccl-work/rccl-fakes/projects/rccl/build/release/hipify/src/misc/utils.cc:24:7: note: add parentheses after the '!' to evaluate the comparison first
   24 |   if (!CUDASUCCESS(hipDeviceGetAttribute(&ccMinor, hipDeviceAttributeComputeCapabilityMinor, cudaDev))) return 0;
      |       ^                                                                                               
      |        (                                                                                              )
/work1/lmeadows/rccl-work/rccl-fakes/projects/rccl/build/release/hipify/src/misc/utils.cc:24:7: note: add parentheses around left hand side expression to silence this warning
3 warnings generated when compiling for host.
[3796/4366] Building CXX object test/host/CMakeFiles/rccl-UnitTestsMicroInit-uncached.dir/fakes/nccl_stubs.cc.o
[3797/4366] Building CXX object test/host/CMakeFiles/rccl-UnitTestsMicroInit-faultinj.dir/fakes/init_nvtx_fakes.cc.o
[3798/4366] Building CXX object test/host/CMakeFiles/rccl-UnitTestsMicroInit.dir/fakes/init_nvtx_fakes.cc.o
[3799/4366] Building CXX object test/host/CMakeFiles/rccl-UnitTestsMicro.dir/fakes/devcomm_fakes.cc.o
[3800/4366] Building CXX object test/host/CMakeFiles/rccl-UnitTestsMicroEnqueue.dir/fakes/dev_runtime_fakes.cc.o
[3801/4366] Building CXX object test/host/CMakeFiles/rccl-UnitTestsMicroEnqueue.dir/fakes/hip_fakes.cc.o
[3802/4366] Building CXX object test/CMakeFiles/rccl-UnitTestsDevRuntime.dir/common/TestChecks.cpp.o
[3803/4366] Building CXX object test/host/CMakeFiles/rccl-UnitTestsMicroTaskPrep.dir/fakes/collectives_fakes.cc.o
[3804/4366] Building CXX object test/host/CMakeFiles/rccl-UnitTestsMicroSymKernels.dir/__/__/hipify/src/misc/utils.cc.o
/work1/lmeadows/rccl-work/rccl-fakes/projects/rccl/build/release/hipify/src/misc/utils.cc:21:7: warning: logical not is only applied to the left hand side of this comparison [-Wlogical-not-parentheses]
   21 |   if (!CUDASUCCESS(hipGetDevice(&cudaDev))) return 0;
      |       ^~~~~~~~~~~~~~~~~~~~~~~~~~~~~~~~~~~~
/work1/lmeadows/rccl-work/rccl-fakes/projects/rccl/build/release/hipify/src/misc/utils.cc:21:7: note: add parentheses after the '!' to evaluate the comparison first
   21 |   if (!CUDASUCCESS(hipGetDevice(&cudaDev))) return 0;
      |       ^                                   
      |        (                                  )
/work1/lmeadows/rccl-work/rccl-fakes/projects/rccl/build/release/hipify/src/misc/utils.cc:21:7: note: add parentheses around left hand side expression to silence this warning
/work1/lmeadows/rccl-work/rccl-fakes/projects/rccl/build/release/hipify/src/misc/utils.cc:23:7: warning: logical not is only applied to the left hand side of this comparison [-Wlogical-not-parentheses]
   23 |   if (!CUDASUCCESS(hipDeviceGetAttribute(&ccMajor, hipDeviceAttributeComputeCapabilityMajor, cudaDev))) return 0;
      |       ^~~~~~~~~~~~~~~~~~~~~~~~~~~~~~~~~~~~~~~~~~~~~~~~~~~~~~~~~~~~~~~~~~~~~~~~~~~~~~~~~~~~~~~~~~~~~~~~
/work1/lmeadows/rccl-work/rccl-fakes/projects/rccl/build/release/hipify/src/misc/utils.cc:23:7: note: add parentheses after the '!' to evaluate the comparison first
   23 |   if (!CUDASUCCESS(hipDeviceGetAttribute(&ccMajor, hipDeviceAttributeComputeCapabilityMajor, cudaDev))) return 0;
      |       ^                                                                                               
      |        (                                                                                              )
/work1/lmeadows/rccl-work/rccl-fakes/projects/rccl/build/release/hipify/src/misc/utils.cc:23:7: note: add parentheses around left hand side expression to silence this warning
/work1/lmeadows/rccl-work/rccl-fakes/projects/rccl/build/release/hipify/src/misc/utils.cc:24:7: warning: logical not is only applied to the left hand side of this comparison [-Wlogical-not-parentheses]
   24 |   if (!CUDASUCCESS(hipDeviceGetAttribute(&ccMinor, hipDeviceAttributeComputeCapabilityMinor, cudaDev))) return 0;
      |       ^~~~~~~~~~~~~~~~~~~~~~~~~~~~~~~~~~~~~~~~~~~~~~~~~~~~~~~~~~~~~~~~~~~~~~~~~~~~~~~~~~~~~~~~~~~~~~~~
/work1/lmeadows/rccl-work/rccl-fakes/projects/rccl/build/release/hipify/src/misc/utils.cc:24:7: note: add parentheses after the '!' to evaluate the comparison first
   24 |   if (!CUDASUCCESS(hipDeviceGetAttribute(&ccMinor, hipDeviceAttributeComputeCapabilityMinor, cudaDev))) return 0;
      |       ^                                                                                               
      |        (                                                                                              )
/work1/lmeadows/rccl-work/rccl-fakes/projects/rccl/build/release/hipify/src/misc/utils.cc:24:7: note: add parentheses around left hand side expression to silence this warning
3 warnings generated when compiling for host.
[3805/4366] Building CXX object test/host/CMakeFiles/rccl-UnitTestsMicroInit-faultinj.dir/fakes/init_fakes.cc.o
[3806/4366] Building CXX object test/host/CMakeFiles/rccl-UnitTestsMicro.dir/fakes/recorder_fakes.cc.o
[3807/4366] Building CXX object test/host/CMakeFiles/rccl-UnitTestsMicroTaskPrep.dir/fakes/hip_fakes.cc.o
[3808/4366] Building CXX object test/host/CMakeFiles/rccl-UnitTestsMicroTaskPrep.dir/fakes/dev_runtime_fakes.cc.o
[3809/4366] Building CXX object test/host/CMakeFiles/rccl-UnitTestsMicroInit-faultinj.dir/fakes/nccl_stubs.cc.o
[3810/4366] Building CXX object test/host/CMakeFiles/rccl-UnitTestsMicroSymKernels.dir/fakes/nccl_stubs.cc.o
[3811/4366] Building CXX object test/host/CMakeFiles/rccl-UnitTestsMicro.dir/fakes/comm_fakes.cc.o
/work1/lmeadows/rccl-work/rccl-fakes/projects/rccl/test/host/fakes/comm_fakes.cc:77:24: warning: function previously declared with an explicit exception specification redeclared with an implicit exception specification [-Wimplicit-exception-spec-mismatch]
   77 | roctx_scoped_range_in::~roctx_scoped_range_in() {}
      |                        ^
/work1/lmeadows/rccl-work/rccl-fakes/projects/rccl/build/release/hipify/src/include/roctx.h:147:3: note: previous declaration is here
  147 |   ~roctx_scoped_range_in() noexcept;
      |   ^
1 warning generated when compiling for host.
[3812/4366] Building CXX object test/host/CMakeFiles/rccl-UnitTestsMicroEnqueue.dir/fakes/nccl_stubs.cc.o
[3813/4366] Building CXX object test/host/CMakeFiles/rccl-UnitTestsMicroWarpSpeed.dir/fakes/enqueue_fakes.cc.o
[3814/4366] Building CXX object test/host/CMakeFiles/rccl-UnitTestsMicro.dir/fakes/rma_fakes.cc.o
[3815/4366] Building RCCLDEV object src/CMakeFiles/rccl_device_gfx950.dir/__/hipify/gensrc/specialized/specialized_allreduce_ring_ll128_minmax_f16_1_0_2_2.o
[3816/4366] Building CXX object test/host/CMakeFiles/rccl-UnitTestsMicroTaskPrep.dir/__/__/hipify/src/misc/utils.cc.o
/work1/lmeadows/rccl-work/rccl-fakes/projects/rccl/build/release/hipify/src/misc/utils.cc:21:7: warning: logical not is only applied to the left hand side of this comparison [-Wlogical-not-parentheses]
   21 |   if (!CUDASUCCESS(hipGetDevice(&cudaDev))) return 0;
      |       ^~~~~~~~~~~~~~~~~~~~~~~~~~~~~~~~~~~~
/work1/lmeadows/rccl-work/rccl-fakes/projects/rccl/build/release/hipify/src/misc/utils.cc:21:7: note: add parentheses after the '!' to evaluate the comparison first
   21 |   if (!CUDASUCCESS(hipGetDevice(&cudaDev))) return 0;
      |       ^                                   
      |        (                                  )
/work1/lmeadows/rccl-work/rccl-fakes/projects/rccl/build/release/hipify/src/misc/utils.cc:21:7: note: add parentheses around left hand side expression to silence this warning
/work1/lmeadows/rccl-work/rccl-fakes/projects/rccl/build/release/hipify/src/misc/utils.cc:23:7: warning: logical not is only applied to the left hand side of this comparison [-Wlogical-not-parentheses]
   23 |   if (!CUDASUCCESS(hipDeviceGetAttribute(&ccMajor, hipDeviceAttributeComputeCapabilityMajor, cudaDev))) return 0;
      |       ^~~~~~~~~~~~~~~~~~~~~~~~~~~~~~~~~~~~~~~~~~~~~~~~~~~~~~~~~~~~~~~~~~~~~~~~~~~~~~~~~~~~~~~~~~~~~~~~
/work1/lmeadows/rccl-work/rccl-fakes/projects/rccl/build/release/hipify/src/misc/utils.cc:23:7: note: add parentheses after the '!' to evaluate the comparison first
   23 |   if (!CUDASUCCESS(hipDeviceGetAttribute(&ccMajor, hipDeviceAttributeComputeCapabilityMajor, cudaDev))) return 0;
      |       ^                                                                                               
      |        (                                                                                              )
/work1/lmeadows/rccl-work/rccl-fakes/projects/rccl/build/release/hipify/src/misc/utils.cc:23:7: note: add parentheses around left hand side expression to silence this warning
/work1/lmeadows/rccl-work/rccl-fakes/projects/rccl/build/release/hipify/src/misc/utils.cc:24:7: warning: logical not is only applied to the left hand side of this comparison [-Wlogical-not-parentheses]
   24 |   if (!CUDASUCCESS(hipDeviceGetAttribute(&ccMinor, hipDeviceAttributeComputeCapabilityMinor, cudaDev))) return 0;
      |       ^~~~~~~~~~~~~~~~~~~~~~~~~~~~~~~~~~~~~~~~~~~~~~~~~~~~~~~~~~~~~~~~~~~~~~~~~~~~~~~~~~~~~~~~~~~~~~~~
/work1/lmeadows/rccl-work/rccl-fakes/projects/rccl/build/release/hipify/src/misc/utils.cc:24:7: note: add parentheses after the '!' to evaluate the comparison first
   24 |   if (!CUDASUCCESS(hipDeviceGetAttribute(&ccMinor, hipDeviceAttributeComputeCapabilityMinor, cudaDev))) return 0;
      |       ^                                                                                               
      |        (                                                                                              )
/work1/lmeadows/rccl-work/rccl-fakes/projects/rccl/build/release/hipify/src/misc/utils.cc:24:7: note: add parentheses around left hand side expression to silence this warning
3 warnings generated when compiling for host.
[3817/4366] Building CXX object test/host/CMakeFiles/rccl-UnitTestsMicroWarpSpeed.dir/fakes/tuning_fakes.cc.o
[3818/4366] Building CXX object test/host/CMakeFiles/rccl-UnitTestsMicroWarpSpeed.dir/fakes/ce_fakes.cc.o
[3819/4366] Building CXX object test/host/CMakeFiles/rccl-UnitTestsMicroSymKernels.dir/fakes/hip_fakes.cc.o
[3820/4366] Building CXX object test/host/CMakeFiles/rccl-UnitTestsMicroTaskPrep.dir/fakes/nccl_stubs.cc.o
[3821/4366] Building CXX object test/host/CMakeFiles/rccl-UnitTestsMicroWarpSpeed.dir/fakes/proxy_fakes.cc.o
[3822/4366] Building CXX object test/host/CMakeFiles/rccl-UnitTestsMicro.dir/fakes/ce_fakes.cc.o
[3823/4366] Building CXX object test/host/CMakeFiles/rccl-UnitTestsMicro.dir/fakes/collective_stubs.cc.o
[3824/4366] Building CXX object test/host/CMakeFiles/rccl-UnitTestsMicroWarpSpeed.dir/fakes/rccl_wrap_fakes.cc.o
[3825/4366] Building CXX object test/host/CMakeFiles/rccl-UnitTestsMicroInit.dir/fakes/group_fakes.cc.o
[3826/4366] Building CXX object test/CMakeFiles/rccl-UnitTestsDevRuntime.dir/common/main_fixtures.cpp.o
[3827/4366] Building CXX object test/host/CMakeFiles/rccl-UnitTestsMicroWarpSpeed.dir/__/__/hipify/src/misc/argcheck.cc.o
[3828/4366] Building CXX object test/host/CMakeFiles/rccl-UnitTestsMicroInit.dir/fakes/sym_kernels_fakes.cc.o
[3829/4366] Building CXX object test/host/CMakeFiles/rccl-UnitTestsMicroInit-uncached.dir/fakes/transport_stubs.cc.o
[3830/4366] Building CXX object test/host/CMakeFiles/rccl-UnitTestsMicro.dir/fakes/tuning_fakes.cc.o
[3831/4366] Building CXX object test/host/CMakeFiles/rccl-UnitTestsMicroWarpSpeed.dir/fakes/nccl_fakes.cc.o
[3832/4366] Building CXX object test/host/CMakeFiles/rccl-UnitTestsMicroWarpSpeed.dir/fakes/sym_kernels_index_fakes.cc.o
[3833/4366] Building CXX object test/host/CMakeFiles/rccl-UnitTestsMicro.dir/fakes/sym_kernels_fakes.cc.o
[3834/4366] Building CXX object test/host/CMakeFiles/rccl-UnitTestsMicroWarpSpeed.dir/fakes/recorder_fakes.cc.o
[3835/4366] Building CXX object test/host/CMakeFiles/rccl-UnitTestsMicroWarpSpeed.dir/fakes/sym_kernels_fakes.cc.o
[3836/4366] Building CXX object test/host/CMakeFiles/rccl-UnitTestsMicroInit.dir/fakes/rccl_wrap_fakes.cc.o
[3837/4366] Building CXX object test/host/CMakeFiles/rccl-UnitTestsMicroEnqueue.dir/fakes/enqueue_test_deps.cc.o
[3838/4366] Building CXX object test/host/CMakeFiles/rccl-UnitTestsMicroInit-faultinj.dir/fakes/rccl_wrap_fakes.cc.o
[3839/4366] Building CXX object test/host/CMakeFiles/rccl-UnitTestsMicroInit.dir/fakes/transport_stubs.cc.o
[3840/4366] Building CXX object test/host/CMakeFiles/rccl-UnitTestsMicroInit.dir/fakes/enqueue_fakes.cc.o
[3841/4366] Building CXX object test/host/CMakeFiles/rccl-UnitTestsMicroWarpSpeed.dir/fakes/comm_fakes.cc.o
/work1/lmeadows/rccl-work/rccl-fakes/projects/rccl/test/host/fakes/comm_fakes.cc:77:24: warning: function previously declared with an explicit exception specification redeclared with an implicit exception specification [-Wimplicit-exception-spec-mismatch]
   77 | roctx_scoped_range_in::~roctx_scoped_range_in() {}
      |                        ^
/work1/lmeadows/rccl-work/rccl-fakes/projects/rccl/build/release/hipify/src/include/roctx.h:147:3: note: previous declaration is here
  147 |   ~roctx_scoped_range_in() noexcept;
      |   ^
1 warning generated when compiling for host.
[3842/4366] Building CXX object test/host/CMakeFiles/rccl-UnitTestsMicro.dir/fakes/wrap_fakes.cc.o
[3843/4366] Building CXX object test/host/CMakeFiles/rccl-UnitTestsMicroInit-faultinj.dir/fakes/transport_stubs.cc.o
[3844/4366] Building CXX object test/host/CMakeFiles/rccl-UnitTestsMicroInit-uncached.dir/fakes/group_fakes.cc.o
[3845/4366] Building CXX object test/host/CMakeFiles/rccl-UnitTestsMicroInit-uncached.dir/fakes/rccl_wrap_fakes.cc.o
[3846/4366] Building CXX object test/host/CMakeFiles/rccl-UnitTestsMicroWarpSpeed.dir/fakes/bootstrap_stubs.cc.o
[3847/4366] Building CXX object test/host/CMakeFiles/rccl-UnitTestsMicro.dir/fakes/transport_stubs.cc.o
[3848/4366] Building RCCLDEV object src/CMakeFiles/rccl_device_gfx950.dir/__/hipify/gensrc/specialized/specialized_allreduce_ring_ll128_minmax_f16_1_0_2_1.o
[3849/4366] Building CXX object test/host/CMakeFiles/rccl-UnitTestsMicro.dir/fakes/dev_runtime_micro_fakes.cc.o
In file included from /work1/lmeadows/rccl-work/rccl-fakes/projects/rccl/test/host/fakes/dev_runtime_micro_fakes.cc:22:
/work1/lmeadows/rccl-work/rccl-fakes/projects/rccl/build/release/hipify/src/include/cudawrap.h:28:9: warning: 'CUPFN' macro redefined [-Wmacro-redefined]
   28 | #define CUPFN(symbol) pfn_##symbol
      |         ^
/work1/lmeadows/rccl-work/rccl-fakes/projects/rccl/build/release/hipify/src/include/rocmwrap.h:96:9: note: previous definition is here
   96 | #define CUPFN(symbol) symbol
      |         ^
In file included from /work1/lmeadows/rccl-work/rccl-fakes/projects/rccl/test/host/fakes/dev_runtime_micro_fakes.cc:22:
/work1/lmeadows/rccl-work/rccl-fakes/projects/rccl/build/release/hipify/src/include/cudawrap.h:52:9: warning: 'CUCHECK' macro redefined [-Wmacro-redefined]
   52 | #define CUCHECK(cmd) \
      |         ^
/work1/lmeadows/rccl-work/rccl-fakes/projects/rccl/build/release/hipify/src/include/rocmwrap.h:129:9: note: previous definition is here
  129 | #define CUCHECK(cmd) \
      |         ^
In file included from /work1/lmeadows/rccl-work/rccl-fakes/projects/rccl/test/host/fakes/dev_runtime_micro_fakes.cc:22:
/work1/lmeadows/rccl-work/rccl-fakes/projects/rccl/build/release/hipify/src/include/cudawrap.h:69:9: warning: 'CUCHECKGOTO' macro redefined [-Wmacro-redefined]
   69 | #define CUCHECKGOTO(cmd, res, label) \
      |         ^
/work1/lmeadows/rccl-work/rccl-fakes/projects/rccl/build/release/hipify/src/include/rocmwrap.h:139:9: note: previous definition is here
  139 | #define CUCHECKGOTO(cmd, res, label) \
      |         ^
In file included from /work1/lmeadows/rccl-work/rccl-fakes/projects/rccl/test/host/fakes/dev_runtime_micro_fakes.cc:22:
/work1/lmeadows/rccl-work/rccl-fakes/projects/rccl/build/release/hipify/src/include/cudawrap.h:83:9: warning: 'CUCHECKIGNORE' macro redefined [-Wmacro-redefined]
   83 | #define CUCHECKIGNORE(cmd) \
      |         ^
/work1/lmeadows/rccl-work/rccl-fakes/projects/rccl/build/release/hipify/src/include/rocmwrap.h:151:9: note: previous definition is here
  151 | #define CUCHECKIGNORE(cmd) \
      |         ^
In file included from /work1/lmeadows/rccl-work/rccl-fakes/projects/rccl/test/host/fakes/dev_runtime_micro_fakes.cc:22:
/work1/lmeadows/rccl-work/rccl-fakes/projects/rccl/build/release/hipify/src/include/cudawrap.h:93:9: warning: 'CUCHECKTHREAD' macro redefined [-Wmacro-redefined]
   93 | #define CUCHECKTHREAD(cmd, args) \
      |         ^
/work1/lmeadows/rccl-work/rccl-fakes/projects/rccl/build/release/hipify/src/include/rocmwrap.h:159:9: note: previous definition is here
  159 | #define CUCHECKTHREAD(cmd, args) \
      |         ^
5 warnings generated when compiling for host.
[3850/4366] Building CXX object test/host/CMakeFiles/rccl-UnitTestsMicroInit.dir/fakes/tuning_fakes.cc.o
[3851/4366] Building CXX object test/CMakeFiles/rccl-UnitTestsDevRuntime.dir/common/EnvVars.cpp.o
[3852/4366] Building CXX object test/host/CMakeFiles/rccl-UnitTestsMicro.dir/fakes/nccl_fakes.cc.o
[3853/4366] Building CXX object test/host/CMakeFiles/rccl-UnitTestsMicroInit-faultinj.dir/fakes/group_fakes.cc.o
[3854/4366] Building CXX object test/host/CMakeFiles/rccl-UnitTestsMicroEnqueue.dir/fakes/proxy_fakes.cc.o
[3855/4366] Building CXX object test/host/CMakeFiles/rccl-UnitTestsMicroInit-uncached.dir/fakes/sym_kernels_fakes.cc.o
[3856/4366] Building CXX object test/host/CMakeFiles/rccl-UnitTestsMicroInit.dir/fakes/nccl_fakes.cc.o
[3857/4366] Building CXX object test/host/CMakeFiles/rccl-UnitTestsMicroInit-uncached.dir/fakes/bootstrap_stubs.cc.o
[3858/4366] Building CXX object test/host/CMakeFiles/rccl-UnitTestsMicroEnqueue.dir/fakes/ce_fakes.cc.o
[3859/4366] Building CXX object test/host/CMakeFiles/rccl-UnitTestsMicroWarpSpeed.dir/fakes/register_stubs.cc.o
[3860/4366] Building CXX object test/host/CMakeFiles/rccl-UnitTestsMicroInit-faultinj.dir/fakes/tuning_fakes.cc.o
[3861/4366] Building CXX object test/host/CMakeFiles/rccl-UnitTestsMicroInit-uncached.dir/fakes/enqueue_fakes.cc.o
[3862/4366] Building CXX object test/host/CMakeFiles/rccl-UnitTestsMicroInit-uncached.dir/fakes/recorder_fakes.cc.o
[3863/4366] Building CXX object test/host/CMakeFiles/rccl-UnitTestsMicroInit.dir/__/__/hipify/src/misc/argcheck.cc.o
[3864/4366] Building CXX object test/host/CMakeFiles/rccl-UnitTestsMicroTaskPrep.dir/fakes/bootstrap_stubs.cc.o
[3865/4366] Building CXX object test/host/CMakeFiles/rccl-UnitTestsMicroEnqueue.dir/fakes/group_fakes.cc.o
[3866/4366] Building CXX object test/host/CMakeFiles/rccl-UnitTestsMicroEnqueue.dir/fakes/register_stubs.cc.o
[3867/4366] Building CXX object test/host/CMakeFiles/rccl-UnitTestsMicroInit-faultinj.dir/__/__/hipify/src/misc/argcheck.cc.o
[3868/4366] Building CXX object test/host/CMakeFiles/rccl-UnitTestsMicroInit-faultinj.dir/fakes/recorder_fakes.cc.o
[3869/4366] Building RCCLDEV object src/CMakeFiles/rccl_device_gfx950.dir/__/hipify/gensrc/specialized/specialized_allreduce_ring_ll128_minmax_f16_1_0_1_2.o
[3870/4366] Building CXX object test/host/CMakeFiles/rccl-UnitTestsMicroInit-faultinj.dir/fakes/sym_kernels_fakes.cc.o
[3871/4366] Building CXX object test/host/CMakeFiles/rccl-UnitTestsMicroInit-uncached.dir/fakes/nccl_fakes.cc.o
[3872/4366] Building CXX object test/host/CMakeFiles/rccl-UnitTestsMicroInit.dir/fakes/bootstrap_stubs.cc.o
[3873/4366] Building CXX object test/host/CMakeFiles/rccl-UnitTestsMicroEnqueue.dir/fakes/comm_fakes.cc.o
/work1/lmeadows/rccl-work/rccl-fakes/projects/rccl/test/host/fakes/comm_fakes.cc:77:24: warning: function previously declared with an explicit exception specification redeclared with an implicit exception specification [-Wimplicit-exception-spec-mismatch]
   77 | roctx_scoped_range_in::~roctx_scoped_range_in() {}
      |                        ^
/work1/lmeadows/rccl-work/rccl-fakes/projects/rccl/build/release/hipify/src/include/roctx.h:147:3: note: previous declaration is here
  147 |   ~roctx_scoped_range_in() noexcept;
      |   ^
1 warning generated when compiling for host.
[3874/4366] Building CXX object test/host/CMakeFiles/rccl-UnitTestsMicroTaskPrep.dir/fakes/sched_stubs.cc.o
[3875/4366] Building CXX object test/host/CMakeFiles/rccl-UnitTestsMicroInit-faultinj.dir/fakes/enqueue_fakes.cc.o
[3876/4366] Building CXX object test/host/CMakeFiles/rccl-UnitTestsMicroTaskPrep.dir/fakes/register_stubs.cc.o
[3877/4366] Building CXX object test/host/CMakeFiles/rccl-UnitTestsMicroEnqueue.dir/fakes/sym_kernels_fakes.cc.o
[3878/4366] Building CXX object test/host/CMakeFiles/rccl-UnitTestsMicroTaskPrep.dir/fakes/group_fakes.cc.o
[3879/4366] Building CXX object test/host/CMakeFiles/rccl-UnitTestsMicroInit-faultinj.dir/fakes/bootstrap_stubs.cc.o
[3880/4366] Building CXX object test/host/CMakeFiles/rccl-UnitTestsMicroEnqueue.dir/fakes/bootstrap_stubs.cc.o
[3881/4366] Building CXX object test/host/CMakeFiles/rccl-UnitTestsMicroEnqueue.dir/fakes/rccl_wrap_fakes.cc.o
[3882/4366] Building CXX object test/host/CMakeFiles/rccl-UnitTestsMicroInit-uncached.dir/fakes/tuning_fakes.cc.o
[3883/4366] Building CXX object test/host/CMakeFiles/rccl-UnitTestsMicroSymKernels.dir/fakes/devcomm_fakes.cc.o
[3884/4366] Building CXX object test/host/CMakeFiles/rccl-UnitTestsMicroInit.dir/fakes/recorder_fakes.cc.o
[3885/4366] Building CXX object test/host/CMakeFiles/rccl-UnitTestsMicroSymKernels.dir/fakes/bootstrap_stubs.cc.o
[3886/4366] Building CXX object test/host/CMakeFiles/rccl-UnitTestsMicroInit-uncached.dir/__/__/hipify/src/misc/argcheck.cc.o
[3887/4366] Building CXX object test/host/CMakeFiles/rccl-UnitTestsMicroTaskPrep.dir/fakes/recorder_fakes.cc.o
[3888/4366] Building CXX object test/host/CMakeFiles/rccl-UnitTestsMicroEnqueue.dir/fakes/transport_stubs.cc.o
[3889/4366] Building CXX object test/host/CMakeFiles/rccl-UnitTestsMicroEnqueue.dir/fakes/tuning_fakes.cc.o
[3890/4366] Building CXX object test/host/CMakeFiles/rccl-UnitTestsMicroEnqueue.dir/fakes/recorder_fakes.cc.o
[3891/4366] Building CXX object test/host/CMakeFiles/rccl-UnitTestsMicroEnqueue.dir/__/__/hipify/src/misc/argcheck.cc.o
[3892/4366] Building CXX object test/host/CMakeFiles/rccl-UnitTestsMicroTaskPrep.dir/fakes/sym_kernels_fakes.cc.o
[3893/4366] Building CXX object test/host/CMakeFiles/rccl-UnitTestsMicroTaskPrep.dir/__/__/hipify/src/misc/argcheck.cc.o
[3894/4366] Building CXX object test/host/CMakeFiles/rccl-UnitTestsMicroTaskPrep.dir/fakes/rccl_wrap_fakes.cc.o
[3895/4366] Building CXX object test/host/CMakeFiles/rccl-UnitTestsMicroEnqueue.dir/fakes/sched_stubs.cc.o
[3896/4366] Building CXX object test/host/CMakeFiles/rccl-UnitTestsMicroWarpSpeed.dir/fakes/transport_stubs.cc.o
[3897/4366] Building CXX object test/host/CMakeFiles/rccl-UnitTestsMicroSymKernels.dir/fakes/nccl_fakes.cc.o
[3898/4366] Building CXX object test/host/CMakeFiles/rccl-UnitTestsMicroTaskPrep.dir/fakes/tuning_fakes.cc.o
[3899/4366] Building CXX object test/host/CMakeFiles/rccl-UnitTestsMicroTaskPrep.dir/fakes/comm_fakes.cc.o
/work1/lmeadows/rccl-work/rccl-fakes/projects/rccl/test/host/fakes/comm_fakes.cc:77:24: warning: function previously declared with an explicit exception specification redeclared with an implicit exception specification [-Wimplicit-exception-spec-mismatch]
   77 | roctx_scoped_range_in::~roctx_scoped_range_in() {}
      |                        ^
/work1/lmeadows/rccl-work/rccl-fakes/projects/rccl/build/release/hipify/src/include/roctx.h:147:3: note: previous declaration is here
  147 |   ~roctx_scoped_range_in() noexcept;
      |   ^
1 warning generated when compiling for host.
[3900/4366] Building CXX object test/host/CMakeFiles/rccl-UnitTestsMicroSymKernels.dir/fakes/recorder_fakes.cc.o
[3901/4366] Building CXX object test/host/CMakeFiles/rccl-UnitTestsMicroTaskPrep.dir/fakes/ce_fakes.cc.o
[3902/4366] Building CXX object test/host/CMakeFiles/rccl-UnitTestsMicro.dir/gin-plugin-init-test.cc.o
[3903/4366] Building CXX object test/host/CMakeFiles/rccl-UnitTestsMicroSymKernels.dir/fakes/transport_stubs.cc.o
[3904/4366] Building CXX object test/host/CMakeFiles/rccl-UnitTestsMicroEnqueue.dir/fakes/nccl_fakes.cc.o
[3905/4366] Building CXX object test/host/CMakeFiles/rccl-UnitTestsMicro.dir/gdr-probe-test.cc.o
[3906/4366] Building CXX object test/host/CMakeFiles/rccl-UnitTestsMicroTaskPrep.dir/fakes/allocator_fakes.cc.o
[3907/4366] Building CXX object test/host/CMakeFiles/rccl-UnitTestsMicroSymKernels.dir/__/__/hipify/src/misc/argcheck.cc.o
[3908/4366] Building CXX object test/host/CMakeFiles/rccl-UnitTestsMicroTaskPrep.dir/fakes/proxy_fakes.cc.o
[3909/4366] Building CXX object test/host/CMakeFiles/rccl-UnitTestsMicroTaskPrep.dir/fakes/enqueue_fakes.cc.o
[3910/4366] Building RCCLDEV object src/CMakeFiles/rccl_device_gfx950.dir/__/hipify/gensrc/specialized/specialized_allreduce_ring_ll128_minmax_f16_1_0_1_1.o
[3911/4366] Building CXX object test/host/CMakeFiles/rccl-UnitTestsMicroTaskPrep.dir/fakes/transport_stubs.cc.o
[3912/4366] Building CXX object test/host/CMakeFiles/rccl-UnitTestsMicroTaskPrep.dir/fakes/rma_fakes.cc.o
[3913/4366] Building CXX object test/host/CMakeFiles/rccl-UnitTestsMicroInit-faultinj.dir/fakes/nccl_fakes.cc.o
[3914/4366] Building CXX object test/host/CMakeFiles/rccl-UnitTestsMicroTaskPrep.dir/fakes/nccl_fakes.cc.o
[3915/4366] Building CXX object test/host/CMakeFiles/rccl-UnitTestsMicro.dir/sym-kernels-index-test.cc.o
[3916/4366] Building CXX object test/host/CMakeFiles/rccl-UnitTestsMicroInit-uncached.dir/__/common/ProcessIsolatedTestRunner.cpp.o
[3917/4366] Building CXX object test/host/CMakeFiles/rccl-UnitTestsMicroInit.dir/__/common/ProcessIsolatedTestRunner.cpp.o
[3918/4366] Building CXX object test/host/CMakeFiles/rccl-UnitTestsMicro.dir/__/common/ProcessIsolatedTestRunner.cpp.o
[3919/4366] Building CXX object test/host/CMakeFiles/rccl-UnitTestsMicroInit-faultinj.dir/__/common/ProcessIsolatedTestRunner.cpp.o
[3920/4366] Building CXX object test/host/CMakeFiles/rccl-UnitTestsMicro.dir/group-test.cc.o
[3921/4366] Building CXX object test/host/CMakeFiles/rccl-UnitTestsMicro.dir/tuning-general-test.cc.o
[3922/4366] Building CXX object test/CMakeFiles/rccl-UnitTestsDevRuntime.dir/DevRuntimeTestsStubs.cc.o
In file included from /work1/lmeadows/rccl-work/rccl-fakes/projects/rccl/test/DevRuntimeTestsStubs.cc:22:
/work1/lmeadows/rccl-work/rccl-fakes/projects/rccl/build/release/hipify/src/include/cudawrap.h:28:9: warning: 'CUPFN' macro redefined [-Wmacro-redefined]
   28 | #define CUPFN(symbol) pfn_##symbol
      |         ^
/work1/lmeadows/rccl-work/rccl-fakes/projects/rccl/build/release/hipify/src/include/rocmwrap.h:96:9: note: previous definition is here
   96 | #define CUPFN(symbol) symbol
      |         ^
In file included from /work1/lmeadows/rccl-work/rccl-fakes/projects/rccl/test/DevRuntimeTestsStubs.cc:22:
/work1/lmeadows/rccl-work/rccl-fakes/projects/rccl/build/release/hipify/src/include/cudawrap.h:52:9: warning: 'CUCHECK' macro redefined [-Wmacro-redefined]
   52 | #define CUCHECK(cmd) \
      |         ^
/work1/lmeadows/rccl-work/rccl-fakes/projects/rccl/build/release/hipify/src/include/rocmwrap.h:129:9: note: previous definition is here
  129 | #define CUCHECK(cmd) \
      |         ^
In file included from /work1/lmeadows/rccl-work/rccl-fakes/projects/rccl/test/DevRuntimeTestsStubs.cc:22:
/work1/lmeadows/rccl-work/rccl-fakes/projects/rccl/build/release/hipify/src/include/cudawrap.h:69:9: warning: 'CUCHECKGOTO' macro redefined [-Wmacro-redefined]
   69 | #define CUCHECKGOTO(cmd, res, label) \
      |         ^
/work1/lmeadows/rccl-work/rccl-fakes/projects/rccl/build/release/hipify/src/include/rocmwrap.h:139:9: note: previous definition is here
  139 | #define CUCHECKGOTO(cmd, res, label) \
      |         ^
In file included from /work1/lmeadows/rccl-work/rccl-fakes/projects/rccl/test/DevRuntimeTestsStubs.cc:22:
/work1/lmeadows/rccl-work/rccl-fakes/projects/rccl/build/release/hipify/src/include/cudawrap.h:83:9: warning: 'CUCHECKIGNORE' macro redefined [-Wmacro-redefined]
   83 | #define CUCHECKIGNORE(cmd) \
      |         ^
/work1/lmeadows/rccl-work/rccl-fakes/projects/rccl/build/release/hipify/src/include/rocmwrap.h:151:9: note: previous definition is here
  151 | #define CUCHECKIGNORE(cmd) \
      |         ^
In file included from /work1/lmeadows/rccl-work/rccl-fakes/projects/rccl/test/DevRuntimeTestsStubs.cc:22:
/work1/lmeadows/rccl-work/rccl-fakes/projects/rccl/build/release/hipify/src/include/cudawrap.h:93:9: warning: 'CUCHECKTHREAD' macro redefined [-Wmacro-redefined]
   93 | #define CUCHECKTHREAD(cmd, args) \
      |         ^
/work1/lmeadows/rccl-work/rccl-fakes/projects/rccl/build/release/hipify/src/include/rocmwrap.h:159:9: note: previous definition is here
  159 | #define CUCHECKTHREAD(cmd, args) \
      |         ^
5 warnings generated when compiling for gfx950.
In file included from /work1/lmeadows/rccl-work/rccl-fakes/projects/rccl/test/DevRuntimeTestsStubs.cc:22:
/work1/lmeadows/rccl-work/rccl-fakes/projects/rccl/build/release/hipify/src/include/cudawrap.h:28:9: warning: 'CUPFN' macro redefined [-Wmacro-redefined]
   28 | #define CUPFN(symbol) pfn_##symbol
      |         ^
/work1/lmeadows/rccl-work/rccl-fakes/projects/rccl/build/release/hipify/src/include/rocmwrap.h:96:9: note: previous definition is here
   96 | #define CUPFN(symbol) symbol
      |         ^
In file included from /work1/lmeadows/rccl-work/rccl-fakes/projects/rccl/test/DevRuntimeTestsStubs.cc:22:
/work1/lmeadows/rccl-work/rccl-fakes/projects/rccl/build/release/hipify/src/include/cudawrap.h:52:9: warning: 'CUCHECK' macro redefined [-Wmacro-redefined]
   52 | #define CUCHECK(cmd) \
      |         ^
/work1/lmeadows/rccl-work/rccl-fakes/projects/rccl/build/release/hipify/src/include/rocmwrap.h:129:9: note: previous definition is here
  129 | #define CUCHECK(cmd) \
      |         ^
In file included from /work1/lmeadows/rccl-work/rccl-fakes/projects/rccl/test/DevRuntimeTestsStubs.cc:22:
/work1/lmeadows/rccl-work/rccl-fakes/projects/rccl/build/release/hipify/src/include/cudawrap.h:69:9: warning: 'CUCHECKGOTO' macro redefined [-Wmacro-redefined]
   69 | #define CUCHECKGOTO(cmd, res, label) \
      |         ^
/work1/lmeadows/rccl-work/rccl-fakes/projects/rccl/build/release/hipify/src/include/rocmwrap.h:139:9: note: previous definition is here
  139 | #define CUCHECKGOTO(cmd, res, label) \
      |         ^
In file included from /work1/lmeadows/rccl-work/rccl-fakes/projects/rccl/test/DevRuntimeTestsStubs.cc:22:
/work1/lmeadows/rccl-work/rccl-fakes/projects/rccl/build/release/hipify/src/include/cudawrap.h:83:9: warning: 'CUCHECKIGNORE' macro redefined [-Wmacro-redefined]
   83 | #define CUCHECKIGNORE(cmd) \
      |         ^
/work1/lmeadows/rccl-work/rccl-fakes/projects/rccl/build/release/hipify/src/include/rocmwrap.h:151:9: note: previous definition is here
  151 | #define CUCHECKIGNORE(cmd) \
      |         ^
In file included from /work1/lmeadows/rccl-work/rccl-fakes/projects/rccl/test/DevRuntimeTestsStubs.cc:22:
/work1/lmeadows/rccl-work/rccl-fakes/projects/rccl/build/release/hipify/src/include/cudawrap.h:93:9: warning: 'CUCHECKTHREAD' macro redefined [-Wmacro-redefined]
   93 | #define CUCHECKTHREAD(cmd, args) \
      |         ^
/work1/lmeadows/rccl-work/rccl-fakes/projects/rccl/build/release/hipify/src/include/rocmwrap.h:159:9: note: previous definition is here
  159 | #define CUCHECKTHREAD(cmd, args) \
      |         ^
5 warnings generated when compiling for host.
[3923/4366] Building CXX object test/host/CMakeFiles/rccl-UnitTestsMicro.dir/ras-diagnostics-common-test.cc.o
[3924/4366] Building CXX object test/CMakeFiles/rccl-UnitTestsDevRuntime.dir/common/ProcessIsolatedTestRunner.cpp.o
[3925/4366] Building CXX object test/host/CMakeFiles/rccl-UnitTestsMicro.dir/rma-proxy-progress-test.cc.o
[3926/4366] Building CXX object test/host/CMakeFiles/rccl-UnitTestsMicroTaskPrep.dir/task-prep-test.cc.o
[3927/4366] Building CXX object test/host/CMakeFiles/rccl-UnitTestsMicroSymKernels.dir/sym-kernels-test.cc.o
[3928/4366] Building CXX object test/host/CMakeFiles/rccl-UnitTestsMicro.dir/devcomm-test.cc.o
[3929/4366] Building CXX object test/host/CMakeFiles/rccl-UnitTestsMicroTaskPrep.dir/task-classify-test.cc.o
[3930/4366] Linking CXX executable test/host/rccl-UnitTestsMicroSymKernels
[3931/4366] Building RCCLDEV object src/CMakeFiles/rccl_device_gfx950.dir/__/hipify/gensrc/specialized/specialized_allreduce_ring_simple_minmax_f16_1_0_4.o
[3932/4366] Building CXX object test/host/CMakeFiles/rccl-UnitTestsMicroTaskPrep.dir/task-pretuning-test.cc.o
[3933/4366] Building CXX object test/host/CMakeFiles/rccl-UnitTestsMicro.dir/rma-proxy-launch-test.cc.o
[3934/4366] Building CXX object test/CMakeFiles/rccl-UnitTestsDevRuntime.dir/gin_teardown_test.cpp.o
In file included from /work1/lmeadows/rccl-work/rccl-fakes/projects/rccl/test/gin_teardown_test.cpp:13:
/work1/lmeadows/rccl-work/rccl-fakes/projects/rccl/build/release/hipify/src/dev_runtime.cc:466:61: warning: format specifies type 'long long' but the argument has type 'hipMemGenericAllocationHandle_t' (aka 'struct ihipMemGenericAllocationHandle *') [-Wformat]
  465 |     INFO(NCCL_REG, "[%d] Segment %d, Type : %d, numSegments : %d, Segment size : %ld, memHandle : %lld", devr->lsaSelf,
      |                                                                                                   ~~~~
  466 |          segment, msg->type, numSegments, msg->segmentSize, msg->memHandle);
      |                                                             ^~~~~~~~~~~~~~
/work1/lmeadows/rccl-work/rccl-fakes/projects/rccl/build/release/hipify/src/include/debug.h:54:79: note: expanded from macro 'INFO'
   54 |       ncclDebugLog(NCCL_LOG_INFO, (unsigned long)(FLAGS), __func__, __LINE__, __VA_ARGS__); \
      |                                                                               ^~~~~~~~~~~
1 warning generated when compiling for gfx950.
In file included from /work1/lmeadows/rccl-work/rccl-fakes/projects/rccl/test/gin_teardown_test.cpp:13:
/work1/lmeadows/rccl-work/rccl-fakes/projects/rccl/build/release/hipify/src/dev_runtime.cc:466:61: warning: format specifies type 'long long' but the argument has type 'hipMemGenericAllocationHandle_t' (aka 'struct ihipMemGenericAllocationHandle *') [-Wformat]
  465 |     INFO(NCCL_REG, "[%d] Segment %d, Type : %d, numSegments : %d, Segment size : %ld, memHandle : %lld", devr->lsaSelf,
      |                                                                                                   ~~~~
  466 |          segment, msg->type, numSegments, msg->segmentSize, msg->memHandle);
      |                                                             ^~~~~~~~~~~~~~
/work1/lmeadows/rccl-work/rccl-fakes/projects/rccl/build/release/hipify/src/include/debug.h:54:79: note: expanded from macro 'INFO'
   54 |       ncclDebugLog(NCCL_LOG_INFO, (unsigned long)(FLAGS), __func__, __LINE__, __VA_ARGS__); \
      |                                                                               ^~~~~~~~~~~
1 warning generated when compiling for host.
[3935/4366] Linking CXX executable test/rccl-UnitTestsDevRuntime
[3936/4366] Building CXX object test/host/CMakeFiles/rccl-UnitTestsMicro.dir/rma-test.cc.o
[3937/4366] Building CXX object test/host/CMakeFiles/rccl-UnitTestsMicro.dir/rma-ce-test.cc.o
[3938/4366] Building CXX object test/host/CMakeFiles/rccl-UnitTestsMicro.dir/ras-test.cc.o
[3939/4366] Building RCCLDEV object src/CMakeFiles/rccl_device_gfx950.dir/__/hipify/gensrc/specialized/specialized_allreduce_tree_simple_minmax_f16_1_0_4.o
[3940/4366] Building CXX object test/host/CMakeFiles/rccl-UnitTestsMicro.dir/ras-client-test.cc.o
[3941/4366] DL compile: ce_reduce_i64_Prod (CE AllReduce reduce kernel)
[3942/4366] DL compile: ce_reduce_u64_Max (CE AllReduce reduce kernel)
[3943/4366] DL compile: ce_reduce_u64_Prod (CE AllReduce reduce kernel)
[3944/4366] DL compile: ce_reduce_f64_Prod (CE AllReduce reduce kernel)
[3945/4366] DL compile: ce_reduce_u64_Sum (CE AllReduce reduce kernel)
[3946/4366] DL compile: ce_reduce_u32_Prod (CE AllReduce reduce kernel)
[3947/4366] DL compile: ce_reduce_f64_Sum (CE AllReduce reduce kernel)
[3948/4366] DL compile: ce_reduce_u32_Min (CE AllReduce reduce kernel)
[3949/4366] DL compile: ce_reduce_f32_Prod (CE AllReduce reduce kernel)
[3950/4366] DL compile: ce_reduce_f32_Max (CE AllReduce reduce kernel)
[3951/4366] DL compile: ce_reduce_f64_Min (CE AllReduce reduce kernel)
[3952/4366] DL compile: ce_reduce_f32_Sum (CE AllReduce reduce kernel)
[3953/4366] DL compile: ce_reduce_i32_Sum (CE AllReduce reduce kernel)
[3954/4366] DL compile: ce_reduce_f32_Min (CE AllReduce reduce kernel)
[3955/4366] DL compile: ce_reduce_f64_Max (CE AllReduce reduce kernel)
[3956/4366] DL compile: ce_reduce_f16_Prod (CE AllReduce reduce kernel)
[3957/4366] DL compile: ce_reduce_i32_Max (CE AllReduce reduce kernel)
[3958/4366] DL compile: ce_reduce_i64_Min (CE AllReduce reduce kernel)
[3959/4366] DL compile: ce_reduce_i64_Max (CE AllReduce reduce kernel)
[3960/4366] DL compile: ce_reduce_u32_Sum (CE AllReduce reduce kernel)
[3961/4366] DL compile: ce_reduce_f16_Max (CE AllReduce reduce kernel)
[3962/4366] DL compile: ce_reduce_u64_Min (CE AllReduce reduce kernel)
[3963/4366] DL compile: ce_reduce_f16_Sum (CE AllReduce reduce kernel)
[3964/4366] DL compile: ce_reduce_bf16_Max (CE AllReduce reduce kernel)
[3965/4366] DL compile: ce_reduce_f16_Min (CE AllReduce reduce kernel)
[3966/4366] DL compile: ce_reduce_i64_Sum (CE AllReduce reduce kernel)
[3967/4366] DL compile: ce_reduce_u32_Max (CE AllReduce reduce kernel)
[3968/4366] DL compile: ce_reduce_i32_Prod (CE AllReduce reduce kernel)
[3969/4366] DL compile: ce_reduce_i32_Min (CE AllReduce reduce kernel)
[3970/4366] DL compile: ce_reduce_bf16_Min (CE AllReduce reduce kernel)
[3971/4366] DL compile: diagnostics/device/p2p.cu.cpp (has device kernels)
[3972/4366] DL compile: ce_reduce_u8_Prod (CE AllReduce reduce kernel)
[3973/4366] DL compile: ce_reduce_u8_Min (CE AllReduce reduce kernel)
[3974/4366] DL compile: ce_reduce_i8_Prod (CE AllReduce reduce kernel)
[3975/4366] DL compile: ce_reduce_u8_Max (CE AllReduce reduce kernel)
[3976/4366] DL compile: ce_reduce_bf16_Sum (CE AllReduce reduce kernel)
[3977/4366] DL compile: ce_reduce_bf16_Prod (CE AllReduce reduce kernel)
[3978/4366] Building CXX object test/host/CMakeFiles/rccl-UnitTestsMicroWarpSpeed.dir/scheduler-test.cc.o
[3979/4366] DL compile: sym all_reduce (multi-arch fat object)
[3980/4366] DL compile: sym reduce_scatter (multi-arch fat object)
[3981/4366] Linking CXX executable test/host/rccl-UnitTestsMicroWarpSpeed
[3982/4366] DL compile: sym all_gather (multi-arch fat object)
/work1/lmeadows/rccl-work/rccl-fakes/projects/rccl/build/release/hipify/gensrc/symmetric/all_gather.cpp:4:17: warning: loop not unrolled: the optimizer was unable to perform the requested transformation; the transformation might be disabled or specified as part of an unsupported transformation ordering [-Wpass-failed=transform-warning]
    4 | __global__ void ncclSymkDevKernel_AllGather_LL(ncclSymkDevWorkArgs4K NCCL_GRID_CONSTANT const args4K) {
      |                 ^
/work1/lmeadows/rccl-work/rccl-fakes/projects/rccl/build/release/hipify/gensrc/symmetric/all_gather.cpp:4:17: warning: loop not unrolled: the optimizer was unable to perform the requested transformation; the transformation might be disabled or specified as part of an unsupported transformation ordering [-Wpass-failed=transform-warning]
/work1/lmeadows/rccl-work/rccl-fakes/projects/rccl/build/release/hipify/gensrc/symmetric/all_gather.cpp:7:17: warning: loop not unrolled: the optimizer was unable to perform the requested transformation; the transformation might be disabled or specified as part of an unsupported transformation ordering [-Wpass-failed=transform-warning]
    7 | __global__ void ncclSymkDevKernel_AllGather_ST(ncclSymkDevWorkArgs4K NCCL_GRID_CONSTANT const args4K) {
      |                 ^
/work1/lmeadows/rccl-work/rccl-fakes/projects/rccl/build/release/hipify/gensrc/symmetric/all_gather.cpp:7:17: warning: loop not unrolled: the optimizer was unable to perform the requested transformation; the transformation might be disabled or specified as part of an unsupported transformation ordering [-Wpass-failed=transform-warning]
4 warnings generated when compiling for gfx950.
[3983/4366] DL compile: sym reduce_scatter_avg_f32 (multi-arch fat object)
/work1/lmeadows/rccl-work/rccl-fakes/projects/rccl/build/release/hipify/gensrc/symmetric/reduce_scatter_avg_f32.cpp:4:17: warning: loop not unrolled: the optimizer was unable to perform the requested transformation; the transformation might be disabled or specified as part of an unsupported transformation ordering [-Wpass-failed=transform-warning]
    4 | __global__ void ncclSymkDevKernel_ReduceScatter_LL_avg_f32(ncclSymkDevWorkArgs4K NCCL_GRID_CONSTANT const args4K) {
      |                 ^
/work1/lmeadows/rccl-work/rccl-fakes/projects/rccl/build/release/hipify/gensrc/symmetric/reduce_scatter_avg_f32.cpp:4:17: warning: loop not unrolled: the optimizer was unable to perform the requested transformation; the transformation might be disabled or specified as part of an unsupported transformation ordering [-Wpass-failed=transform-warning]
2 warnings generated when compiling for gfx950.
[3984/4366] DL compile: sym all_gather_profile (multi-arch fat object)
/work1/lmeadows/rccl-work/rccl-fakes/projects/rccl/build/release/hipify/gensrc/symmetric/all_gather_profile.cpp:4:17: warning: loop not unrolled: the optimizer was unable to perform the requested transformation; the transformation might be disabled or specified as part of an unsupported transformation ordering [-Wpass-failed=transform-warning]
    4 | __global__ void ncclSymkDevKernel_AllGather_LL_profile(ncclSymkDevWorkArgs4K NCCL_GRID_CONSTANT const args4K) {
      |                 ^
/work1/lmeadows/rccl-work/rccl-fakes/projects/rccl/build/release/hipify/gensrc/symmetric/all_gather_profile.cpp:4:17: warning: loop not unrolled: the optimizer was unable to perform the requested transformation; the transformation might be disabled or specified as part of an unsupported transformation ordering [-Wpass-failed=transform-warning]
/work1/lmeadows/rccl-work/rccl-fakes/projects/rccl/build/release/hipify/gensrc/symmetric/all_gather_profile.cpp:9:17: warning: loop not unrolled: the optimizer was unable to perform the requested transformation; the transformation might be disabled or specified as part of an unsupported transformation ordering [-Wpass-failed=transform-warning]
    9 | __global__ void ncclSymkDevKernel_AllGather_ST_profile(ncclSymkDevWorkArgs4K NCCL_GRID_CONSTANT const args4K) {
      |                 ^
/work1/lmeadows/rccl-work/rccl-fakes/projects/rccl/build/release/hipify/gensrc/symmetric/all_gather_profile.cpp:9:17: warning: loop not unrolled: the optimizer was unable to perform the requested transformation; the transformation might be disabled or specified as part of an unsupported transformation ordering [-Wpass-failed=transform-warning]
4 warnings generated when compiling for gfx950.
[3985/4366] DL compile: sym reduce_scatter_sum_f32 (multi-arch fat object)
/work1/lmeadows/rccl-work/rccl-fakes/projects/rccl/build/release/hipify/gensrc/symmetric/reduce_scatter_sum_f32.cpp:4:17: warning: loop not unrolled: the optimizer was unable to perform the requested transformation; the transformation might be disabled or specified as part of an unsupported transformation ordering [-Wpass-failed=transform-warning]
    4 | __global__ void ncclSymkDevKernel_ReduceScatter_LL_sum_f32(ncclSymkDevWorkArgs4K NCCL_GRID_CONSTANT const args4K) {
      |                 ^
/work1/lmeadows/rccl-work/rccl-fakes/projects/rccl/build/release/hipify/gensrc/symmetric/reduce_scatter_sum_f32.cpp:4:17: warning: loop not unrolled: the optimizer was unable to perform the requested transformation; the transformation might be disabled or specified as part of an unsupported transformation ordering [-Wpass-failed=transform-warning]
2 warnings generated when compiling for gfx950.
[3986/4366] DL compile: sym reduce_scatter_sum_f32_profile (multi-arch fat object)
/work1/lmeadows/rccl-work/rccl-fakes/projects/rccl/build/release/hipify/gensrc/symmetric/reduce_scatter_sum_f32_profile.cpp:4:17: warning: loop not unrolled: the optimizer was unable to perform the requested transformation; the transformation might be disabled or specified as part of an unsupported transformation ordering [-Wpass-failed=transform-warning]
    4 | __global__ void ncclSymkDevKernel_ReduceScatter_LL_sum_f32_profile(ncclSymkDevWorkArgs4K NCCL_GRID_CONSTANT const args4K) {
      |                 ^
/work1/lmeadows/rccl-work/rccl-fakes/projects/rccl/build/release/hipify/gensrc/symmetric/reduce_scatter_sum_f32_profile.cpp:4:17: warning: loop not unrolled: the optimizer was unable to perform the requested transformation; the transformation might be disabled or specified as part of an unsupported transformation ordering [-Wpass-failed=transform-warning]
2 warnings generated when compiling for gfx950.
[3987/4366] DL compile: sym reduce_scatter_avg_f32_profile (multi-arch fat object)
/work1/lmeadows/rccl-work/rccl-fakes/projects/rccl/build/release/hipify/gensrc/symmetric/reduce_scatter_avg_f32_profile.cpp:4:17: warning: loop not unrolled: the optimizer was unable to perform the requested transformation; the transformation might be disabled or specified as part of an unsupported transformation ordering [-Wpass-failed=transform-warning]
    4 | __global__ void ncclSymkDevKernel_ReduceScatter_LL_avg_f32_profile(ncclSymkDevWorkArgs4K NCCL_GRID_CONSTANT const args4K) {
      |                 ^
/work1/lmeadows/rccl-work/rccl-fakes/projects/rccl/build/release/hipify/gensrc/symmetric/reduce_scatter_avg_f32_profile.cpp:4:17: warning: loop not unrolled: the optimizer was unable to perform the requested transformation; the transformation might be disabled or specified as part of an unsupported transformation ordering [-Wpass-failed=transform-warning]
2 warnings generated when compiling for gfx950.
[3988/4366] DL [gfx950] link: device.elf
[gfx950] Aggregated 3064 resources: VGPR=512, AGPR=256, SGPR=108, scratch=1788
[3989/4366] DL compile: sym reduce_scatter_sum_f16 (multi-arch fat object)
/work1/lmeadows/rccl-work/rccl-fakes/projects/rccl/build/release/hipify/gensrc/symmetric/reduce_scatter_sum_f16.cpp:4:17: warning: loop not unrolled: the optimizer was unable to perform the requested transformation; the transformation might be disabled or specified as part of an unsupported transformation ordering [-Wpass-failed=transform-warning]
    4 | __global__ void ncclSymkDevKernel_ReduceScatter_LL_sum_f16(ncclSymkDevWorkArgs4K NCCL_GRID_CONSTANT const args4K) {
      |                 ^
/work1/lmeadows/rccl-work/rccl-fakes/projects/rccl/build/release/hipify/gensrc/symmetric/reduce_scatter_sum_f16.cpp:4:17: warning: loop not unrolled: the optimizer was unable to perform the requested transformation; the transformation might be disabled or specified as part of an unsupported transformation ordering [-Wpass-failed=transform-warning]
2 warnings generated when compiling for gfx950.
[3990/4366] DL compile: sym reduce_scatter_avg_f16 (multi-arch fat object)
/work1/lmeadows/rccl-work/rccl-fakes/projects/rccl/build/release/hipify/gensrc/symmetric/reduce_scatter_avg_f16.cpp:4:17: warning: loop not unrolled: the optimizer was unable to perform the requested transformation; the transformation might be disabled or specified as part of an unsupported transformation ordering [-Wpass-failed=transform-warning]
    4 | __global__ void ncclSymkDevKernel_ReduceScatter_LL_avg_f16(ncclSymkDevWorkArgs4K NCCL_GRID_CONSTANT const args4K) {
      |                 ^
/work1/lmeadows/rccl-work/rccl-fakes/projects/rccl/build/release/hipify/gensrc/symmetric/reduce_scatter_avg_f16.cpp:4:17: warning: loop not unrolled: the optimizer was unable to perform the requested transformation; the transformation might be disabled or specified as part of an unsupported transformation ordering [-Wpass-failed=transform-warning]
2 warnings generated when compiling for gfx950.
[3991/4366] DL compile: sym reduce_scatter_sum_bf16 (multi-arch fat object)
/work1/lmeadows/rccl-work/rccl-fakes/projects/rccl/build/release/hipify/gensrc/symmetric/reduce_scatter_sum_bf16.cpp:4:17: warning: loop not unrolled: the optimizer was unable to perform the requested transformation; the transformation might be disabled or specified as part of an unsupported transformation ordering [-Wpass-failed=transform-warning]
    4 | __global__ void ncclSymkDevKernel_ReduceScatter_LL_sum_bf16(ncclSymkDevWorkArgs4K NCCL_GRID_CONSTANT const args4K) {
      |                 ^
/work1/lmeadows/rccl-work/rccl-fakes/projects/rccl/build/release/hipify/gensrc/symmetric/reduce_scatter_sum_bf16.cpp:4:17: warning: loop not unrolled: the optimizer was unable to perform the requested transformation; the transformation might be disabled or specified as part of an unsupported transformation ordering [-Wpass-failed=transform-warning]
2 warnings generated when compiling for gfx950.
[3992/4366] DL compile: sym reduce_scatter_avg_f16_profile (multi-arch fat object)
/work1/lmeadows/rccl-work/rccl-fakes/projects/rccl/build/release/hipify/gensrc/symmetric/reduce_scatter_avg_f16_profile.cpp:4:17: warning: loop not unrolled: the optimizer was unable to perform the requested transformation; the transformation might be disabled or specified as part of an unsupported transformation ordering [-Wpass-failed=transform-warning]
    4 | __global__ void ncclSymkDevKernel_ReduceScatter_LL_avg_f16_profile(ncclSymkDevWorkArgs4K NCCL_GRID_CONSTANT const args4K) {
      |                 ^
/work1/lmeadows/rccl-work/rccl-fakes/projects/rccl/build/release/hipify/gensrc/symmetric/reduce_scatter_avg_f16_profile.cpp:4:17: warning: loop not unrolled: the optimizer was unable to perform the requested transformation; the transformation might be disabled or specified as part of an unsupported transformation ordering [-Wpass-failed=transform-warning]
2 warnings generated when compiling for gfx950.
[3993/4366] DL compile: sym reduce_scatter_sum_f16_profile (multi-arch fat object)
/work1/lmeadows/rccl-work/rccl-fakes/projects/rccl/build/release/hipify/gensrc/symmetric/reduce_scatter_sum_f16_profile.cpp:4:17: warning: loop not unrolled: the optimizer was unable to perform the requested transformation; the transformation might be disabled or specified as part of an unsupported transformation ordering [-Wpass-failed=transform-warning]
    4 | __global__ void ncclSymkDevKernel_ReduceScatter_LL_sum_f16_profile(ncclSymkDevWorkArgs4K NCCL_GRID_CONSTANT const args4K) {
      |                 ^
/work1/lmeadows/rccl-work/rccl-fakes/projects/rccl/build/release/hipify/gensrc/symmetric/reduce_scatter_sum_f16_profile.cpp:4:17: warning: loop not unrolled: the optimizer was unable to perform the requested transformation; the transformation might be disabled or specified as part of an unsupported transformation ordering [-Wpass-failed=transform-warning]
2 warnings generated when compiling for gfx950.
[3994/4366] DL compile: sym reduce_scatter_avg_bf16 (multi-arch fat object)
/work1/lmeadows/rccl-work/rccl-fakes/projects/rccl/build/release/hipify/gensrc/symmetric/reduce_scatter_avg_bf16.cpp:4:17: warning: loop not unrolled: the optimizer was unable to perform the requested transformation; the transformation might be disabled or specified as part of an unsupported transformation ordering [-Wpass-failed=transform-warning]
    4 | __global__ void ncclSymkDevKernel_ReduceScatter_LL_avg_bf16(ncclSymkDevWorkArgs4K NCCL_GRID_CONSTANT const args4K) {
      |                 ^
/work1/lmeadows/rccl-work/rccl-fakes/projects/rccl/build/release/hipify/gensrc/symmetric/reduce_scatter_avg_bf16.cpp:4:17: warning: loop not unrolled: the optimizer was unable to perform the requested transformation; the transformation might be disabled or specified as part of an unsupported transformation ordering [-Wpass-failed=transform-warning]
2 warnings generated when compiling for gfx950.
[3995/4366] DL compile: sym reduce_scatter_avg_bf16_profile (multi-arch fat object)
/work1/lmeadows/rccl-work/rccl-fakes/projects/rccl/build/release/hipify/gensrc/symmetric/reduce_scatter_avg_bf16_profile.cpp:4:17: warning: loop not unrolled: the optimizer was unable to perform the requested transformation; the transformation might be disabled or specified as part of an unsupported transformation ordering [-Wpass-failed=transform-warning]
    4 | __global__ void ncclSymkDevKernel_ReduceScatter_LL_avg_bf16_profile(ncclSymkDevWorkArgs4K NCCL_GRID_CONSTANT const args4K) {
      |                 ^
/work1/lmeadows/rccl-work/rccl-fakes/projects/rccl/build/release/hipify/gensrc/symmetric/reduce_scatter_avg_bf16_profile.cpp:4:17: warning: loop not unrolled: the optimizer was unable to perform the requested transformation; the transformation might be disabled or specified as part of an unsupported transformation ordering [-Wpass-failed=transform-warning]
2 warnings generated when compiling for gfx950.
[3996/4366] DL compile: ce_reduce_i8_Sum (CE AllReduce reduce kernel)
[3997/4366] DL compile: sym all_reduce_sum_f32 (multi-arch fat object)
/work1/lmeadows/rccl-work/rccl-fakes/projects/rccl/build/release/hipify/gensrc/symmetric/all_reduce_sum_f32.cpp:4:17: warning: loop not unrolled: the optimizer was unable to perform the requested transformation; the transformation might be disabled or specified as part of an unsupported transformation ordering [-Wpass-failed=transform-warning]
    4 | __global__ void ncclSymkDevKernel_AllReduce_AGxLL_R_sum_f32(ncclSymkDevWorkArgs4K NCCL_GRID_CONSTANT const args4K) {
      |                 ^
/work1/lmeadows/rccl-work/rccl-fakes/projects/rccl/build/release/hipify/gensrc/symmetric/all_reduce_sum_f32.cpp:4:17: warning: loop not unrolled: the optimizer was unable to perform the requested transformation; the transformation might be disabled or specified as part of an unsupported transformation ordering [-Wpass-failed=transform-warning]
2 warnings generated when compiling for gfx950.
[3998/4366] DL compile: sym reduce_scatter_sum_bf16_profile (multi-arch fat object)
/work1/lmeadows/rccl-work/rccl-fakes/projects/rccl/build/release/hipify/gensrc/symmetric/reduce_scatter_sum_bf16_profile.cpp:4:17: warning: loop not unrolled: the optimizer was unable to perform the requested transformation; the transformation might be disabled or specified as part of an unsupported transformation ordering [-Wpass-failed=transform-warning]
    4 | __global__ void ncclSymkDevKernel_ReduceScatter_LL_sum_bf16_profile(ncclSymkDevWorkArgs4K NCCL_GRID_CONSTANT const args4K) {
      |                 ^
/work1/lmeadows/rccl-work/rccl-fakes/projects/rccl/build/release/hipify/gensrc/symmetric/reduce_scatter_sum_bf16_profile.cpp:4:17: warning: loop not unrolled: the optimizer was unable to perform the requested transformation; the transformation might be disabled or specified as part of an unsupported transformation ordering [-Wpass-failed=transform-warning]
2 warnings generated when compiling for gfx950.
[3999/4366] DL compile: ce_reduce_u8_Sum (CE AllReduce reduce kernel)
[4000/4366] DL compile: sym all_reduce_sum_f32_profile (multi-arch fat object)
/work1/lmeadows/rccl-work/rccl-fakes/projects/rccl/build/release/hipify/gensrc/symmetric/all_reduce_sum_f32_profile.cpp:4:17: warning: loop not unrolled: the optimizer was unable to perform the requested transformation; the transformation might be disabled or specified as part of an unsupported transformation ordering [-Wpass-failed=transform-warning]
    4 | __global__ void ncclSymkDevKernel_AllReduce_AGxLL_R_sum_f32_profile(ncclSymkDevWorkArgs4K NCCL_GRID_CONSTANT const args4K) {
      |                 ^
/work1/lmeadows/rccl-work/rccl-fakes/projects/rccl/build/release/hipify/gensrc/symmetric/all_reduce_sum_f32_profile.cpp:4:17: warning: loop not unrolled: the optimizer was unable to perform the requested transformation; the transformation might be disabled or specified as part of an unsupported transformation ordering [-Wpass-failed=transform-warning]
2 warnings generated when compiling for gfx950.
[4001/4366] DL compile: ce_reduce_i8_Max (CE AllReduce reduce kernel)
[4002/4366] DL compile: ce_reduce_i8_Min (CE AllReduce reduce kernel)
[4003/4366] DL compile: sym all_reduce_sum_f16 (multi-arch fat object)
/work1/lmeadows/rccl-work/rccl-fakes/projects/rccl/build/release/hipify/gensrc/symmetric/all_reduce_sum_f16.cpp:4:17: warning: loop not unrolled: the optimizer was unable to perform the requested transformation; the transformation might be disabled or specified as part of an unsupported transformation ordering [-Wpass-failed=transform-warning]
    4 | __global__ void ncclSymkDevKernel_AllReduce_AGxLL_R_sum_f16(ncclSymkDevWorkArgs4K NCCL_GRID_CONSTANT const args4K) {
      |                 ^
/work1/lmeadows/rccl-work/rccl-fakes/projects/rccl/build/release/hipify/gensrc/symmetric/all_reduce_sum_f16.cpp:4:17: warning: loop not unrolled: the optimizer was unable to perform the requested transformation; the transformation might be disabled or specified as part of an unsupported transformation ordering [-Wpass-failed=transform-warning]
2 warnings generated when compiling for gfx950.
[4004/4366] DL compile: sym all_reduce_sum_f16_profile (multi-arch fat object)
/work1/lmeadows/rccl-work/rccl-fakes/projects/rccl/build/release/hipify/gensrc/symmetric/all_reduce_sum_f16_profile.cpp:4:17: warning: loop not unrolled: the optimizer was unable to perform the requested transformation; the transformation might be disabled or specified as part of an unsupported transformation ordering [-Wpass-failed=transform-warning]
    4 | __global__ void ncclSymkDevKernel_AllReduce_AGxLL_R_sum_f16_profile(ncclSymkDevWorkArgs4K NCCL_GRID_CONSTANT const args4K) {
      |                 ^
/work1/lmeadows/rccl-work/rccl-fakes/projects/rccl/build/release/hipify/gensrc/symmetric/all_reduce_sum_f16_profile.cpp:4:17: warning: loop not unrolled: the optimizer was unable to perform the requested transformation; the transformation might be disabled or specified as part of an unsupported transformation ordering [-Wpass-failed=transform-warning]
2 warnings generated when compiling for gfx950.
[4005/4366] DL compile: sym all_reduce_sum_bf16 (multi-arch fat object)
/work1/lmeadows/rccl-work/rccl-fakes/projects/rccl/build/release/hipify/gensrc/symmetric/all_reduce_sum_bf16.cpp:4:17: warning: loop not unrolled: the optimizer was unable to perform the requested transformation; the transformation might be disabled or specified as part of an unsupported transformation ordering [-Wpass-failed=transform-warning]
    4 | __global__ void ncclSymkDevKernel_AllReduce_AGxLL_R_sum_bf16(ncclSymkDevWorkArgs4K NCCL_GRID_CONSTANT const args4K) {
      |                 ^
/work1/lmeadows/rccl-work/rccl-fakes/projects/rccl/build/release/hipify/gensrc/symmetric/all_reduce_sum_bf16.cpp:4:17: warning: loop not unrolled: the optimizer was unable to perform the requested transformation; the transformation might be disabled or specified as part of an unsupported transformation ordering [-Wpass-failed=transform-warning]
2 warnings generated when compiling for gfx950.
[4006/4366] DL compile: sym all_reduce_sum_bf16_profile (multi-arch fat object)
/work1/lmeadows/rccl-work/rccl-fakes/projects/rccl/build/release/hipify/gensrc/symmetric/all_reduce_sum_bf16_profile.cpp:4:17: warning: loop not unrolled: the optimizer was unable to perform the requested transformation; the transformation might be disabled or specified as part of an unsupported transformation ordering [-Wpass-failed=transform-warning]
    4 | __global__ void ncclSymkDevKernel_AllReduce_AGxLL_R_sum_bf16_profile(ncclSymkDevWorkArgs4K NCCL_GRID_CONSTANT const args4K) {
      |                 ^
/work1/lmeadows/rccl-work/rccl-fakes/projects/rccl/build/release/hipify/gensrc/symmetric/all_reduce_sum_bf16_profile.cpp:4:17: warning: loop not unrolled: the optimizer was unable to perform the requested transformation; the transformation might be disabled or specified as part of an unsupported transformation ordering [-Wpass-failed=transform-warning]
2 warnings generated when compiling for gfx950.
[4007/4366] DL compile: sym reduce_scatter_sum_f8e4m3 (multi-arch fat object)
/work1/lmeadows/rccl-work/rccl-fakes/projects/rccl/build/release/hipify/gensrc/symmetric/reduce_scatter_sum_f8e4m3.cpp:4:17: warning: loop not unrolled: the optimizer was unable to perform the requested transformation; the transformation might be disabled or specified as part of an unsupported transformation ordering [-Wpass-failed=transform-warning]
    4 | __global__ void ncclSymkDevKernel_ReduceScatter_LL_sum_f8e4m3(ncclSymkDevWorkArgs4K NCCL_GRID_CONSTANT const args4K) {
      |                 ^
/work1/lmeadows/rccl-work/rccl-fakes/projects/rccl/build/release/hipify/gensrc/symmetric/reduce_scatter_sum_f8e4m3.cpp:4:17: warning: loop not unrolled: the optimizer was unable to perform the requested transformation; the transformation might be disabled or specified as part of an unsupported transformation ordering [-Wpass-failed=transform-warning]
2 warnings generated when compiling for gfx950.
[4008/4366] DL compile: sym reduce_scatter_sum_f8e5m2_profile (multi-arch fat object)
/work1/lmeadows/rccl-work/rccl-fakes/projects/rccl/build/release/hipify/gensrc/symmetric/reduce_scatter_sum_f8e5m2_profile.cpp:4:17: warning: loop not unrolled: the optimizer was unable to perform the requested transformation; the transformation might be disabled or specified as part of an unsupported transformation ordering [-Wpass-failed=transform-warning]
    4 | __global__ void ncclSymkDevKernel_ReduceScatter_LL_sum_f8e5m2_profile(ncclSymkDevWorkArgs4K NCCL_GRID_CONSTANT const args4K) {
      |                 ^
/work1/lmeadows/rccl-work/rccl-fakes/projects/rccl/build/release/hipify/gensrc/symmetric/reduce_scatter_sum_f8e5m2_profile.cpp:4:17: warning: loop not unrolled: the optimizer was unable to perform the requested transformation; the transformation might be disabled or specified as part of an unsupported transformation ordering [-Wpass-failed=transform-warning]
2 warnings generated when compiling for gfx950.
[4009/4366] DL compile: sym reduce_scatter_avg_f8e4m3 (multi-arch fat object)
/work1/lmeadows/rccl-work/rccl-fakes/projects/rccl/build/release/hipify/gensrc/symmetric/reduce_scatter_avg_f8e4m3.cpp:4:17: warning: loop not unrolled: the optimizer was unable to perform the requested transformation; the transformation might be disabled or specified as part of an unsupported transformation ordering [-Wpass-failed=transform-warning]
    4 | __global__ void ncclSymkDevKernel_ReduceScatter_LL_avg_f8e4m3(ncclSymkDevWorkArgs4K NCCL_GRID_CONSTANT const args4K) {
      |                 ^
/work1/lmeadows/rccl-work/rccl-fakes/projects/rccl/build/release/hipify/gensrc/symmetric/reduce_scatter_avg_f8e4m3.cpp:4:17: warning: loop not unrolled: the optimizer was unable to perform the requested transformation; the transformation might be disabled or specified as part of an unsupported transformation ordering [-Wpass-failed=transform-warning]
2 warnings generated when compiling for gfx950.
[4010/4366] DL compile: sym reduce_scatter_avg_f8e4m3_profile (multi-arch fat object)
/work1/lmeadows/rccl-work/rccl-fakes/projects/rccl/build/release/hipify/gensrc/symmetric/reduce_scatter_avg_f8e4m3_profile.cpp:4:17: warning: loop not unrolled: the optimizer was unable to perform the requested transformation; the transformation might be disabled or specified as part of an unsupported transformation ordering [-Wpass-failed=transform-warning]
    4 | __global__ void ncclSymkDevKernel_ReduceScatter_LL_avg_f8e4m3_profile(ncclSymkDevWorkArgs4K NCCL_GRID_CONSTANT const args4K) {
      |                 ^
/work1/lmeadows/rccl-work/rccl-fakes/projects/rccl/build/release/hipify/gensrc/symmetric/reduce_scatter_avg_f8e4m3_profile.cpp:4:17: warning: loop not unrolled: the optimizer was unable to perform the requested transformation; the transformation might be disabled or specified as part of an unsupported transformation ordering [-Wpass-failed=transform-warning]
2 warnings generated when compiling for gfx950.
[4011/4366] DL compile: sym reduce_scatter_sum_f8e5m2 (multi-arch fat object)
/work1/lmeadows/rccl-work/rccl-fakes/projects/rccl/build/release/hipify/gensrc/symmetric/reduce_scatter_sum_f8e5m2.cpp:4:17: warning: loop not unrolled: the optimizer was unable to perform the requested transformation; the transformation might be disabled or specified as part of an unsupported transformation ordering [-Wpass-failed=transform-warning]
    4 | __global__ void ncclSymkDevKernel_ReduceScatter_LL_sum_f8e5m2(ncclSymkDevWorkArgs4K NCCL_GRID_CONSTANT const args4K) {
      |                 ^
/work1/lmeadows/rccl-work/rccl-fakes/projects/rccl/build/release/hipify/gensrc/symmetric/reduce_scatter_sum_f8e5m2.cpp:4:17: warning: loop not unrolled: the optimizer was unable to perform the requested transformation; the transformation might be disabled or specified as part of an unsupported transformation ordering [-Wpass-failed=transform-warning]
2 warnings generated when compiling for gfx950.
[4012/4366] DL compile: sym reduce_scatter_avg_f8e5m2 (multi-arch fat object)
/work1/lmeadows/rccl-work/rccl-fakes/projects/rccl/build/release/hipify/gensrc/symmetric/reduce_scatter_avg_f8e5m2.cpp:4:17: warning: loop not unrolled: the optimizer was unable to perform the requested transformation; the transformation might be disabled or specified as part of an unsupported transformation ordering [-Wpass-failed=transform-warning]
    4 | __global__ void ncclSymkDevKernel_ReduceScatter_LL_avg_f8e5m2(ncclSymkDevWorkArgs4K NCCL_GRID_CONSTANT const args4K) {
      |                 ^
/work1/lmeadows/rccl-work/rccl-fakes/projects/rccl/build/release/hipify/gensrc/symmetric/reduce_scatter_avg_f8e5m2.cpp:4:17: warning: loop not unrolled: the optimizer was unable to perform the requested transformation; the transformation might be disabled or specified as part of an unsupported transformation ordering [-Wpass-failed=transform-warning]
2 warnings generated when compiling for gfx950.
[4013/4366] DL compile: sym reduce_scatter_sum_f8e4m3_profile (multi-arch fat object)
/work1/lmeadows/rccl-work/rccl-fakes/projects/rccl/build/release/hipify/gensrc/symmetric/reduce_scatter_sum_f8e4m3_profile.cpp:4:17: warning: loop not unrolled: the optimizer was unable to perform the requested transformation; the transformation might be disabled or specified as part of an unsupported transformation ordering [-Wpass-failed=transform-warning]
    4 | __global__ void ncclSymkDevKernel_ReduceScatter_LL_sum_f8e4m3_profile(ncclSymkDevWorkArgs4K NCCL_GRID_CONSTANT const args4K) {
      |                 ^
/work1/lmeadows/rccl-work/rccl-fakes/projects/rccl/build/release/hipify/gensrc/symmetric/reduce_scatter_sum_f8e4m3_profile.cpp:4:17: warning: loop not unrolled: the optimizer was unable to perform the requested transformation; the transformation might be disabled or specified as part of an unsupported transformation ordering [-Wpass-failed=transform-warning]
2 warnings generated when compiling for gfx950.
[4014/4366] DL compile: sym reduce_scatter_avg_f8e5m2_profile (multi-arch fat object)
/work1/lmeadows/rccl-work/rccl-fakes/projects/rccl/build/release/hipify/gensrc/symmetric/reduce_scatter_avg_f8e5m2_profile.cpp:4:17: warning: loop not unrolled: the optimizer was unable to perform the requested transformation; the transformation might be disabled or specified as part of an unsupported transformation ordering [-Wpass-failed=transform-warning]
    4 | __global__ void ncclSymkDevKernel_ReduceScatter_LL_avg_f8e5m2_profile(ncclSymkDevWorkArgs4K NCCL_GRID_CONSTANT const args4K) {
      |                 ^
/work1/lmeadows/rccl-work/rccl-fakes/projects/rccl/build/release/hipify/gensrc/symmetric/reduce_scatter_avg_f8e5m2_profile.cpp:4:17: warning: loop not unrolled: the optimizer was unable to perform the requested transformation; the transformation might be disabled or specified as part of an unsupported transformation ordering [-Wpass-failed=transform-warning]
2 warnings generated when compiling for gfx950.
[4015/4366] DL compile: sym all_reduce_sum_f8e5m2 (multi-arch fat object)
/work1/lmeadows/rccl-work/rccl-fakes/projects/rccl/build/release/hipify/gensrc/symmetric/all_reduce_sum_f8e5m2.cpp:4:17: warning: loop not unrolled: the optimizer was unable to perform the requested transformation; the transformation might be disabled or specified as part of an unsupported transformation ordering [-Wpass-failed=transform-warning]
    4 | __global__ void ncclSymkDevKernel_AllReduce_AGxLL_R_sum_f8e5m2(ncclSymkDevWorkArgs4K NCCL_GRID_CONSTANT const args4K) {
      |                 ^
/work1/lmeadows/rccl-work/rccl-fakes/projects/rccl/build/release/hipify/gensrc/symmetric/all_reduce_sum_f8e5m2.cpp:4:17: warning: loop not unrolled: the optimizer was unable to perform the requested transformation; the transformation might be disabled or specified as part of an unsupported transformation ordering [-Wpass-failed=transform-warning]
2 warnings generated when compiling for gfx950.
[4016/4366] DL compile: sym all_reduce_sum_f8e4m3 (multi-arch fat object)
/work1/lmeadows/rccl-work/rccl-fakes/projects/rccl/build/release/hipify/gensrc/symmetric/all_reduce_sum_f8e4m3.cpp:4:17: warning: loop not unrolled: the optimizer was unable to perform the requested transformation; the transformation might be disabled or specified as part of an unsupported transformation ordering [-Wpass-failed=transform-warning]
    4 | __global__ void ncclSymkDevKernel_AllReduce_AGxLL_R_sum_f8e4m3(ncclSymkDevWorkArgs4K NCCL_GRID_CONSTANT const args4K) {
      |                 ^
/work1/lmeadows/rccl-work/rccl-fakes/projects/rccl/build/release/hipify/gensrc/symmetric/all_reduce_sum_f8e4m3.cpp:4:17: warning: loop not unrolled: the optimizer was unable to perform the requested transformation; the transformation might be disabled or specified as part of an unsupported transformation ordering [-Wpass-failed=transform-warning]
2 warnings generated when compiling for gfx950.
[4017/4366] DL compile: sym all_reduce_sum_f8e4m3_profile (multi-arch fat object)
/work1/lmeadows/rccl-work/rccl-fakes/projects/rccl/build/release/hipify/gensrc/symmetric/all_reduce_sum_f8e4m3_profile.cpp:4:17: warning: loop not unrolled: the optimizer was unable to perform the requested transformation; the transformation might be disabled or specified as part of an unsupported transformation ordering [-Wpass-failed=transform-warning]
    4 | __global__ void ncclSymkDevKernel_AllReduce_AGxLL_R_sum_f8e4m3_profile(ncclSymkDevWorkArgs4K NCCL_GRID_CONSTANT const args4K) {
      |                 ^
/work1/lmeadows/rccl-work/rccl-fakes/projects/rccl/build/release/hipify/gensrc/symmetric/all_reduce_sum_f8e4m3_profile.cpp:4:17: warning: loop not unrolled: the optimizer was unable to perform the requested transformation; the transformation might be disabled or specified as part of an unsupported transformation ordering [-Wpass-failed=transform-warning]
2 warnings generated when compiling for gfx950.
[4018/4366] DL compile: sym all_reduce_sum_f8e5m2_profile (multi-arch fat object)
/work1/lmeadows/rccl-work/rccl-fakes/projects/rccl/build/release/hipify/gensrc/symmetric/all_reduce_sum_f8e5m2_profile.cpp:4:17: warning: loop not unrolled: the optimizer was unable to perform the requested transformation; the transformation might be disabled or specified as part of an unsupported transformation ordering [-Wpass-failed=transform-warning]
    4 | __global__ void ncclSymkDevKernel_AllReduce_AGxLL_R_sum_f8e5m2_profile(ncclSymkDevWorkArgs4K NCCL_GRID_CONSTANT const args4K) {
      |                 ^
/work1/lmeadows/rccl-work/rccl-fakes/projects/rccl/build/release/hipify/gensrc/symmetric/all_reduce_sum_f8e5m2_profile.cpp:4:17: warning: loop not unrolled: the optimizer was unable to perform the requested transformation; the transformation might be disabled or specified as part of an unsupported transformation ordering [-Wpass-failed=transform-warning]
2 warnings generated when compiling for gfx950.
[4019/4366] DL compile: dda_alltoall_fabric.cu.cpp (has device kernels)
[4020/4366] DL compile: dda_all_gather_ipc.cu.cpp (has device kernels)
[4021/4366] DL compile: dda_alltoall_ipc.cu.cpp (has device kernels)
[4022/4366] DL compile: dda_all_gather_fabric_ll.cu.cpp (has device kernels)
[4023/4366] DL compile: dda_reduce_scatter_ipc.cu.cpp (has device kernels)
[4024/4366] DL compile: dda_all_gather_fabric.cu.cpp (has device kernels)
[4025/4366] DL compile: dda_alltoall_fabric_ll.cu.cpp (has device kernels)
[4026/4366] DL compile: dda_alltoall_fabric_ll128.cu.cpp (has device kernels)
[4027/4366] DL compile: dda_all_reduce_ipc.cu.cpp (has device kernels)
[4028/4366] DL compile: dda_all_gather_fabric_ll128.cu.cpp (has device kernels)
[4029/4366] DL compile: dda_reduce_scatter_fabric_ll.cu.cpp (has device kernels)
[4030/4366] Building CXX object test/host/CMakeFiles/rccl-UnitTestsMicroEnqueue.dir/enqueue-test.cc.o
In file included from /work1/lmeadows/rccl-work/rccl-fakes/projects/rccl/test/host/enqueue-test.cc:85:
/work1/lmeadows/rccl-work/rccl-fakes/projects/rccl/build/release/hipify/src/enqueue/enqueue.cc:152:13: warning: logical not is only applied to the left hand side of this comparison [-Wlogical-not-parentheses]
  152 |         if (!CUDASUCCESS(hipFuncGetAttributes(&attr,reinterpret_cast<const void*>(fn)))) continue; // Silently ignore failures
      |             ^~~~~~~~~~~~~~~~~~~~~~~~~~~~~~~~~~~~~~~~~~~~~~~~~~~~~~~~~~~~~~~~~~~~~~~~~~~
/work1/lmeadows/rccl-work/rccl-fakes/projects/rccl/build/release/hipify/src/enqueue/enqueue.cc:152:13: note: add parentheses after the '!' to evaluate the comparison first
  152 |         if (!CUDASUCCESS(hipFuncGetAttributes(&attr,reinterpret_cast<const void*>(fn)))) continue; // Silently ignore failures
      |             ^                                                                          
      |              (                                                                         )
/work1/lmeadows/rccl-work/rccl-fakes/projects/rccl/build/release/hipify/src/enqueue/enqueue.cc:152:13: note: add parentheses around left hand side expression to silence this warning
1 warning generated when compiling for host.
[4031/4366] DL compile: dda_reduce_scatter_fabric.cu.cpp (has device kernels)
[4032/4366] DL compile: dda_all_reduce_fabric_ll128.cu.cpp (has device kernels)
[4033/4366] Linking CXX executable test/host/rccl-UnitTestsMicroEnqueue
[4034/4366] DL compile: dda_reduce_scatter_fabric_ll128.cu.cpp (has device kernels)
[4035/4366] DL compile: collectives.cc (has __global__ kernel, header-tracking via DEPFILE)
[4036/4366] DL compile: dda_all_reduce_fabric.cu.cpp (has device kernels)
[4037/4366] DL bundle: device.elf(s) -> device.hipfb [gfx950]
[4038/4366] DL compile: sym reduce_scatter_gin_sum_f32 (multi-arch fat object)
In file included from /work1/lmeadows/rccl-work/rccl-fakes/projects/rccl/build/release/hipify/gensrc/symmetric/reduce_scatter_gin_sum_f32.cpp:3:
In file included from /work1/lmeadows/rccl-work/rccl-fakes/projects/rccl/build/release/hipify/src/device/symmetric/reduce_scatter_gin.h:6:
/work1/lmeadows/rccl-work/rccl-fakes/projects/rccl/build/release/hipify/src/device/symmetric/data_ops.h:256:5: warning: argument to '#pragma unroll' should not be in parentheses in CUDA C/C++ [-Wcuda-compat]
  256 |     NVCC_PRAGMA_UNROLL((UnrollSrcs - 1 ? UnrollSrcs - 1 : 1))
      |     ^
/work1/lmeadows/rccl-work/rccl-fakes/projects/rccl/build/release/hipify/src/include/nccl_device/utility.h:51:40: note: expanded from macro 'NVCC_PRAGMA_UNROLL'
   51 | #define NVCC_PRAGMA_UNROLL(trip_count) DO_PRAGMA(unroll trip_count)
      |                                        ^
/work1/lmeadows/rccl-work/rccl-fakes/projects/rccl/build/release/hipify/src/include/nccl_device/utility.h:50:22: note: expanded from macro 'DO_PRAGMA'
   50 | #define DO_PRAGMA(x) _Pragma(#x)
      |                      ^
<scratch space>:126:10: note: expanded from here
  126 |  unroll (UnrollSrcs - 1 ? UnrollSrcs - 1 : 1)
      |          ^
In file included from /work1/lmeadows/rccl-work/rccl-fakes/projects/rccl/build/release/hipify/gensrc/symmetric/reduce_scatter_gin_sum_f32.cpp:3:
In file included from /work1/lmeadows/rccl-work/rccl-fakes/projects/rccl/build/release/hipify/src/device/symmetric/reduce_scatter_gin.h:6:
/work1/lmeadows/rccl-work/rccl-fakes/projects/rccl/build/release/hipify/src/device/symmetric/data_ops.h:268:5: warning: argument to '#pragma unroll' should not be in parentheses in CUDA C/C++ [-Wcuda-compat]
  268 |     NVCC_PRAGMA_UNROLL((UnrollSrcs - 1 ? UnrollSrcs - 1 : 1))
      |     ^
/work1/lmeadows/rccl-work/rccl-fakes/projects/rccl/build/release/hipify/src/include/nccl_device/utility.h:51:40: note: expanded from macro 'NVCC_PRAGMA_UNROLL'
   51 | #define NVCC_PRAGMA_UNROLL(trip_count) DO_PRAGMA(unroll trip_count)
      |                                        ^
/work1/lmeadows/rccl-work/rccl-fakes/projects/rccl/build/release/hipify/src/include/nccl_device/utility.h:50:22: note: expanded from macro 'DO_PRAGMA'
   50 | #define DO_PRAGMA(x) _Pragma(#x)
      |                      ^
<scratch space>:132:10: note: expanded from here
  132 |  unroll (UnrollSrcs - 1 ? UnrollSrcs - 1 : 1)
      |          ^
2 warnings generated when compiling for gfx950.
In file included from /work1/lmeadows/rccl-work/rccl-fakes/projects/rccl/build/release/hipify/gensrc/symmetric/reduce_scatter_gin_sum_f32.cpp:3:
In file included from /work1/lmeadows/rccl-work/rccl-fakes/projects/rccl/build/release/hipify/src/device/symmetric/reduce_scatter_gin.h:6:
/work1/lmeadows/rccl-work/rccl-fakes/projects/rccl/build/release/hipify/src/device/symmetric/data_ops.h:256:5: warning: argument to '#pragma unroll' should not be in parentheses in CUDA C/C++ [-Wcuda-compat]
  256 |     NVCC_PRAGMA_UNROLL((UnrollSrcs - 1 ? UnrollSrcs - 1 : 1))
      |     ^
/work1/lmeadows/rccl-work/rccl-fakes/projects/rccl/build/release/hipify/src/include/nccl_device/utility.h:51:40: note: expanded from macro 'NVCC_PRAGMA_UNROLL'
   51 | #define NVCC_PRAGMA_UNROLL(trip_count) DO_PRAGMA(unroll trip_count)
      |                                        ^
/work1/lmeadows/rccl-work/rccl-fakes/projects/rccl/build/release/hipify/src/include/nccl_device/utility.h:50:22: note: expanded from macro 'DO_PRAGMA'
   50 | #define DO_PRAGMA(x) _Pragma(#x)
      |                      ^
<scratch space>:126:10: note: expanded from here
  126 |  unroll (UnrollSrcs - 1 ? UnrollSrcs - 1 : 1)
      |          ^
In file included from /work1/lmeadows/rccl-work/rccl-fakes/projects/rccl/build/release/hipify/gensrc/symmetric/reduce_scatter_gin_sum_f32.cpp:3:
In file included from /work1/lmeadows/rccl-work/rccl-fakes/projects/rccl/build/release/hipify/src/device/symmetric/reduce_scatter_gin.h:6:
/work1/lmeadows/rccl-work/rccl-fakes/projects/rccl/build/release/hipify/src/device/symmetric/data_ops.h:268:5: warning: argument to '#pragma unroll' should not be in parentheses in CUDA C/C++ [-Wcuda-compat]
  268 |     NVCC_PRAGMA_UNROLL((UnrollSrcs - 1 ? UnrollSrcs - 1 : 1))
      |     ^
/work1/lmeadows/rccl-work/rccl-fakes/projects/rccl/build/release/hipify/src/include/nccl_device/utility.h:51:40: note: expanded from macro 'NVCC_PRAGMA_UNROLL'
   51 | #define NVCC_PRAGMA_UNROLL(trip_count) DO_PRAGMA(unroll trip_count)
      |                                        ^
/work1/lmeadows/rccl-work/rccl-fakes/projects/rccl/build/release/hipify/src/include/nccl_device/utility.h:50:22: note: expanded from macro 'DO_PRAGMA'
   50 | #define DO_PRAGMA(x) _Pragma(#x)
      |                      ^
<scratch space>:132:10: note: expanded from here
  132 |  unroll (UnrollSrcs - 1 ? UnrollSrcs - 1 : 1)
      |          ^
2 warnings generated when compiling for host.
[4039/4366] DL compile: sym reduce_scatter_gin_avg_f32_profile (multi-arch fat object)
In file included from /work1/lmeadows/rccl-work/rccl-fakes/projects/rccl/build/release/hipify/gensrc/symmetric/reduce_scatter_gin_avg_f32_profile.cpp:3:
In file included from /work1/lmeadows/rccl-work/rccl-fakes/projects/rccl/build/release/hipify/src/device/symmetric/reduce_scatter_gin.h:6:
/work1/lmeadows/rccl-work/rccl-fakes/projects/rccl/build/release/hipify/src/device/symmetric/data_ops.h:256:5: warning: argument to '#pragma unroll' should not be in parentheses in CUDA C/C++ [-Wcuda-compat]
  256 |     NVCC_PRAGMA_UNROLL((UnrollSrcs - 1 ? UnrollSrcs - 1 : 1))
      |     ^
/work1/lmeadows/rccl-work/rccl-fakes/projects/rccl/build/release/hipify/src/include/nccl_device/utility.h:51:40: note: expanded from macro 'NVCC_PRAGMA_UNROLL'
   51 | #define NVCC_PRAGMA_UNROLL(trip_count) DO_PRAGMA(unroll trip_count)
      |                                        ^
/work1/lmeadows/rccl-work/rccl-fakes/projects/rccl/build/release/hipify/src/include/nccl_device/utility.h:50:22: note: expanded from macro 'DO_PRAGMA'
   50 | #define DO_PRAGMA(x) _Pragma(#x)
      |                      ^
<scratch space>:126:10: note: expanded from here
  126 |  unroll (UnrollSrcs - 1 ? UnrollSrcs - 1 : 1)
      |          ^
In file included from /work1/lmeadows/rccl-work/rccl-fakes/projects/rccl/build/release/hipify/gensrc/symmetric/reduce_scatter_gin_avg_f32_profile.cpp:3:
In file included from /work1/lmeadows/rccl-work/rccl-fakes/projects/rccl/build/release/hipify/src/device/symmetric/reduce_scatter_gin.h:6:
/work1/lmeadows/rccl-work/rccl-fakes/projects/rccl/build/release/hipify/src/device/symmetric/data_ops.h:268:5: warning: argument to '#pragma unroll' should not be in parentheses in CUDA C/C++ [-Wcuda-compat]
  268 |     NVCC_PRAGMA_UNROLL((UnrollSrcs - 1 ? UnrollSrcs - 1 : 1))
      |     ^
/work1/lmeadows/rccl-work/rccl-fakes/projects/rccl/build/release/hipify/src/include/nccl_device/utility.h:51:40: note: expanded from macro 'NVCC_PRAGMA_UNROLL'
   51 | #define NVCC_PRAGMA_UNROLL(trip_count) DO_PRAGMA(unroll trip_count)
      |                                        ^
/work1/lmeadows/rccl-work/rccl-fakes/projects/rccl/build/release/hipify/src/include/nccl_device/utility.h:50:22: note: expanded from macro 'DO_PRAGMA'
   50 | #define DO_PRAGMA(x) _Pragma(#x)
      |                      ^
<scratch space>:132:10: note: expanded from here
  132 |  unroll (UnrollSrcs - 1 ? UnrollSrcs - 1 : 1)
      |          ^
2 warnings generated when compiling for gfx950.
In file included from /work1/lmeadows/rccl-work/rccl-fakes/projects/rccl/build/release/hipify/gensrc/symmetric/reduce_scatter_gin_avg_f32_profile.cpp:3:
In file included from /work1/lmeadows/rccl-work/rccl-fakes/projects/rccl/build/release/hipify/src/device/symmetric/reduce_scatter_gin.h:6:
/work1/lmeadows/rccl-work/rccl-fakes/projects/rccl/build/release/hipify/src/device/symmetric/data_ops.h:256:5: warning: argument to '#pragma unroll' should not be in parentheses in CUDA C/C++ [-Wcuda-compat]
  256 |     NVCC_PRAGMA_UNROLL((UnrollSrcs - 1 ? UnrollSrcs - 1 : 1))
      |     ^
/work1/lmeadows/rccl-work/rccl-fakes/projects/rccl/build/release/hipify/src/include/nccl_device/utility.h:51:40: note: expanded from macro 'NVCC_PRAGMA_UNROLL'
   51 | #define NVCC_PRAGMA_UNROLL(trip_count) DO_PRAGMA(unroll trip_count)
      |                                        ^
/work1/lmeadows/rccl-work/rccl-fakes/projects/rccl/build/release/hipify/src/include/nccl_device/utility.h:50:22: note: expanded from macro 'DO_PRAGMA'
   50 | #define DO_PRAGMA(x) _Pragma(#x)
      |                      ^
<scratch space>:126:10: note: expanded from here
  126 |  unroll (UnrollSrcs - 1 ? UnrollSrcs - 1 : 1)
      |          ^
In file included from /work1/lmeadows/rccl-work/rccl-fakes/projects/rccl/build/release/hipify/gensrc/symmetric/reduce_scatter_gin_avg_f32_profile.cpp:3:
In file included from /work1/lmeadows/rccl-work/rccl-fakes/projects/rccl/build/release/hipify/src/device/symmetric/reduce_scatter_gin.h:6:
/work1/lmeadows/rccl-work/rccl-fakes/projects/rccl/build/release/hipify/src/device/symmetric/data_ops.h:268:5: warning: argument to '#pragma unroll' should not be in parentheses in CUDA C/C++ [-Wcuda-compat]
  268 |     NVCC_PRAGMA_UNROLL((UnrollSrcs - 1 ? UnrollSrcs - 1 : 1))
      |     ^
/work1/lmeadows/rccl-work/rccl-fakes/projects/rccl/build/release/hipify/src/include/nccl_device/utility.h:51:40: note: expanded from macro 'NVCC_PRAGMA_UNROLL'
   51 | #define NVCC_PRAGMA_UNROLL(trip_count) DO_PRAGMA(unroll trip_count)
      |                                        ^
/work1/lmeadows/rccl-work/rccl-fakes/projects/rccl/build/release/hipify/src/include/nccl_device/utility.h:50:22: note: expanded from macro 'DO_PRAGMA'
   50 | #define DO_PRAGMA(x) _Pragma(#x)
      |                      ^
<scratch space>:132:10: note: expanded from here
  132 |  unroll (UnrollSrcs - 1 ? UnrollSrcs - 1 : 1)
      |          ^
2 warnings generated when compiling for host.
[4040/4366] DL compile: sym reduce_scatter_gin_avg_f32 (multi-arch fat object)
In file included from /work1/lmeadows/rccl-work/rccl-fakes/projects/rccl/build/release/hipify/gensrc/symmetric/reduce_scatter_gin_avg_f32.cpp:3:
In file included from /work1/lmeadows/rccl-work/rccl-fakes/projects/rccl/build/release/hipify/src/device/symmetric/reduce_scatter_gin.h:6:
/work1/lmeadows/rccl-work/rccl-fakes/projects/rccl/build/release/hipify/src/device/symmetric/data_ops.h:256:5: warning: argument to '#pragma unroll' should not be in parentheses in CUDA C/C++ [-Wcuda-compat]
  256 |     NVCC_PRAGMA_UNROLL((UnrollSrcs - 1 ? UnrollSrcs - 1 : 1))
      |     ^
/work1/lmeadows/rccl-work/rccl-fakes/projects/rccl/build/release/hipify/src/include/nccl_device/utility.h:51:40: note: expanded from macro 'NVCC_PRAGMA_UNROLL'
   51 | #define NVCC_PRAGMA_UNROLL(trip_count) DO_PRAGMA(unroll trip_count)
      |                                        ^
/work1/lmeadows/rccl-work/rccl-fakes/projects/rccl/build/release/hipify/src/include/nccl_device/utility.h:50:22: note: expanded from macro 'DO_PRAGMA'
   50 | #define DO_PRAGMA(x) _Pragma(#x)
      |                      ^
<scratch space>:126:10: note: expanded from here
  126 |  unroll (UnrollSrcs - 1 ? UnrollSrcs - 1 : 1)
      |          ^
In file included from /work1/lmeadows/rccl-work/rccl-fakes/projects/rccl/build/release/hipify/gensrc/symmetric/reduce_scatter_gin_avg_f32.cpp:3:
In file included from /work1/lmeadows/rccl-work/rccl-fakes/projects/rccl/build/release/hipify/src/device/symmetric/reduce_scatter_gin.h:6:
/work1/lmeadows/rccl-work/rccl-fakes/projects/rccl/build/release/hipify/src/device/symmetric/data_ops.h:268:5: warning: argument to '#pragma unroll' should not be in parentheses in CUDA C/C++ [-Wcuda-compat]
  268 |     NVCC_PRAGMA_UNROLL((UnrollSrcs - 1 ? UnrollSrcs - 1 : 1))
      |     ^
/work1/lmeadows/rccl-work/rccl-fakes/projects/rccl/build/release/hipify/src/include/nccl_device/utility.h:51:40: note: expanded from macro 'NVCC_PRAGMA_UNROLL'
   51 | #define NVCC_PRAGMA_UNROLL(trip_count) DO_PRAGMA(unroll trip_count)
      |                                        ^
/work1/lmeadows/rccl-work/rccl-fakes/projects/rccl/build/release/hipify/src/include/nccl_device/utility.h:50:22: note: expanded from macro 'DO_PRAGMA'
   50 | #define DO_PRAGMA(x) _Pragma(#x)
      |                      ^
<scratch space>:132:10: note: expanded from here
  132 |  unroll (UnrollSrcs - 1 ? UnrollSrcs - 1 : 1)
      |          ^
2 warnings generated when compiling for gfx950.
In file included from /work1/lmeadows/rccl-work/rccl-fakes/projects/rccl/build/release/hipify/gensrc/symmetric/reduce_scatter_gin_avg_f32.cpp:3:
In file included from /work1/lmeadows/rccl-work/rccl-fakes/projects/rccl/build/release/hipify/src/device/symmetric/reduce_scatter_gin.h:6:
/work1/lmeadows/rccl-work/rccl-fakes/projects/rccl/build/release/hipify/src/device/symmetric/data_ops.h:256:5: warning: argument to '#pragma unroll' should not be in parentheses in CUDA C/C++ [-Wcuda-compat]
  256 |     NVCC_PRAGMA_UNROLL((UnrollSrcs - 1 ? UnrollSrcs - 1 : 1))
      |     ^
/work1/lmeadows/rccl-work/rccl-fakes/projects/rccl/build/release/hipify/src/include/nccl_device/utility.h:51:40: note: expanded from macro 'NVCC_PRAGMA_UNROLL'
   51 | #define NVCC_PRAGMA_UNROLL(trip_count) DO_PRAGMA(unroll trip_count)
      |                                        ^
/work1/lmeadows/rccl-work/rccl-fakes/projects/rccl/build/release/hipify/src/include/nccl_device/utility.h:50:22: note: expanded from macro 'DO_PRAGMA'
   50 | #define DO_PRAGMA(x) _Pragma(#x)
      |                      ^
<scratch space>:126:10: note: expanded from here
  126 |  unroll (UnrollSrcs - 1 ? UnrollSrcs - 1 : 1)
      |          ^
In file included from /work1/lmeadows/rccl-work/rccl-fakes/projects/rccl/build/release/hipify/gensrc/symmetric/reduce_scatter_gin_avg_f32.cpp:3:
In file included from /work1/lmeadows/rccl-work/rccl-fakes/projects/rccl/build/release/hipify/src/device/symmetric/reduce_scatter_gin.h:6:
/work1/lmeadows/rccl-work/rccl-fakes/projects/rccl/build/release/hipify/src/device/symmetric/data_ops.h:268:5: warning: argument to '#pragma unroll' should not be in parentheses in CUDA C/C++ [-Wcuda-compat]
  268 |     NVCC_PRAGMA_UNROLL((UnrollSrcs - 1 ? UnrollSrcs - 1 : 1))
      |     ^
/work1/lmeadows/rccl-work/rccl-fakes/projects/rccl/build/release/hipify/src/include/nccl_device/utility.h:51:40: note: expanded from macro 'NVCC_PRAGMA_UNROLL'
   51 | #define NVCC_PRAGMA_UNROLL(trip_count) DO_PRAGMA(unroll trip_count)
      |                                        ^
/work1/lmeadows/rccl-work/rccl-fakes/projects/rccl/build/release/hipify/src/include/nccl_device/utility.h:50:22: note: expanded from macro 'DO_PRAGMA'
   50 | #define DO_PRAGMA(x) _Pragma(#x)
      |                      ^
<scratch space>:132:10: note: expanded from here
  132 |  unroll (UnrollSrcs - 1 ? UnrollSrcs - 1 : 1)
      |          ^
2 warnings generated when compiling for host.
[4041/4366] DL compile: sym reduce_scatter_gin_sum_f32_profile (multi-arch fat object)
In file included from /work1/lmeadows/rccl-work/rccl-fakes/projects/rccl/build/release/hipify/gensrc/symmetric/reduce_scatter_gin_sum_f32_profile.cpp:3:
In file included from /work1/lmeadows/rccl-work/rccl-fakes/projects/rccl/build/release/hipify/src/device/symmetric/reduce_scatter_gin.h:6:
/work1/lmeadows/rccl-work/rccl-fakes/projects/rccl/build/release/hipify/src/device/symmetric/data_ops.h:256:5: warning: argument to '#pragma unroll' should not be in parentheses in CUDA C/C++ [-Wcuda-compat]
  256 |     NVCC_PRAGMA_UNROLL((UnrollSrcs - 1 ? UnrollSrcs - 1 : 1))
      |     ^
/work1/lmeadows/rccl-work/rccl-fakes/projects/rccl/build/release/hipify/src/include/nccl_device/utility.h:51:40: note: expanded from macro 'NVCC_PRAGMA_UNROLL'
   51 | #define NVCC_PRAGMA_UNROLL(trip_count) DO_PRAGMA(unroll trip_count)
      |                                        ^
/work1/lmeadows/rccl-work/rccl-fakes/projects/rccl/build/release/hipify/src/include/nccl_device/utility.h:50:22: note: expanded from macro 'DO_PRAGMA'
   50 | #define DO_PRAGMA(x) _Pragma(#x)
      |                      ^
<scratch space>:126:10: note: expanded from here
  126 |  unroll (UnrollSrcs - 1 ? UnrollSrcs - 1 : 1)
      |          ^
In file included from /work1/lmeadows/rccl-work/rccl-fakes/projects/rccl/build/release/hipify/gensrc/symmetric/reduce_scatter_gin_sum_f32_profile.cpp:3:
In file included from /work1/lmeadows/rccl-work/rccl-fakes/projects/rccl/build/release/hipify/src/device/symmetric/reduce_scatter_gin.h:6:
/work1/lmeadows/rccl-work/rccl-fakes/projects/rccl/build/release/hipify/src/device/symmetric/data_ops.h:268:5: warning: argument to '#pragma unroll' should not be in parentheses in CUDA C/C++ [-Wcuda-compat]
  268 |     NVCC_PRAGMA_UNROLL((UnrollSrcs - 1 ? UnrollSrcs - 1 : 1))
      |     ^
/work1/lmeadows/rccl-work/rccl-fakes/projects/rccl/build/release/hipify/src/include/nccl_device/utility.h:51:40: note: expanded from macro 'NVCC_PRAGMA_UNROLL'
   51 | #define NVCC_PRAGMA_UNROLL(trip_count) DO_PRAGMA(unroll trip_count)
      |                                        ^
/work1/lmeadows/rccl-work/rccl-fakes/projects/rccl/build/release/hipify/src/include/nccl_device/utility.h:50:22: note: expanded from macro 'DO_PRAGMA'
   50 | #define DO_PRAGMA(x) _Pragma(#x)
      |                      ^
<scratch space>:132:10: note: expanded from here
  132 |  unroll (UnrollSrcs - 1 ? UnrollSrcs - 1 : 1)
      |          ^
2 warnings generated when compiling for gfx950.
In file included from /work1/lmeadows/rccl-work/rccl-fakes/projects/rccl/build/release/hipify/gensrc/symmetric/reduce_scatter_gin_sum_f32_profile.cpp:3:
In file included from /work1/lmeadows/rccl-work/rccl-fakes/projects/rccl/build/release/hipify/src/device/symmetric/reduce_scatter_gin.h:6:
/work1/lmeadows/rccl-work/rccl-fakes/projects/rccl/build/release/hipify/src/device/symmetric/data_ops.h:256:5: warning: argument to '#pragma unroll' should not be in parentheses in CUDA C/C++ [-Wcuda-compat]
  256 |     NVCC_PRAGMA_UNROLL((UnrollSrcs - 1 ? UnrollSrcs - 1 : 1))
      |     ^
/work1/lmeadows/rccl-work/rccl-fakes/projects/rccl/build/release/hipify/src/include/nccl_device/utility.h:51:40: note: expanded from macro 'NVCC_PRAGMA_UNROLL'
   51 | #define NVCC_PRAGMA_UNROLL(trip_count) DO_PRAGMA(unroll trip_count)
      |                                        ^
/work1/lmeadows/rccl-work/rccl-fakes/projects/rccl/build/release/hipify/src/include/nccl_device/utility.h:50:22: note: expanded from macro 'DO_PRAGMA'
   50 | #define DO_PRAGMA(x) _Pragma(#x)
      |                      ^
<scratch space>:126:10: note: expanded from here
  126 |  unroll (UnrollSrcs - 1 ? UnrollSrcs - 1 : 1)
      |          ^
In file included from /work1/lmeadows/rccl-work/rccl-fakes/projects/rccl/build/release/hipify/gensrc/symmetric/reduce_scatter_gin_sum_f32_profile.cpp:3:
In file included from /work1/lmeadows/rccl-work/rccl-fakes/projects/rccl/build/release/hipify/src/device/symmetric/reduce_scatter_gin.h:6:
/work1/lmeadows/rccl-work/rccl-fakes/projects/rccl/build/release/hipify/src/device/symmetric/data_ops.h:268:5: warning: argument to '#pragma unroll' should not be in parentheses in CUDA C/C++ [-Wcuda-compat]
  268 |     NVCC_PRAGMA_UNROLL((UnrollSrcs - 1 ? UnrollSrcs - 1 : 1))
      |     ^
/work1/lmeadows/rccl-work/rccl-fakes/projects/rccl/build/release/hipify/src/include/nccl_device/utility.h:51:40: note: expanded from macro 'NVCC_PRAGMA_UNROLL'
   51 | #define NVCC_PRAGMA_UNROLL(trip_count) DO_PRAGMA(unroll trip_count)
      |                                        ^
/work1/lmeadows/rccl-work/rccl-fakes/projects/rccl/build/release/hipify/src/include/nccl_device/utility.h:50:22: note: expanded from macro 'DO_PRAGMA'
   50 | #define DO_PRAGMA(x) _Pragma(#x)
      |                      ^
<scratch space>:132:10: note: expanded from here
  132 |  unroll (UnrollSrcs - 1 ? UnrollSrcs - 1 : 1)
      |          ^
2 warnings generated when compiling for host.
[4042/4366] DL host compile: common.cu.cpp with embedded device binary
clang++: warning: argument unused during compilation: '--offload-compress' [-Wunused-command-line-argument]
[4043/4366] DL compile: sym reduce_scatter_gin_sum_bf16 (multi-arch fat object)
In file included from /work1/lmeadows/rccl-work/rccl-fakes/projects/rccl/build/release/hipify/gensrc/symmetric/reduce_scatter_gin_sum_bf16.cpp:3:
In file included from /work1/lmeadows/rccl-work/rccl-fakes/projects/rccl/build/release/hipify/src/device/symmetric/reduce_scatter_gin.h:6:
/work1/lmeadows/rccl-work/rccl-fakes/projects/rccl/build/release/hipify/src/device/symmetric/data_ops.h:256:5: warning: argument to '#pragma unroll' should not be in parentheses in CUDA C/C++ [-Wcuda-compat]
  256 |     NVCC_PRAGMA_UNROLL((UnrollSrcs - 1 ? UnrollSrcs - 1 : 1))
      |     ^
/work1/lmeadows/rccl-work/rccl-fakes/projects/rccl/build/release/hipify/src/include/nccl_device/utility.h:51:40: note: expanded from macro 'NVCC_PRAGMA_UNROLL'
   51 | #define NVCC_PRAGMA_UNROLL(trip_count) DO_PRAGMA(unroll trip_count)
      |                                        ^
/work1/lmeadows/rccl-work/rccl-fakes/projects/rccl/build/release/hipify/src/include/nccl_device/utility.h:50:22: note: expanded from macro 'DO_PRAGMA'
   50 | #define DO_PRAGMA(x) _Pragma(#x)
      |                      ^
<scratch space>:126:10: note: expanded from here
  126 |  unroll (UnrollSrcs - 1 ? UnrollSrcs - 1 : 1)
      |          ^
In file included from /work1/lmeadows/rccl-work/rccl-fakes/projects/rccl/build/release/hipify/gensrc/symmetric/reduce_scatter_gin_sum_bf16.cpp:3:
In file included from /work1/lmeadows/rccl-work/rccl-fakes/projects/rccl/build/release/hipify/src/device/symmetric/reduce_scatter_gin.h:6:
/work1/lmeadows/rccl-work/rccl-fakes/projects/rccl/build/release/hipify/src/device/symmetric/data_ops.h:268:5: warning: argument to '#pragma unroll' should not be in parentheses in CUDA C/C++ [-Wcuda-compat]
  268 |     NVCC_PRAGMA_UNROLL((UnrollSrcs - 1 ? UnrollSrcs - 1 : 1))
      |     ^
/work1/lmeadows/rccl-work/rccl-fakes/projects/rccl/build/release/hipify/src/include/nccl_device/utility.h:51:40: note: expanded from macro 'NVCC_PRAGMA_UNROLL'
   51 | #define NVCC_PRAGMA_UNROLL(trip_count) DO_PRAGMA(unroll trip_count)
      |                                        ^
/work1/lmeadows/rccl-work/rccl-fakes/projects/rccl/build/release/hipify/src/include/nccl_device/utility.h:50:22: note: expanded from macro 'DO_PRAGMA'
   50 | #define DO_PRAGMA(x) _Pragma(#x)
      |                      ^
<scratch space>:132:10: note: expanded from here
  132 |  unroll (UnrollSrcs - 1 ? UnrollSrcs - 1 : 1)
      |          ^
2 warnings generated when compiling for gfx950.
In file included from /work1/lmeadows/rccl-work/rccl-fakes/projects/rccl/build/release/hipify/gensrc/symmetric/reduce_scatter_gin_sum_bf16.cpp:3:
In file included from /work1/lmeadows/rccl-work/rccl-fakes/projects/rccl/build/release/hipify/src/device/symmetric/reduce_scatter_gin.h:6:
/work1/lmeadows/rccl-work/rccl-fakes/projects/rccl/build/release/hipify/src/device/symmetric/data_ops.h:256:5: warning: argument to '#pragma unroll' should not be in parentheses in CUDA C/C++ [-Wcuda-compat]
  256 |     NVCC_PRAGMA_UNROLL((UnrollSrcs - 1 ? UnrollSrcs - 1 : 1))
      |     ^
/work1/lmeadows/rccl-work/rccl-fakes/projects/rccl/build/release/hipify/src/include/nccl_device/utility.h:51:40: note: expanded from macro 'NVCC_PRAGMA_UNROLL'
   51 | #define NVCC_PRAGMA_UNROLL(trip_count) DO_PRAGMA(unroll trip_count)
      |                                        ^
/work1/lmeadows/rccl-work/rccl-fakes/projects/rccl/build/release/hipify/src/include/nccl_device/utility.h:50:22: note: expanded from macro 'DO_PRAGMA'
   50 | #define DO_PRAGMA(x) _Pragma(#x)
      |                      ^
<scratch space>:126:10: note: expanded from here
  126 |  unroll (UnrollSrcs - 1 ? UnrollSrcs - 1 : 1)
      |          ^
In file included from /work1/lmeadows/rccl-work/rccl-fakes/projects/rccl/build/release/hipify/gensrc/symmetric/reduce_scatter_gin_sum_bf16.cpp:3:
In file included from /work1/lmeadows/rccl-work/rccl-fakes/projects/rccl/build/release/hipify/src/device/symmetric/reduce_scatter_gin.h:6:
/work1/lmeadows/rccl-work/rccl-fakes/projects/rccl/build/release/hipify/src/device/symmetric/data_ops.h:268:5: warning: argument to '#pragma unroll' should not be in parentheses in CUDA C/C++ [-Wcuda-compat]
  268 |     NVCC_PRAGMA_UNROLL((UnrollSrcs - 1 ? UnrollSrcs - 1 : 1))
      |     ^
/work1/lmeadows/rccl-work/rccl-fakes/projects/rccl/build/release/hipify/src/include/nccl_device/utility.h:51:40: note: expanded from macro 'NVCC_PRAGMA_UNROLL'
   51 | #define NVCC_PRAGMA_UNROLL(trip_count) DO_PRAGMA(unroll trip_count)
      |                                        ^
/work1/lmeadows/rccl-work/rccl-fakes/projects/rccl/build/release/hipify/src/include/nccl_device/utility.h:50:22: note: expanded from macro 'DO_PRAGMA'
   50 | #define DO_PRAGMA(x) _Pragma(#x)
      |                      ^
<scratch space>:132:10: note: expanded from here
  132 |  unroll (UnrollSrcs - 1 ? UnrollSrcs - 1 : 1)
      |          ^
2 warnings generated when compiling for host.
[4044/4366] DL compile: sym reduce_scatter_gin_sum_bf16_profile (multi-arch fat object)
In file included from /work1/lmeadows/rccl-work/rccl-fakes/projects/rccl/build/release/hipify/gensrc/symmetric/reduce_scatter_gin_sum_bf16_profile.cpp:3:
In file included from /work1/lmeadows/rccl-work/rccl-fakes/projects/rccl/build/release/hipify/src/device/symmetric/reduce_scatter_gin.h:6:
/work1/lmeadows/rccl-work/rccl-fakes/projects/rccl/build/release/hipify/src/device/symmetric/data_ops.h:256:5: warning: argument to '#pragma unroll' should not be in parentheses in CUDA C/C++ [-Wcuda-compat]
  256 |     NVCC_PRAGMA_UNROLL((UnrollSrcs - 1 ? UnrollSrcs - 1 : 1))
      |     ^
/work1/lmeadows/rccl-work/rccl-fakes/projects/rccl/build/release/hipify/src/include/nccl_device/utility.h:51:40: note: expanded from macro 'NVCC_PRAGMA_UNROLL'
   51 | #define NVCC_PRAGMA_UNROLL(trip_count) DO_PRAGMA(unroll trip_count)
      |                                        ^
/work1/lmeadows/rccl-work/rccl-fakes/projects/rccl/build/release/hipify/src/include/nccl_device/utility.h:50:22: note: expanded from macro 'DO_PRAGMA'
   50 | #define DO_PRAGMA(x) _Pragma(#x)
      |                      ^
<scratch space>:126:10: note: expanded from here
  126 |  unroll (UnrollSrcs - 1 ? UnrollSrcs - 1 : 1)
      |          ^
In file included from /work1/lmeadows/rccl-work/rccl-fakes/projects/rccl/build/release/hipify/gensrc/symmetric/reduce_scatter_gin_sum_bf16_profile.cpp:3:
In file included from /work1/lmeadows/rccl-work/rccl-fakes/projects/rccl/build/release/hipify/src/device/symmetric/reduce_scatter_gin.h:6:
/work1/lmeadows/rccl-work/rccl-fakes/projects/rccl/build/release/hipify/src/device/symmetric/data_ops.h:268:5: warning: argument to '#pragma unroll' should not be in parentheses in CUDA C/C++ [-Wcuda-compat]
  268 |     NVCC_PRAGMA_UNROLL((UnrollSrcs - 1 ? UnrollSrcs - 1 : 1))
      |     ^
/work1/lmeadows/rccl-work/rccl-fakes/projects/rccl/build/release/hipify/src/include/nccl_device/utility.h:51:40: note: expanded from macro 'NVCC_PRAGMA_UNROLL'
   51 | #define NVCC_PRAGMA_UNROLL(trip_count) DO_PRAGMA(unroll trip_count)
      |                                        ^
/work1/lmeadows/rccl-work/rccl-fakes/projects/rccl/build/release/hipify/src/include/nccl_device/utility.h:50:22: note: expanded from macro 'DO_PRAGMA'
   50 | #define DO_PRAGMA(x) _Pragma(#x)
      |                      ^
<scratch space>:132:10: note: expanded from here
  132 |  unroll (UnrollSrcs - 1 ? UnrollSrcs - 1 : 1)
      |          ^
2 warnings generated when compiling for gfx950.
In file included from /work1/lmeadows/rccl-work/rccl-fakes/projects/rccl/build/release/hipify/gensrc/symmetric/reduce_scatter_gin_sum_bf16_profile.cpp:3:
In file included from /work1/lmeadows/rccl-work/rccl-fakes/projects/rccl/build/release/hipify/src/device/symmetric/reduce_scatter_gin.h:6:
/work1/lmeadows/rccl-work/rccl-fakes/projects/rccl/build/release/hipify/src/device/symmetric/data_ops.h:256:5: warning: argument to '#pragma unroll' should not be in parentheses in CUDA C/C++ [-Wcuda-compat]
  256 |     NVCC_PRAGMA_UNROLL((UnrollSrcs - 1 ? UnrollSrcs - 1 : 1))
      |     ^
/work1/lmeadows/rccl-work/rccl-fakes/projects/rccl/build/release/hipify/src/include/nccl_device/utility.h:51:40: note: expanded from macro 'NVCC_PRAGMA_UNROLL'
   51 | #define NVCC_PRAGMA_UNROLL(trip_count) DO_PRAGMA(unroll trip_count)
      |                                        ^
/work1/lmeadows/rccl-work/rccl-fakes/projects/rccl/build/release/hipify/src/include/nccl_device/utility.h:50:22: note: expanded from macro 'DO_PRAGMA'
   50 | #define DO_PRAGMA(x) _Pragma(#x)
      |                      ^
<scratch space>:126:10: note: expanded from here
  126 |  unroll (UnrollSrcs - 1 ? UnrollSrcs - 1 : 1)
      |          ^
In file included from /work1/lmeadows/rccl-work/rccl-fakes/projects/rccl/build/release/hipify/gensrc/symmetric/reduce_scatter_gin_sum_bf16_profile.cpp:3:
In file included from /work1/lmeadows/rccl-work/rccl-fakes/projects/rccl/build/release/hipify/src/device/symmetric/reduce_scatter_gin.h:6:
/work1/lmeadows/rccl-work/rccl-fakes/projects/rccl/build/release/hipify/src/device/symmetric/data_ops.h:268:5: warning: argument to '#pragma unroll' should not be in parentheses in CUDA C/C++ [-Wcuda-compat]
  268 |     NVCC_PRAGMA_UNROLL((UnrollSrcs - 1 ? UnrollSrcs - 1 : 1))
      |     ^
/work1/lmeadows/rccl-work/rccl-fakes/projects/rccl/build/release/hipify/src/include/nccl_device/utility.h:51:40: note: expanded from macro 'NVCC_PRAGMA_UNROLL'
   51 | #define NVCC_PRAGMA_UNROLL(trip_count) DO_PRAGMA(unroll trip_count)
      |                                        ^
/work1/lmeadows/rccl-work/rccl-fakes/projects/rccl/build/release/hipify/src/include/nccl_device/utility.h:50:22: note: expanded from macro 'DO_PRAGMA'
   50 | #define DO_PRAGMA(x) _Pragma(#x)
      |                      ^
<scratch space>:132:10: note: expanded from here
  132 |  unroll (UnrollSrcs - 1 ? UnrollSrcs - 1 : 1)
      |          ^
2 warnings generated when compiling for host.
[4045/4366] DL compile: sym reduce_scatter_gin_sum_f8e5m2 (multi-arch fat object)
In file included from /work1/lmeadows/rccl-work/rccl-fakes/projects/rccl/build/release/hipify/gensrc/symmetric/reduce_scatter_gin_sum_f8e5m2.cpp:3:
In file included from /work1/lmeadows/rccl-work/rccl-fakes/projects/rccl/build/release/hipify/src/device/symmetric/reduce_scatter_gin.h:6:
/work1/lmeadows/rccl-work/rccl-fakes/projects/rccl/build/release/hipify/src/device/symmetric/data_ops.h:256:5: warning: argument to '#pragma unroll' should not be in parentheses in CUDA C/C++ [-Wcuda-compat]
  256 |     NVCC_PRAGMA_UNROLL((UnrollSrcs - 1 ? UnrollSrcs - 1 : 1))
      |     ^
/work1/lmeadows/rccl-work/rccl-fakes/projects/rccl/build/release/hipify/src/include/nccl_device/utility.h:51:40: note: expanded from macro 'NVCC_PRAGMA_UNROLL'
   51 | #define NVCC_PRAGMA_UNROLL(trip_count) DO_PRAGMA(unroll trip_count)
      |                                        ^
/work1/lmeadows/rccl-work/rccl-fakes/projects/rccl/build/release/hipify/src/include/nccl_device/utility.h:50:22: note: expanded from macro 'DO_PRAGMA'
   50 | #define DO_PRAGMA(x) _Pragma(#x)
      |                      ^
<scratch space>:126:10: note: expanded from here
  126 |  unroll (UnrollSrcs - 1 ? UnrollSrcs - 1 : 1)
      |          ^
In file included from /work1/lmeadows/rccl-work/rccl-fakes/projects/rccl/build/release/hipify/gensrc/symmetric/reduce_scatter_gin_sum_f8e5m2.cpp:3:
In file included from /work1/lmeadows/rccl-work/rccl-fakes/projects/rccl/build/release/hipify/src/device/symmetric/reduce_scatter_gin.h:6:
/work1/lmeadows/rccl-work/rccl-fakes/projects/rccl/build/release/hipify/src/device/symmetric/data_ops.h:268:5: warning: argument to '#pragma unroll' should not be in parentheses in CUDA C/C++ [-Wcuda-compat]
  268 |     NVCC_PRAGMA_UNROLL((UnrollSrcs - 1 ? UnrollSrcs - 1 : 1))
      |     ^
/work1/lmeadows/rccl-work/rccl-fakes/projects/rccl/build/release/hipify/src/include/nccl_device/utility.h:51:40: note: expanded from macro 'NVCC_PRAGMA_UNROLL'
   51 | #define NVCC_PRAGMA_UNROLL(trip_count) DO_PRAGMA(unroll trip_count)
      |                                        ^
/work1/lmeadows/rccl-work/rccl-fakes/projects/rccl/build/release/hipify/src/include/nccl_device/utility.h:50:22: note: expanded from macro 'DO_PRAGMA'
   50 | #define DO_PRAGMA(x) _Pragma(#x)
      |                      ^
<scratch space>:132:10: note: expanded from here
  132 |  unroll (UnrollSrcs - 1 ? UnrollSrcs - 1 : 1)
      |          ^
2 warnings generated when compiling for gfx950.
In file included from /work1/lmeadows/rccl-work/rccl-fakes/projects/rccl/build/release/hipify/gensrc/symmetric/reduce_scatter_gin_sum_f8e5m2.cpp:3:
In file included from /work1/lmeadows/rccl-work/rccl-fakes/projects/rccl/build/release/hipify/src/device/symmetric/reduce_scatter_gin.h:6:
/work1/lmeadows/rccl-work/rccl-fakes/projects/rccl/build/release/hipify/src/device/symmetric/data_ops.h:256:5: warning: argument to '#pragma unroll' should not be in parentheses in CUDA C/C++ [-Wcuda-compat]
  256 |     NVCC_PRAGMA_UNROLL((UnrollSrcs - 1 ? UnrollSrcs - 1 : 1))
      |     ^
/work1/lmeadows/rccl-work/rccl-fakes/projects/rccl/build/release/hipify/src/include/nccl_device/utility.h:51:40: note: expanded from macro 'NVCC_PRAGMA_UNROLL'
   51 | #define NVCC_PRAGMA_UNROLL(trip_count) DO_PRAGMA(unroll trip_count)
      |                                        ^
/work1/lmeadows/rccl-work/rccl-fakes/projects/rccl/build/release/hipify/src/include/nccl_device/utility.h:50:22: note: expanded from macro 'DO_PRAGMA'
   50 | #define DO_PRAGMA(x) _Pragma(#x)
      |                      ^
<scratch space>:126:10: note: expanded from here
  126 |  unroll (UnrollSrcs - 1 ? UnrollSrcs - 1 : 1)
      |          ^
In file included from /work1/lmeadows/rccl-work/rccl-fakes/projects/rccl/build/release/hipify/gensrc/symmetric/reduce_scatter_gin_sum_f8e5m2.cpp:3:
In file included from /work1/lmeadows/rccl-work/rccl-fakes/projects/rccl/build/release/hipify/src/device/symmetric/reduce_scatter_gin.h:6:
/work1/lmeadows/rccl-work/rccl-fakes/projects/rccl/build/release/hipify/src/device/symmetric/data_ops.h:268:5: warning: argument to '#pragma unroll' should not be in parentheses in CUDA C/C++ [-Wcuda-compat]
  268 |     NVCC_PRAGMA_UNROLL((UnrollSrcs - 1 ? UnrollSrcs - 1 : 1))
      |     ^
/work1/lmeadows/rccl-work/rccl-fakes/projects/rccl/build/release/hipify/src/include/nccl_device/utility.h:51:40: note: expanded from macro 'NVCC_PRAGMA_UNROLL'
   51 | #define NVCC_PRAGMA_UNROLL(trip_count) DO_PRAGMA(unroll trip_count)
      |                                        ^
/work1/lmeadows/rccl-work/rccl-fakes/projects/rccl/build/release/hipify/src/include/nccl_device/utility.h:50:22: note: expanded from macro 'DO_PRAGMA'
   50 | #define DO_PRAGMA(x) _Pragma(#x)
      |                      ^
<scratch space>:132:10: note: expanded from here
  132 |  unroll (UnrollSrcs - 1 ? UnrollSrcs - 1 : 1)
      |          ^
2 warnings generated when compiling for host.
[4046/4366] DL compile: sym reduce_scatter_gin_sum_f8e4m3_profile (multi-arch fat object)
In file included from /work1/lmeadows/rccl-work/rccl-fakes/projects/rccl/build/release/hipify/gensrc/symmetric/reduce_scatter_gin_sum_f8e4m3_profile.cpp:3:
In file included from /work1/lmeadows/rccl-work/rccl-fakes/projects/rccl/build/release/hipify/src/device/symmetric/reduce_scatter_gin.h:6:
/work1/lmeadows/rccl-work/rccl-fakes/projects/rccl/build/release/hipify/src/device/symmetric/data_ops.h:256:5: warning: argument to '#pragma unroll' should not be in parentheses in CUDA C/C++ [-Wcuda-compat]
  256 |     NVCC_PRAGMA_UNROLL((UnrollSrcs - 1 ? UnrollSrcs - 1 : 1))
      |     ^
/work1/lmeadows/rccl-work/rccl-fakes/projects/rccl/build/release/hipify/src/include/nccl_device/utility.h:51:40: note: expanded from macro 'NVCC_PRAGMA_UNROLL'
   51 | #define NVCC_PRAGMA_UNROLL(trip_count) DO_PRAGMA(unroll trip_count)
      |                                        ^
/work1/lmeadows/rccl-work/rccl-fakes/projects/rccl/build/release/hipify/src/include/nccl_device/utility.h:50:22: note: expanded from macro 'DO_PRAGMA'
   50 | #define DO_PRAGMA(x) _Pragma(#x)
      |                      ^
<scratch space>:126:10: note: expanded from here
  126 |  unroll (UnrollSrcs - 1 ? UnrollSrcs - 1 : 1)
      |          ^
In file included from /work1/lmeadows/rccl-work/rccl-fakes/projects/rccl/build/release/hipify/gensrc/symmetric/reduce_scatter_gin_sum_f8e4m3_profile.cpp:3:
In file included from /work1/lmeadows/rccl-work/rccl-fakes/projects/rccl/build/release/hipify/src/device/symmetric/reduce_scatter_gin.h:6:
/work1/lmeadows/rccl-work/rccl-fakes/projects/rccl/build/release/hipify/src/device/symmetric/data_ops.h:268:5: warning: argument to '#pragma unroll' should not be in parentheses in CUDA C/C++ [-Wcuda-compat]
  268 |     NVCC_PRAGMA_UNROLL((UnrollSrcs - 1 ? UnrollSrcs - 1 : 1))
      |     ^
/work1/lmeadows/rccl-work/rccl-fakes/projects/rccl/build/release/hipify/src/include/nccl_device/utility.h:51:40: note: expanded from macro 'NVCC_PRAGMA_UNROLL'
   51 | #define NVCC_PRAGMA_UNROLL(trip_count) DO_PRAGMA(unroll trip_count)
      |                                        ^
/work1/lmeadows/rccl-work/rccl-fakes/projects/rccl/build/release/hipify/src/include/nccl_device/utility.h:50:22: note: expanded from macro 'DO_PRAGMA'
   50 | #define DO_PRAGMA(x) _Pragma(#x)
      |                      ^
<scratch space>:132:10: note: expanded from here
  132 |  unroll (UnrollSrcs - 1 ? UnrollSrcs - 1 : 1)
      |          ^
2 warnings generated when compiling for gfx950.
In file included from /work1/lmeadows/rccl-work/rccl-fakes/projects/rccl/build/release/hipify/gensrc/symmetric/reduce_scatter_gin_sum_f8e4m3_profile.cpp:3:
In file included from /work1/lmeadows/rccl-work/rccl-fakes/projects/rccl/build/release/hipify/src/device/symmetric/reduce_scatter_gin.h:6:
/work1/lmeadows/rccl-work/rccl-fakes/projects/rccl/build/release/hipify/src/device/symmetric/data_ops.h:256:5: warning: argument to '#pragma unroll' should not be in parentheses in CUDA C/C++ [-Wcuda-compat]
  256 |     NVCC_PRAGMA_UNROLL((UnrollSrcs - 1 ? UnrollSrcs - 1 : 1))
      |     ^
/work1/lmeadows/rccl-work/rccl-fakes/projects/rccl/build/release/hipify/src/include/nccl_device/utility.h:51:40: note: expanded from macro 'NVCC_PRAGMA_UNROLL'
   51 | #define NVCC_PRAGMA_UNROLL(trip_count) DO_PRAGMA(unroll trip_count)
      |                                        ^
/work1/lmeadows/rccl-work/rccl-fakes/projects/rccl/build/release/hipify/src/include/nccl_device/utility.h:50:22: note: expanded from macro 'DO_PRAGMA'
   50 | #define DO_PRAGMA(x) _Pragma(#x)
      |                      ^
<scratch space>:126:10: note: expanded from here
  126 |  unroll (UnrollSrcs - 1 ? UnrollSrcs - 1 : 1)
      |          ^
In file included from /work1/lmeadows/rccl-work/rccl-fakes/projects/rccl/build/release/hipify/gensrc/symmetric/reduce_scatter_gin_sum_f8e4m3_profile.cpp:3:
In file included from /work1/lmeadows/rccl-work/rccl-fakes/projects/rccl/build/release/hipify/src/device/symmetric/reduce_scatter_gin.h:6:
/work1/lmeadows/rccl-work/rccl-fakes/projects/rccl/build/release/hipify/src/device/symmetric/data_ops.h:268:5: warning: argument to '#pragma unroll' should not be in parentheses in CUDA C/C++ [-Wcuda-compat]
  268 |     NVCC_PRAGMA_UNROLL((UnrollSrcs - 1 ? UnrollSrcs - 1 : 1))
      |     ^
/work1/lmeadows/rccl-work/rccl-fakes/projects/rccl/build/release/hipify/src/include/nccl_device/utility.h:51:40: note: expanded from macro 'NVCC_PRAGMA_UNROLL'
   51 | #define NVCC_PRAGMA_UNROLL(trip_count) DO_PRAGMA(unroll trip_count)
      |                                        ^
/work1/lmeadows/rccl-work/rccl-fakes/projects/rccl/build/release/hipify/src/include/nccl_device/utility.h:50:22: note: expanded from macro 'DO_PRAGMA'
   50 | #define DO_PRAGMA(x) _Pragma(#x)
      |                      ^
<scratch space>:132:10: note: expanded from here
  132 |  unroll (UnrollSrcs - 1 ? UnrollSrcs - 1 : 1)
      |          ^
2 warnings generated when compiling for host.
[4047/4366] DL compile: sym reduce_scatter_gin_sum_f8e4m3 (multi-arch fat object)
In file included from /work1/lmeadows/rccl-work/rccl-fakes/projects/rccl/build/release/hipify/gensrc/symmetric/reduce_scatter_gin_sum_f8e4m3.cpp:3:
In file included from /work1/lmeadows/rccl-work/rccl-fakes/projects/rccl/build/release/hipify/src/device/symmetric/reduce_scatter_gin.h:6:
/work1/lmeadows/rccl-work/rccl-fakes/projects/rccl/build/release/hipify/src/device/symmetric/data_ops.h:256:5: warning: argument to '#pragma unroll' should not be in parentheses in CUDA C/C++ [-Wcuda-compat]
  256 |     NVCC_PRAGMA_UNROLL((UnrollSrcs - 1 ? UnrollSrcs - 1 : 1))
      |     ^
/work1/lmeadows/rccl-work/rccl-fakes/projects/rccl/build/release/hipify/src/include/nccl_device/utility.h:51:40: note: expanded from macro 'NVCC_PRAGMA_UNROLL'
   51 | #define NVCC_PRAGMA_UNROLL(trip_count) DO_PRAGMA(unroll trip_count)
      |                                        ^
/work1/lmeadows/rccl-work/rccl-fakes/projects/rccl/build/release/hipify/src/include/nccl_device/utility.h:50:22: note: expanded from macro 'DO_PRAGMA'
   50 | #define DO_PRAGMA(x) _Pragma(#x)
      |                      ^
<scratch space>:126:10: note: expanded from here
  126 |  unroll (UnrollSrcs - 1 ? UnrollSrcs - 1 : 1)
      |          ^
In file included from /work1/lmeadows/rccl-work/rccl-fakes/projects/rccl/build/release/hipify/gensrc/symmetric/reduce_scatter_gin_sum_f8e4m3.cpp:3:
In file included from /work1/lmeadows/rccl-work/rccl-fakes/projects/rccl/build/release/hipify/src/device/symmetric/reduce_scatter_gin.h:6:
/work1/lmeadows/rccl-work/rccl-fakes/projects/rccl/build/release/hipify/src/device/symmetric/data_ops.h:268:5: warning: argument to '#pragma unroll' should not be in parentheses in CUDA C/C++ [-Wcuda-compat]
  268 |     NVCC_PRAGMA_UNROLL((UnrollSrcs - 1 ? UnrollSrcs - 1 : 1))
      |     ^
/work1/lmeadows/rccl-work/rccl-fakes/projects/rccl/build/release/hipify/src/include/nccl_device/utility.h:51:40: note: expanded from macro 'NVCC_PRAGMA_UNROLL'
   51 | #define NVCC_PRAGMA_UNROLL(trip_count) DO_PRAGMA(unroll trip_count)
      |                                        ^
/work1/lmeadows/rccl-work/rccl-fakes/projects/rccl/build/release/hipify/src/include/nccl_device/utility.h:50:22: note: expanded from macro 'DO_PRAGMA'
   50 | #define DO_PRAGMA(x) _Pragma(#x)
      |                      ^
<scratch space>:132:10: note: expanded from here
  132 |  unroll (UnrollSrcs - 1 ? UnrollSrcs - 1 : 1)
      |          ^
2 warnings generated when compiling for gfx950.
In file included from /work1/lmeadows/rccl-work/rccl-fakes/projects/rccl/build/release/hipify/gensrc/symmetric/reduce_scatter_gin_sum_f8e4m3.cpp:3:
In file included from /work1/lmeadows/rccl-work/rccl-fakes/projects/rccl/build/release/hipify/src/device/symmetric/reduce_scatter_gin.h:6:
/work1/lmeadows/rccl-work/rccl-fakes/projects/rccl/build/release/hipify/src/device/symmetric/data_ops.h:256:5: warning: argument to '#pragma unroll' should not be in parentheses in CUDA C/C++ [-Wcuda-compat]
  256 |     NVCC_PRAGMA_UNROLL((UnrollSrcs - 1 ? UnrollSrcs - 1 : 1))
      |     ^
/work1/lmeadows/rccl-work/rccl-fakes/projects/rccl/build/release/hipify/src/include/nccl_device/utility.h:51:40: note: expanded from macro 'NVCC_PRAGMA_UNROLL'
   51 | #define NVCC_PRAGMA_UNROLL(trip_count) DO_PRAGMA(unroll trip_count)
      |                                        ^
/work1/lmeadows/rccl-work/rccl-fakes/projects/rccl/build/release/hipify/src/include/nccl_device/utility.h:50:22: note: expanded from macro 'DO_PRAGMA'
   50 | #define DO_PRAGMA(x) _Pragma(#x)
      |                      ^
<scratch space>:126:10: note: expanded from here
  126 |  unroll (UnrollSrcs - 1 ? UnrollSrcs - 1 : 1)
      |          ^
In file included from /work1/lmeadows/rccl-work/rccl-fakes/projects/rccl/build/release/hipify/gensrc/symmetric/reduce_scatter_gin_sum_f8e4m3.cpp:3:
In file included from /work1/lmeadows/rccl-work/rccl-fakes/projects/rccl/build/release/hipify/src/device/symmetric/reduce_scatter_gin.h:6:
/work1/lmeadows/rccl-work/rccl-fakes/projects/rccl/build/release/hipify/src/device/symmetric/data_ops.h:268:5: warning: argument to '#pragma unroll' should not be in parentheses in CUDA C/C++ [-Wcuda-compat]
  268 |     NVCC_PRAGMA_UNROLL((UnrollSrcs - 1 ? UnrollSrcs - 1 : 1))
      |     ^
/work1/lmeadows/rccl-work/rccl-fakes/projects/rccl/build/release/hipify/src/include/nccl_device/utility.h:51:40: note: expanded from macro 'NVCC_PRAGMA_UNROLL'
   51 | #define NVCC_PRAGMA_UNROLL(trip_count) DO_PRAGMA(unroll trip_count)
      |                                        ^
/work1/lmeadows/rccl-work/rccl-fakes/projects/rccl/build/release/hipify/src/include/nccl_device/utility.h:50:22: note: expanded from macro 'DO_PRAGMA'
   50 | #define DO_PRAGMA(x) _Pragma(#x)
      |                      ^
<scratch space>:132:10: note: expanded from here
  132 |  unroll (UnrollSrcs - 1 ? UnrollSrcs - 1 : 1)
      |          ^
2 warnings generated when compiling for host.
[4048/4366] DL compile: sym reduce_scatter_gin_sum_f8e5m2_profile (multi-arch fat object)
In file included from /work1/lmeadows/rccl-work/rccl-fakes/projects/rccl/build/release/hipify/gensrc/symmetric/reduce_scatter_gin_sum_f8e5m2_profile.cpp:3:
In file included from /work1/lmeadows/rccl-work/rccl-fakes/projects/rccl/build/release/hipify/src/device/symmetric/reduce_scatter_gin.h:6:
/work1/lmeadows/rccl-work/rccl-fakes/projects/rccl/build/release/hipify/src/device/symmetric/data_ops.h:256:5: warning: argument to '#pragma unroll' should not be in parentheses in CUDA C/C++ [-Wcuda-compat]
  256 |     NVCC_PRAGMA_UNROLL((UnrollSrcs - 1 ? UnrollSrcs - 1 : 1))
      |     ^
/work1/lmeadows/rccl-work/rccl-fakes/projects/rccl/build/release/hipify/src/include/nccl_device/utility.h:51:40: note: expanded from macro 'NVCC_PRAGMA_UNROLL'
   51 | #define NVCC_PRAGMA_UNROLL(trip_count) DO_PRAGMA(unroll trip_count)
      |                                        ^
/work1/lmeadows/rccl-work/rccl-fakes/projects/rccl/build/release/hipify/src/include/nccl_device/utility.h:50:22: note: expanded from macro 'DO_PRAGMA'
   50 | #define DO_PRAGMA(x) _Pragma(#x)
      |                      ^
<scratch space>:126:10: note: expanded from here
  126 |  unroll (UnrollSrcs - 1 ? UnrollSrcs - 1 : 1)
      |          ^
In file included from /work1/lmeadows/rccl-work/rccl-fakes/projects/rccl/build/release/hipify/gensrc/symmetric/reduce_scatter_gin_sum_f8e5m2_profile.cpp:3:
In file included from /work1/lmeadows/rccl-work/rccl-fakes/projects/rccl/build/release/hipify/src/device/symmetric/reduce_scatter_gin.h:6:
/work1/lmeadows/rccl-work/rccl-fakes/projects/rccl/build/release/hipify/src/device/symmetric/data_ops.h:268:5: warning: argument to '#pragma unroll' should not be in parentheses in CUDA C/C++ [-Wcuda-compat]
  268 |     NVCC_PRAGMA_UNROLL((UnrollSrcs - 1 ? UnrollSrcs - 1 : 1))
      |     ^
/work1/lmeadows/rccl-work/rccl-fakes/projects/rccl/build/release/hipify/src/include/nccl_device/utility.h:51:40: note: expanded from macro 'NVCC_PRAGMA_UNROLL'
   51 | #define NVCC_PRAGMA_UNROLL(trip_count) DO_PRAGMA(unroll trip_count)
      |                                        ^
/work1/lmeadows/rccl-work/rccl-fakes/projects/rccl/build/release/hipify/src/include/nccl_device/utility.h:50:22: note: expanded from macro 'DO_PRAGMA'
   50 | #define DO_PRAGMA(x) _Pragma(#x)
      |                      ^
<scratch space>:132:10: note: expanded from here
  132 |  unroll (UnrollSrcs - 1 ? UnrollSrcs - 1 : 1)
      |          ^
2 warnings generated when compiling for gfx950.
In file included from /work1/lmeadows/rccl-work/rccl-fakes/projects/rccl/build/release/hipify/gensrc/symmetric/reduce_scatter_gin_sum_f8e5m2_profile.cpp:3:
In file included from /work1/lmeadows/rccl-work/rccl-fakes/projects/rccl/build/release/hipify/src/device/symmetric/reduce_scatter_gin.h:6:
/work1/lmeadows/rccl-work/rccl-fakes/projects/rccl/build/release/hipify/src/device/symmetric/data_ops.h:256:5: warning: argument to '#pragma unroll' should not be in parentheses in CUDA C/C++ [-Wcuda-compat]
  256 |     NVCC_PRAGMA_UNROLL((UnrollSrcs - 1 ? UnrollSrcs - 1 : 1))
      |     ^
/work1/lmeadows/rccl-work/rccl-fakes/projects/rccl/build/release/hipify/src/include/nccl_device/utility.h:51:40: note: expanded from macro 'NVCC_PRAGMA_UNROLL'
   51 | #define NVCC_PRAGMA_UNROLL(trip_count) DO_PRAGMA(unroll trip_count)
      |                                        ^
/work1/lmeadows/rccl-work/rccl-fakes/projects/rccl/build/release/hipify/src/include/nccl_device/utility.h:50:22: note: expanded from macro 'DO_PRAGMA'
   50 | #define DO_PRAGMA(x) _Pragma(#x)
      |                      ^
<scratch space>:126:10: note: expanded from here
  126 |  unroll (UnrollSrcs - 1 ? UnrollSrcs - 1 : 1)
      |          ^
In file included from /work1/lmeadows/rccl-work/rccl-fakes/projects/rccl/build/release/hipify/gensrc/symmetric/reduce_scatter_gin_sum_f8e5m2_profile.cpp:3:
In file included from /work1/lmeadows/rccl-work/rccl-fakes/projects/rccl/build/release/hipify/src/device/symmetric/reduce_scatter_gin.h:6:
/work1/lmeadows/rccl-work/rccl-fakes/projects/rccl/build/release/hipify/src/device/symmetric/data_ops.h:268:5: warning: argument to '#pragma unroll' should not be in parentheses in CUDA C/C++ [-Wcuda-compat]
  268 |     NVCC_PRAGMA_UNROLL((UnrollSrcs - 1 ? UnrollSrcs - 1 : 1))
      |     ^
/work1/lmeadows/rccl-work/rccl-fakes/projects/rccl/build/release/hipify/src/include/nccl_device/utility.h:51:40: note: expanded from macro 'NVCC_PRAGMA_UNROLL'
   51 | #define NVCC_PRAGMA_UNROLL(trip_count) DO_PRAGMA(unroll trip_count)
      |                                        ^
/work1/lmeadows/rccl-work/rccl-fakes/projects/rccl/build/release/hipify/src/include/nccl_device/utility.h:50:22: note: expanded from macro 'DO_PRAGMA'
   50 | #define DO_PRAGMA(x) _Pragma(#x)
      |                      ^
<scratch space>:132:10: note: expanded from here
  132 |  unroll (UnrollSrcs - 1 ? UnrollSrcs - 1 : 1)
      |          ^
2 warnings generated when compiling for host.
[4049/4366] DL compile: sym reduce_scatter_gin_avg_bf16 (multi-arch fat object)
In file included from /work1/lmeadows/rccl-work/rccl-fakes/projects/rccl/build/release/hipify/gensrc/symmetric/reduce_scatter_gin_avg_bf16.cpp:3:
In file included from /work1/lmeadows/rccl-work/rccl-fakes/projects/rccl/build/release/hipify/src/device/symmetric/reduce_scatter_gin.h:6:
/work1/lmeadows/rccl-work/rccl-fakes/projects/rccl/build/release/hipify/src/device/symmetric/data_ops.h:256:5: warning: argument to '#pragma unroll' should not be in parentheses in CUDA C/C++ [-Wcuda-compat]
  256 |     NVCC_PRAGMA_UNROLL((UnrollSrcs - 1 ? UnrollSrcs - 1 : 1))
      |     ^
/work1/lmeadows/rccl-work/rccl-fakes/projects/rccl/build/release/hipify/src/include/nccl_device/utility.h:51:40: note: expanded from macro 'NVCC_PRAGMA_UNROLL'
   51 | #define NVCC_PRAGMA_UNROLL(trip_count) DO_PRAGMA(unroll trip_count)
      |                                        ^
/work1/lmeadows/rccl-work/rccl-fakes/projects/rccl/build/release/hipify/src/include/nccl_device/utility.h:50:22: note: expanded from macro 'DO_PRAGMA'
   50 | #define DO_PRAGMA(x) _Pragma(#x)
      |                      ^
<scratch space>:126:10: note: expanded from here
  126 |  unroll (UnrollSrcs - 1 ? UnrollSrcs - 1 : 1)
      |          ^
In file included from /work1/lmeadows/rccl-work/rccl-fakes/projects/rccl/build/release/hipify/gensrc/symmetric/reduce_scatter_gin_avg_bf16.cpp:3:
In file included from /work1/lmeadows/rccl-work/rccl-fakes/projects/rccl/build/release/hipify/src/device/symmetric/reduce_scatter_gin.h:6:
/work1/lmeadows/rccl-work/rccl-fakes/projects/rccl/build/release/hipify/src/device/symmetric/data_ops.h:268:5: warning: argument to '#pragma unroll' should not be in parentheses in CUDA C/C++ [-Wcuda-compat]
  268 |     NVCC_PRAGMA_UNROLL((UnrollSrcs - 1 ? UnrollSrcs - 1 : 1))
      |     ^
/work1/lmeadows/rccl-work/rccl-fakes/projects/rccl/build/release/hipify/src/include/nccl_device/utility.h:51:40: note: expanded from macro 'NVCC_PRAGMA_UNROLL'
   51 | #define NVCC_PRAGMA_UNROLL(trip_count) DO_PRAGMA(unroll trip_count)
      |                                        ^
/work1/lmeadows/rccl-work/rccl-fakes/projects/rccl/build/release/hipify/src/include/nccl_device/utility.h:50:22: note: expanded from macro 'DO_PRAGMA'
   50 | #define DO_PRAGMA(x) _Pragma(#x)
      |                      ^
<scratch space>:132:10: note: expanded from here
  132 |  unroll (UnrollSrcs - 1 ? UnrollSrcs - 1 : 1)
      |          ^
2 warnings generated when compiling for gfx950.
In file included from /work1/lmeadows/rccl-work/rccl-fakes/projects/rccl/build/release/hipify/gensrc/symmetric/reduce_scatter_gin_avg_bf16.cpp:3:
In file included from /work1/lmeadows/rccl-work/rccl-fakes/projects/rccl/build/release/hipify/src/device/symmetric/reduce_scatter_gin.h:6:
/work1/lmeadows/rccl-work/rccl-fakes/projects/rccl/build/release/hipify/src/device/symmetric/data_ops.h:256:5: warning: argument to '#pragma unroll' should not be in parentheses in CUDA C/C++ [-Wcuda-compat]
  256 |     NVCC_PRAGMA_UNROLL((UnrollSrcs - 1 ? UnrollSrcs - 1 : 1))
      |     ^
/work1/lmeadows/rccl-work/rccl-fakes/projects/rccl/build/release/hipify/src/include/nccl_device/utility.h:51:40: note: expanded from macro 'NVCC_PRAGMA_UNROLL'
   51 | #define NVCC_PRAGMA_UNROLL(trip_count) DO_PRAGMA(unroll trip_count)
      |                                        ^
/work1/lmeadows/rccl-work/rccl-fakes/projects/rccl/build/release/hipify/src/include/nccl_device/utility.h:50:22: note: expanded from macro 'DO_PRAGMA'
   50 | #define DO_PRAGMA(x) _Pragma(#x)
      |                      ^
<scratch space>:126:10: note: expanded from here
  126 |  unroll (UnrollSrcs - 1 ? UnrollSrcs - 1 : 1)
      |          ^
In file included from /work1/lmeadows/rccl-work/rccl-fakes/projects/rccl/build/release/hipify/gensrc/symmetric/reduce_scatter_gin_avg_bf16.cpp:3:
In file included from /work1/lmeadows/rccl-work/rccl-fakes/projects/rccl/build/release/hipify/src/device/symmetric/reduce_scatter_gin.h:6:
/work1/lmeadows/rccl-work/rccl-fakes/projects/rccl/build/release/hipify/src/device/symmetric/data_ops.h:268:5: warning: argument to '#pragma unroll' should not be in parentheses in CUDA C/C++ [-Wcuda-compat]
  268 |     NVCC_PRAGMA_UNROLL((UnrollSrcs - 1 ? UnrollSrcs - 1 : 1))
      |     ^
/work1/lmeadows/rccl-work/rccl-fakes/projects/rccl/build/release/hipify/src/include/nccl_device/utility.h:51:40: note: expanded from macro 'NVCC_PRAGMA_UNROLL'
   51 | #define NVCC_PRAGMA_UNROLL(trip_count) DO_PRAGMA(unroll trip_count)
      |                                        ^
/work1/lmeadows/rccl-work/rccl-fakes/projects/rccl/build/release/hipify/src/include/nccl_device/utility.h:50:22: note: expanded from macro 'DO_PRAGMA'
   50 | #define DO_PRAGMA(x) _Pragma(#x)
      |                      ^
<scratch space>:132:10: note: expanded from here
  132 |  unroll (UnrollSrcs - 1 ? UnrollSrcs - 1 : 1)
      |          ^
2 warnings generated when compiling for host.
[4050/4366] DL compile: sym reduce_scatter_gin_sum_f16 (multi-arch fat object)
In file included from /work1/lmeadows/rccl-work/rccl-fakes/projects/rccl/build/release/hipify/gensrc/symmetric/reduce_scatter_gin_sum_f16.cpp:3:
In file included from /work1/lmeadows/rccl-work/rccl-fakes/projects/rccl/build/release/hipify/src/device/symmetric/reduce_scatter_gin.h:6:
/work1/lmeadows/rccl-work/rccl-fakes/projects/rccl/build/release/hipify/src/device/symmetric/data_ops.h:256:5: warning: argument to '#pragma unroll' should not be in parentheses in CUDA C/C++ [-Wcuda-compat]
  256 |     NVCC_PRAGMA_UNROLL((UnrollSrcs - 1 ? UnrollSrcs - 1 : 1))
      |     ^
/work1/lmeadows/rccl-work/rccl-fakes/projects/rccl/build/release/hipify/src/include/nccl_device/utility.h:51:40: note: expanded from macro 'NVCC_PRAGMA_UNROLL'
   51 | #define NVCC_PRAGMA_UNROLL(trip_count) DO_PRAGMA(unroll trip_count)
      |                                        ^
/work1/lmeadows/rccl-work/rccl-fakes/projects/rccl/build/release/hipify/src/include/nccl_device/utility.h:50:22: note: expanded from macro 'DO_PRAGMA'
   50 | #define DO_PRAGMA(x) _Pragma(#x)
      |                      ^
<scratch space>:126:10: note: expanded from here
  126 |  unroll (UnrollSrcs - 1 ? UnrollSrcs - 1 : 1)
      |          ^
In file included from /work1/lmeadows/rccl-work/rccl-fakes/projects/rccl/build/release/hipify/gensrc/symmetric/reduce_scatter_gin_sum_f16.cpp:3:
In file included from /work1/lmeadows/rccl-work/rccl-fakes/projects/rccl/build/release/hipify/src/device/symmetric/reduce_scatter_gin.h:6:
/work1/lmeadows/rccl-work/rccl-fakes/projects/rccl/build/release/hipify/src/device/symmetric/data_ops.h:268:5: warning: argument to '#pragma unroll' should not be in parentheses in CUDA C/C++ [-Wcuda-compat]
  268 |     NVCC_PRAGMA_UNROLL((UnrollSrcs - 1 ? UnrollSrcs - 1 : 1))
      |     ^
/work1/lmeadows/rccl-work/rccl-fakes/projects/rccl/build/release/hipify/src/include/nccl_device/utility.h:51:40: note: expanded from macro 'NVCC_PRAGMA_UNROLL'
   51 | #define NVCC_PRAGMA_UNROLL(trip_count) DO_PRAGMA(unroll trip_count)
      |                                        ^
/work1/lmeadows/rccl-work/rccl-fakes/projects/rccl/build/release/hipify/src/include/nccl_device/utility.h:50:22: note: expanded from macro 'DO_PRAGMA'
   50 | #define DO_PRAGMA(x) _Pragma(#x)
      |                      ^
<scratch space>:132:10: note: expanded from here
  132 |  unroll (UnrollSrcs - 1 ? UnrollSrcs - 1 : 1)
      |          ^
2 warnings generated when compiling for gfx950.
In file included from /work1/lmeadows/rccl-work/rccl-fakes/projects/rccl/build/release/hipify/gensrc/symmetric/reduce_scatter_gin_sum_f16.cpp:3:
In file included from /work1/lmeadows/rccl-work/rccl-fakes/projects/rccl/build/release/hipify/src/device/symmetric/reduce_scatter_gin.h:6:
/work1/lmeadows/rccl-work/rccl-fakes/projects/rccl/build/release/hipify/src/device/symmetric/data_ops.h:256:5: warning: argument to '#pragma unroll' should not be in parentheses in CUDA C/C++ [-Wcuda-compat]
  256 |     NVCC_PRAGMA_UNROLL((UnrollSrcs - 1 ? UnrollSrcs - 1 : 1))
      |     ^
/work1/lmeadows/rccl-work/rccl-fakes/projects/rccl/build/release/hipify/src/include/nccl_device/utility.h:51:40: note: expanded from macro 'NVCC_PRAGMA_UNROLL'
   51 | #define NVCC_PRAGMA_UNROLL(trip_count) DO_PRAGMA(unroll trip_count)
      |                                        ^
/work1/lmeadows/rccl-work/rccl-fakes/projects/rccl/build/release/hipify/src/include/nccl_device/utility.h:50:22: note: expanded from macro 'DO_PRAGMA'
   50 | #define DO_PRAGMA(x) _Pragma(#x)
      |                      ^
<scratch space>:126:10: note: expanded from here
  126 |  unroll (UnrollSrcs - 1 ? UnrollSrcs - 1 : 1)
      |          ^
In file included from /work1/lmeadows/rccl-work/rccl-fakes/projects/rccl/build/release/hipify/gensrc/symmetric/reduce_scatter_gin_sum_f16.cpp:3:
In file included from /work1/lmeadows/rccl-work/rccl-fakes/projects/rccl/build/release/hipify/src/device/symmetric/reduce_scatter_gin.h:6:
/work1/lmeadows/rccl-work/rccl-fakes/projects/rccl/build/release/hipify/src/device/symmetric/data_ops.h:268:5: warning: argument to '#pragma unroll' should not be in parentheses in CUDA C/C++ [-Wcuda-compat]
  268 |     NVCC_PRAGMA_UNROLL((UnrollSrcs - 1 ? UnrollSrcs - 1 : 1))
      |     ^
/work1/lmeadows/rccl-work/rccl-fakes/projects/rccl/build/release/hipify/src/include/nccl_device/utility.h:51:40: note: expanded from macro 'NVCC_PRAGMA_UNROLL'
   51 | #define NVCC_PRAGMA_UNROLL(trip_count) DO_PRAGMA(unroll trip_count)
      |                                        ^
/work1/lmeadows/rccl-work/rccl-fakes/projects/rccl/build/release/hipify/src/include/nccl_device/utility.h:50:22: note: expanded from macro 'DO_PRAGMA'
   50 | #define DO_PRAGMA(x) _Pragma(#x)
      |                      ^
<scratch space>:132:10: note: expanded from here
  132 |  unroll (UnrollSrcs - 1 ? UnrollSrcs - 1 : 1)
      |          ^
2 warnings generated when compiling for host.
[4051/4366] DL compile: sym reduce_scatter_gin_sum_f16_profile (multi-arch fat object)
In file included from /work1/lmeadows/rccl-work/rccl-fakes/projects/rccl/build/release/hipify/gensrc/symmetric/reduce_scatter_gin_sum_f16_profile.cpp:3:
In file included from /work1/lmeadows/rccl-work/rccl-fakes/projects/rccl/build/release/hipify/src/device/symmetric/reduce_scatter_gin.h:6:
/work1/lmeadows/rccl-work/rccl-fakes/projects/rccl/build/release/hipify/src/device/symmetric/data_ops.h:256:5: warning: argument to '#pragma unroll' should not be in parentheses in CUDA C/C++ [-Wcuda-compat]
  256 |     NVCC_PRAGMA_UNROLL((UnrollSrcs - 1 ? UnrollSrcs - 1 : 1))
      |     ^
/work1/lmeadows/rccl-work/rccl-fakes/projects/rccl/build/release/hipify/src/include/nccl_device/utility.h:51:40: note: expanded from macro 'NVCC_PRAGMA_UNROLL'
   51 | #define NVCC_PRAGMA_UNROLL(trip_count) DO_PRAGMA(unroll trip_count)
      |                                        ^
/work1/lmeadows/rccl-work/rccl-fakes/projects/rccl/build/release/hipify/src/include/nccl_device/utility.h:50:22: note: expanded from macro 'DO_PRAGMA'
   50 | #define DO_PRAGMA(x) _Pragma(#x)
      |                      ^
<scratch space>:126:10: note: expanded from here
  126 |  unroll (UnrollSrcs - 1 ? UnrollSrcs - 1 : 1)
      |          ^
In file included from /work1/lmeadows/rccl-work/rccl-fakes/projects/rccl/build/release/hipify/gensrc/symmetric/reduce_scatter_gin_sum_f16_profile.cpp:3:
In file included from /work1/lmeadows/rccl-work/rccl-fakes/projects/rccl/build/release/hipify/src/device/symmetric/reduce_scatter_gin.h:6:
/work1/lmeadows/rccl-work/rccl-fakes/projects/rccl/build/release/hipify/src/device/symmetric/data_ops.h:268:5: warning: argument to '#pragma unroll' should not be in parentheses in CUDA C/C++ [-Wcuda-compat]
  268 |     NVCC_PRAGMA_UNROLL((UnrollSrcs - 1 ? UnrollSrcs - 1 : 1))
      |     ^
/work1/lmeadows/rccl-work/rccl-fakes/projects/rccl/build/release/hipify/src/include/nccl_device/utility.h:51:40: note: expanded from macro 'NVCC_PRAGMA_UNROLL'
   51 | #define NVCC_PRAGMA_UNROLL(trip_count) DO_PRAGMA(unroll trip_count)
      |                                        ^
/work1/lmeadows/rccl-work/rccl-fakes/projects/rccl/build/release/hipify/src/include/nccl_device/utility.h:50:22: note: expanded from macro 'DO_PRAGMA'
   50 | #define DO_PRAGMA(x) _Pragma(#x)
      |                      ^
<scratch space>:132:10: note: expanded from here
  132 |  unroll (UnrollSrcs - 1 ? UnrollSrcs - 1 : 1)
      |          ^
2 warnings generated when compiling for gfx950.
In file included from /work1/lmeadows/rccl-work/rccl-fakes/projects/rccl/build/release/hipify/gensrc/symmetric/reduce_scatter_gin_sum_f16_profile.cpp:3:
In file included from /work1/lmeadows/rccl-work/rccl-fakes/projects/rccl/build/release/hipify/src/device/symmetric/reduce_scatter_gin.h:6:
/work1/lmeadows/rccl-work/rccl-fakes/projects/rccl/build/release/hipify/src/device/symmetric/data_ops.h:256:5: warning: argument to '#pragma unroll' should not be in parentheses in CUDA C/C++ [-Wcuda-compat]
  256 |     NVCC_PRAGMA_UNROLL((UnrollSrcs - 1 ? UnrollSrcs - 1 : 1))
      |     ^
/work1/lmeadows/rccl-work/rccl-fakes/projects/rccl/build/release/hipify/src/include/nccl_device/utility.h:51:40: note: expanded from macro 'NVCC_PRAGMA_UNROLL'
   51 | #define NVCC_PRAGMA_UNROLL(trip_count) DO_PRAGMA(unroll trip_count)
      |                                        ^
/work1/lmeadows/rccl-work/rccl-fakes/projects/rccl/build/release/hipify/src/include/nccl_device/utility.h:50:22: note: expanded from macro 'DO_PRAGMA'
   50 | #define DO_PRAGMA(x) _Pragma(#x)
      |                      ^
<scratch space>:126:10: note: expanded from here
  126 |  unroll (UnrollSrcs - 1 ? UnrollSrcs - 1 : 1)
      |          ^
In file included from /work1/lmeadows/rccl-work/rccl-fakes/projects/rccl/build/release/hipify/gensrc/symmetric/reduce_scatter_gin_sum_f16_profile.cpp:3:
In file included from /work1/lmeadows/rccl-work/rccl-fakes/projects/rccl/build/release/hipify/src/device/symmetric/reduce_scatter_gin.h:6:
/work1/lmeadows/rccl-work/rccl-fakes/projects/rccl/build/release/hipify/src/device/symmetric/data_ops.h:268:5: warning: argument to '#pragma unroll' should not be in parentheses in CUDA C/C++ [-Wcuda-compat]
  268 |     NVCC_PRAGMA_UNROLL((UnrollSrcs - 1 ? UnrollSrcs - 1 : 1))
      |     ^
/work1/lmeadows/rccl-work/rccl-fakes/projects/rccl/build/release/hipify/src/include/nccl_device/utility.h:51:40: note: expanded from macro 'NVCC_PRAGMA_UNROLL'
   51 | #define NVCC_PRAGMA_UNROLL(trip_count) DO_PRAGMA(unroll trip_count)
      |                                        ^
/work1/lmeadows/rccl-work/rccl-fakes/projects/rccl/build/release/hipify/src/include/nccl_device/utility.h:50:22: note: expanded from macro 'DO_PRAGMA'
   50 | #define DO_PRAGMA(x) _Pragma(#x)
      |                      ^
<scratch space>:132:10: note: expanded from here
  132 |  unroll (UnrollSrcs - 1 ? UnrollSrcs - 1 : 1)
      |          ^
2 warnings generated when compiling for host.
[4052/4366] DL compile: sym reduce_scatter_gin_avg_f16 (multi-arch fat object)
In file included from /work1/lmeadows/rccl-work/rccl-fakes/projects/rccl/build/release/hipify/gensrc/symmetric/reduce_scatter_gin_avg_f16.cpp:3:
In file included from /work1/lmeadows/rccl-work/rccl-fakes/projects/rccl/build/release/hipify/src/device/symmetric/reduce_scatter_gin.h:6:
/work1/lmeadows/rccl-work/rccl-fakes/projects/rccl/build/release/hipify/src/device/symmetric/data_ops.h:256:5: warning: argument to '#pragma unroll' should not be in parentheses in CUDA C/C++ [-Wcuda-compat]
  256 |     NVCC_PRAGMA_UNROLL((UnrollSrcs - 1 ? UnrollSrcs - 1 : 1))
      |     ^
/work1/lmeadows/rccl-work/rccl-fakes/projects/rccl/build/release/hipify/src/include/nccl_device/utility.h:51:40: note: expanded from macro 'NVCC_PRAGMA_UNROLL'
   51 | #define NVCC_PRAGMA_UNROLL(trip_count) DO_PRAGMA(unroll trip_count)
      |                                        ^
/work1/lmeadows/rccl-work/rccl-fakes/projects/rccl/build/release/hipify/src/include/nccl_device/utility.h:50:22: note: expanded from macro 'DO_PRAGMA'
   50 | #define DO_PRAGMA(x) _Pragma(#x)
      |                      ^
<scratch space>:126:10: note: expanded from here
  126 |  unroll (UnrollSrcs - 1 ? UnrollSrcs - 1 : 1)
      |          ^
In file included from /work1/lmeadows/rccl-work/rccl-fakes/projects/rccl/build/release/hipify/gensrc/symmetric/reduce_scatter_gin_avg_f16.cpp:3:
In file included from /work1/lmeadows/rccl-work/rccl-fakes/projects/rccl/build/release/hipify/src/device/symmetric/reduce_scatter_gin.h:6:
/work1/lmeadows/rccl-work/rccl-fakes/projects/rccl/build/release/hipify/src/device/symmetric/data_ops.h:268:5: warning: argument to '#pragma unroll' should not be in parentheses in CUDA C/C++ [-Wcuda-compat]
  268 |     NVCC_PRAGMA_UNROLL((UnrollSrcs - 1 ? UnrollSrcs - 1 : 1))
      |     ^
/work1/lmeadows/rccl-work/rccl-fakes/projects/rccl/build/release/hipify/src/include/nccl_device/utility.h:51:40: note: expanded from macro 'NVCC_PRAGMA_UNROLL'
   51 | #define NVCC_PRAGMA_UNROLL(trip_count) DO_PRAGMA(unroll trip_count)
      |                                        ^
/work1/lmeadows/rccl-work/rccl-fakes/projects/rccl/build/release/hipify/src/include/nccl_device/utility.h:50:22: note: expanded from macro 'DO_PRAGMA'
   50 | #define DO_PRAGMA(x) _Pragma(#x)
      |                      ^
<scratch space>:132:10: note: expanded from here
  132 |  unroll (UnrollSrcs - 1 ? UnrollSrcs - 1 : 1)
      |          ^
2 warnings generated when compiling for gfx950.
In file included from /work1/lmeadows/rccl-work/rccl-fakes/projects/rccl/build/release/hipify/gensrc/symmetric/reduce_scatter_gin_avg_f16.cpp:3:
In file included from /work1/lmeadows/rccl-work/rccl-fakes/projects/rccl/build/release/hipify/src/device/symmetric/reduce_scatter_gin.h:6:
/work1/lmeadows/rccl-work/rccl-fakes/projects/rccl/build/release/hipify/src/device/symmetric/data_ops.h:256:5: warning: argument to '#pragma unroll' should not be in parentheses in CUDA C/C++ [-Wcuda-compat]
  256 |     NVCC_PRAGMA_UNROLL((UnrollSrcs - 1 ? UnrollSrcs - 1 : 1))
      |     ^
/work1/lmeadows/rccl-work/rccl-fakes/projects/rccl/build/release/hipify/src/include/nccl_device/utility.h:51:40: note: expanded from macro 'NVCC_PRAGMA_UNROLL'
   51 | #define NVCC_PRAGMA_UNROLL(trip_count) DO_PRAGMA(unroll trip_count)
      |                                        ^
/work1/lmeadows/rccl-work/rccl-fakes/projects/rccl/build/release/hipify/src/include/nccl_device/utility.h:50:22: note: expanded from macro 'DO_PRAGMA'
   50 | #define DO_PRAGMA(x) _Pragma(#x)
      |                      ^
<scratch space>:126:10: note: expanded from here
  126 |  unroll (UnrollSrcs - 1 ? UnrollSrcs - 1 : 1)
      |          ^
In file included from /work1/lmeadows/rccl-work/rccl-fakes/projects/rccl/build/release/hipify/gensrc/symmetric/reduce_scatter_gin_avg_f16.cpp:3:
In file included from /work1/lmeadows/rccl-work/rccl-fakes/projects/rccl/build/release/hipify/src/device/symmetric/reduce_scatter_gin.h:6:
/work1/lmeadows/rccl-work/rccl-fakes/projects/rccl/build/release/hipify/src/device/symmetric/data_ops.h:268:5: warning: argument to '#pragma unroll' should not be in parentheses in CUDA C/C++ [-Wcuda-compat]
  268 |     NVCC_PRAGMA_UNROLL((UnrollSrcs - 1 ? UnrollSrcs - 1 : 1))
      |     ^
/work1/lmeadows/rccl-work/rccl-fakes/projects/rccl/build/release/hipify/src/include/nccl_device/utility.h:51:40: note: expanded from macro 'NVCC_PRAGMA_UNROLL'
   51 | #define NVCC_PRAGMA_UNROLL(trip_count) DO_PRAGMA(unroll trip_count)
      |                                        ^
/work1/lmeadows/rccl-work/rccl-fakes/projects/rccl/build/release/hipify/src/include/nccl_device/utility.h:50:22: note: expanded from macro 'DO_PRAGMA'
   50 | #define DO_PRAGMA(x) _Pragma(#x)
      |                      ^
<scratch space>:132:10: note: expanded from here
  132 |  unroll (UnrollSrcs - 1 ? UnrollSrcs - 1 : 1)
      |          ^
2 warnings generated when compiling for host.
[4053/4366] DL compile: sym reduce_scatter_gin_avg_f16_profile (multi-arch fat object)
In file included from /work1/lmeadows/rccl-work/rccl-fakes/projects/rccl/build/release/hipify/gensrc/symmetric/reduce_scatter_gin_avg_f16_profile.cpp:3:
In file included from /work1/lmeadows/rccl-work/rccl-fakes/projects/rccl/build/release/hipify/src/device/symmetric/reduce_scatter_gin.h:6:
/work1/lmeadows/rccl-work/rccl-fakes/projects/rccl/build/release/hipify/src/device/symmetric/data_ops.h:256:5: warning: argument to '#pragma unroll' should not be in parentheses in CUDA C/C++ [-Wcuda-compat]
  256 |     NVCC_PRAGMA_UNROLL((UnrollSrcs - 1 ? UnrollSrcs - 1 : 1))
      |     ^
/work1/lmeadows/rccl-work/rccl-fakes/projects/rccl/build/release/hipify/src/include/nccl_device/utility.h:51:40: note: expanded from macro 'NVCC_PRAGMA_UNROLL'
   51 | #define NVCC_PRAGMA_UNROLL(trip_count) DO_PRAGMA(unroll trip_count)
      |                                        ^
/work1/lmeadows/rccl-work/rccl-fakes/projects/rccl/build/release/hipify/src/include/nccl_device/utility.h:50:22: note: expanded from macro 'DO_PRAGMA'
   50 | #define DO_PRAGMA(x) _Pragma(#x)
      |                      ^
<scratch space>:126:10: note: expanded from here
  126 |  unroll (UnrollSrcs - 1 ? UnrollSrcs - 1 : 1)
      |          ^
In file included from /work1/lmeadows/rccl-work/rccl-fakes/projects/rccl/build/release/hipify/gensrc/symmetric/reduce_scatter_gin_avg_f16_profile.cpp:3:
In file included from /work1/lmeadows/rccl-work/rccl-fakes/projects/rccl/build/release/hipify/src/device/symmetric/reduce_scatter_gin.h:6:
/work1/lmeadows/rccl-work/rccl-fakes/projects/rccl/build/release/hipify/src/device/symmetric/data_ops.h:268:5: warning: argument to '#pragma unroll' should not be in parentheses in CUDA C/C++ [-Wcuda-compat]
  268 |     NVCC_PRAGMA_UNROLL((UnrollSrcs - 1 ? UnrollSrcs - 1 : 1))
      |     ^
/work1/lmeadows/rccl-work/rccl-fakes/projects/rccl/build/release/hipify/src/include/nccl_device/utility.h:51:40: note: expanded from macro 'NVCC_PRAGMA_UNROLL'
   51 | #define NVCC_PRAGMA_UNROLL(trip_count) DO_PRAGMA(unroll trip_count)
      |                                        ^
/work1/lmeadows/rccl-work/rccl-fakes/projects/rccl/build/release/hipify/src/include/nccl_device/utility.h:50:22: note: expanded from macro 'DO_PRAGMA'
   50 | #define DO_PRAGMA(x) _Pragma(#x)
      |                      ^
<scratch space>:132:10: note: expanded from here
  132 |  unroll (UnrollSrcs - 1 ? UnrollSrcs - 1 : 1)
      |          ^
2 warnings generated when compiling for gfx950.
In file included from /work1/lmeadows/rccl-work/rccl-fakes/projects/rccl/build/release/hipify/gensrc/symmetric/reduce_scatter_gin_avg_f16_profile.cpp:3:
In file included from /work1/lmeadows/rccl-work/rccl-fakes/projects/rccl/build/release/hipify/src/device/symmetric/reduce_scatter_gin.h:6:
/work1/lmeadows/rccl-work/rccl-fakes/projects/rccl/build/release/hipify/src/device/symmetric/data_ops.h:256:5: warning: argument to '#pragma unroll' should not be in parentheses in CUDA C/C++ [-Wcuda-compat]
  256 |     NVCC_PRAGMA_UNROLL((UnrollSrcs - 1 ? UnrollSrcs - 1 : 1))
      |     ^
/work1/lmeadows/rccl-work/rccl-fakes/projects/rccl/build/release/hipify/src/include/nccl_device/utility.h:51:40: note: expanded from macro 'NVCC_PRAGMA_UNROLL'
   51 | #define NVCC_PRAGMA_UNROLL(trip_count) DO_PRAGMA(unroll trip_count)
      |                                        ^
/work1/lmeadows/rccl-work/rccl-fakes/projects/rccl/build/release/hipify/src/include/nccl_device/utility.h:50:22: note: expanded from macro 'DO_PRAGMA'
   50 | #define DO_PRAGMA(x) _Pragma(#x)
      |                      ^
<scratch space>:126:10: note: expanded from here
  126 |  unroll (UnrollSrcs - 1 ? UnrollSrcs - 1 : 1)
      |          ^
In file included from /work1/lmeadows/rccl-work/rccl-fakes/projects/rccl/build/release/hipify/gensrc/symmetric/reduce_scatter_gin_avg_f16_profile.cpp:3:
In file included from /work1/lmeadows/rccl-work/rccl-fakes/projects/rccl/build/release/hipify/src/device/symmetric/reduce_scatter_gin.h:6:
/work1/lmeadows/rccl-work/rccl-fakes/projects/rccl/build/release/hipify/src/device/symmetric/data_ops.h:268:5: warning: argument to '#pragma unroll' should not be in parentheses in CUDA C/C++ [-Wcuda-compat]
  268 |     NVCC_PRAGMA_UNROLL((UnrollSrcs - 1 ? UnrollSrcs - 1 : 1))
      |     ^
/work1/lmeadows/rccl-work/rccl-fakes/projects/rccl/build/release/hipify/src/include/nccl_device/utility.h:51:40: note: expanded from macro 'NVCC_PRAGMA_UNROLL'
   51 | #define NVCC_PRAGMA_UNROLL(trip_count) DO_PRAGMA(unroll trip_count)
      |                                        ^
/work1/lmeadows/rccl-work/rccl-fakes/projects/rccl/build/release/hipify/src/include/nccl_device/utility.h:50:22: note: expanded from macro 'DO_PRAGMA'
   50 | #define DO_PRAGMA(x) _Pragma(#x)
      |                      ^
<scratch space>:132:10: note: expanded from here
  132 |  unroll (UnrollSrcs - 1 ? UnrollSrcs - 1 : 1)
      |          ^
2 warnings generated when compiling for host.
[4054/4366] DL compile: sym reduce_scatter_gin_avg_bf16_profile (multi-arch fat object)
In file included from /work1/lmeadows/rccl-work/rccl-fakes/projects/rccl/build/release/hipify/gensrc/symmetric/reduce_scatter_gin_avg_bf16_profile.cpp:3:
In file included from /work1/lmeadows/rccl-work/rccl-fakes/projects/rccl/build/release/hipify/src/device/symmetric/reduce_scatter_gin.h:6:
/work1/lmeadows/rccl-work/rccl-fakes/projects/rccl/build/release/hipify/src/device/symmetric/data_ops.h:256:5: warning: argument to '#pragma unroll' should not be in parentheses in CUDA C/C++ [-Wcuda-compat]
  256 |     NVCC_PRAGMA_UNROLL((UnrollSrcs - 1 ? UnrollSrcs - 1 : 1))
      |     ^
/work1/lmeadows/rccl-work/rccl-fakes/projects/rccl/build/release/hipify/src/include/nccl_device/utility.h:51:40: note: expanded from macro 'NVCC_PRAGMA_UNROLL'
   51 | #define NVCC_PRAGMA_UNROLL(trip_count) DO_PRAGMA(unroll trip_count)
      |                                        ^
/work1/lmeadows/rccl-work/rccl-fakes/projects/rccl/build/release/hipify/src/include/nccl_device/utility.h:50:22: note: expanded from macro 'DO_PRAGMA'
   50 | #define DO_PRAGMA(x) _Pragma(#x)
      |                      ^
<scratch space>:126:10: note: expanded from here
  126 |  unroll (UnrollSrcs - 1 ? UnrollSrcs - 1 : 1)
      |          ^
In file included from /work1/lmeadows/rccl-work/rccl-fakes/projects/rccl/build/release/hipify/gensrc/symmetric/reduce_scatter_gin_avg_bf16_profile.cpp:3:
In file included from /work1/lmeadows/rccl-work/rccl-fakes/projects/rccl/build/release/hipify/src/device/symmetric/reduce_scatter_gin.h:6:
/work1/lmeadows/rccl-work/rccl-fakes/projects/rccl/build/release/hipify/src/device/symmetric/data_ops.h:268:5: warning: argument to '#pragma unroll' should not be in parentheses in CUDA C/C++ [-Wcuda-compat]
  268 |     NVCC_PRAGMA_UNROLL((UnrollSrcs - 1 ? UnrollSrcs - 1 : 1))
      |     ^
/work1/lmeadows/rccl-work/rccl-fakes/projects/rccl/build/release/hipify/src/include/nccl_device/utility.h:51:40: note: expanded from macro 'NVCC_PRAGMA_UNROLL'
   51 | #define NVCC_PRAGMA_UNROLL(trip_count) DO_PRAGMA(unroll trip_count)
      |                                        ^
/work1/lmeadows/rccl-work/rccl-fakes/projects/rccl/build/release/hipify/src/include/nccl_device/utility.h:50:22: note: expanded from macro 'DO_PRAGMA'
   50 | #define DO_PRAGMA(x) _Pragma(#x)
      |                      ^
<scratch space>:132:10: note: expanded from here
  132 |  unroll (UnrollSrcs - 1 ? UnrollSrcs - 1 : 1)
      |          ^
2 warnings generated when compiling for gfx950.
In file included from /work1/lmeadows/rccl-work/rccl-fakes/projects/rccl/build/release/hipify/gensrc/symmetric/reduce_scatter_gin_avg_bf16_profile.cpp:3:
In file included from /work1/lmeadows/rccl-work/rccl-fakes/projects/rccl/build/release/hipify/src/device/symmetric/reduce_scatter_gin.h:6:
/work1/lmeadows/rccl-work/rccl-fakes/projects/rccl/build/release/hipify/src/device/symmetric/data_ops.h:256:5: warning: argument to '#pragma unroll' should not be in parentheses in CUDA C/C++ [-Wcuda-compat]
  256 |     NVCC_PRAGMA_UNROLL((UnrollSrcs - 1 ? UnrollSrcs - 1 : 1))
      |     ^
/work1/lmeadows/rccl-work/rccl-fakes/projects/rccl/build/release/hipify/src/include/nccl_device/utility.h:51:40: note: expanded from macro 'NVCC_PRAGMA_UNROLL'
   51 | #define NVCC_PRAGMA_UNROLL(trip_count) DO_PRAGMA(unroll trip_count)
      |                                        ^
/work1/lmeadows/rccl-work/rccl-fakes/projects/rccl/build/release/hipify/src/include/nccl_device/utility.h:50:22: note: expanded from macro 'DO_PRAGMA'
   50 | #define DO_PRAGMA(x) _Pragma(#x)
      |                      ^
<scratch space>:126:10: note: expanded from here
  126 |  unroll (UnrollSrcs - 1 ? UnrollSrcs - 1 : 1)
      |          ^
In file included from /work1/lmeadows/rccl-work/rccl-fakes/projects/rccl/build/release/hipify/gensrc/symmetric/reduce_scatter_gin_avg_bf16_profile.cpp:3:
In file included from /work1/lmeadows/rccl-work/rccl-fakes/projects/rccl/build/release/hipify/src/device/symmetric/reduce_scatter_gin.h:6:
/work1/lmeadows/rccl-work/rccl-fakes/projects/rccl/build/release/hipify/src/device/symmetric/data_ops.h:268:5: warning: argument to '#pragma unroll' should not be in parentheses in CUDA C/C++ [-Wcuda-compat]
  268 |     NVCC_PRAGMA_UNROLL((UnrollSrcs - 1 ? UnrollSrcs - 1 : 1))
      |     ^
/work1/lmeadows/rccl-work/rccl-fakes/projects/rccl/build/release/hipify/src/include/nccl_device/utility.h:51:40: note: expanded from macro 'NVCC_PRAGMA_UNROLL'
   51 | #define NVCC_PRAGMA_UNROLL(trip_count) DO_PRAGMA(unroll trip_count)
      |                                        ^
/work1/lmeadows/rccl-work/rccl-fakes/projects/rccl/build/release/hipify/src/include/nccl_device/utility.h:50:22: note: expanded from macro 'DO_PRAGMA'
   50 | #define DO_PRAGMA(x) _Pragma(#x)
      |                      ^
<scratch space>:132:10: note: expanded from here
  132 |  unroll (UnrollSrcs - 1 ? UnrollSrcs - 1 : 1)
      |          ^
2 warnings generated when compiling for host.
[4055/4366] DL compile: sym reduce_scatter_gin_avg_f8e4m3 (multi-arch fat object)
In file included from /work1/lmeadows/rccl-work/rccl-fakes/projects/rccl/build/release/hipify/gensrc/symmetric/reduce_scatter_gin_avg_f8e4m3.cpp:3:
In file included from /work1/lmeadows/rccl-work/rccl-fakes/projects/rccl/build/release/hipify/src/device/symmetric/reduce_scatter_gin.h:6:
/work1/lmeadows/rccl-work/rccl-fakes/projects/rccl/build/release/hipify/src/device/symmetric/data_ops.h:256:5: warning: argument to '#pragma unroll' should not be in parentheses in CUDA C/C++ [-Wcuda-compat]
  256 |     NVCC_PRAGMA_UNROLL((UnrollSrcs - 1 ? UnrollSrcs - 1 : 1))
      |     ^
/work1/lmeadows/rccl-work/rccl-fakes/projects/rccl/build/release/hipify/src/include/nccl_device/utility.h:51:40: note: expanded from macro 'NVCC_PRAGMA_UNROLL'
   51 | #define NVCC_PRAGMA_UNROLL(trip_count) DO_PRAGMA(unroll trip_count)
      |                                        ^
/work1/lmeadows/rccl-work/rccl-fakes/projects/rccl/build/release/hipify/src/include/nccl_device/utility.h:50:22: note: expanded from macro 'DO_PRAGMA'
   50 | #define DO_PRAGMA(x) _Pragma(#x)
      |                      ^
<scratch space>:126:10: note: expanded from here
  126 |  unroll (UnrollSrcs - 1 ? UnrollSrcs - 1 : 1)
      |          ^
In file included from /work1/lmeadows/rccl-work/rccl-fakes/projects/rccl/build/release/hipify/gensrc/symmetric/reduce_scatter_gin_avg_f8e4m3.cpp:3:
In file included from /work1/lmeadows/rccl-work/rccl-fakes/projects/rccl/build/release/hipify/src/device/symmetric/reduce_scatter_gin.h:6:
/work1/lmeadows/rccl-work/rccl-fakes/projects/rccl/build/release/hipify/src/device/symmetric/data_ops.h:268:5: warning: argument to '#pragma unroll' should not be in parentheses in CUDA C/C++ [-Wcuda-compat]
  268 |     NVCC_PRAGMA_UNROLL((UnrollSrcs - 1 ? UnrollSrcs - 1 : 1))
      |     ^
/work1/lmeadows/rccl-work/rccl-fakes/projects/rccl/build/release/hipify/src/include/nccl_device/utility.h:51:40: note: expanded from macro 'NVCC_PRAGMA_UNROLL'
   51 | #define NVCC_PRAGMA_UNROLL(trip_count) DO_PRAGMA(unroll trip_count)
      |                                        ^
/work1/lmeadows/rccl-work/rccl-fakes/projects/rccl/build/release/hipify/src/include/nccl_device/utility.h:50:22: note: expanded from macro 'DO_PRAGMA'
   50 | #define DO_PRAGMA(x) _Pragma(#x)
      |                      ^
<scratch space>:132:10: note: expanded from here
  132 |  unroll (UnrollSrcs - 1 ? UnrollSrcs - 1 : 1)
      |          ^
2 warnings generated when compiling for gfx950.
In file included from /work1/lmeadows/rccl-work/rccl-fakes/projects/rccl/build/release/hipify/gensrc/symmetric/reduce_scatter_gin_avg_f8e4m3.cpp:3:
In file included from /work1/lmeadows/rccl-work/rccl-fakes/projects/rccl/build/release/hipify/src/device/symmetric/reduce_scatter_gin.h:6:
/work1/lmeadows/rccl-work/rccl-fakes/projects/rccl/build/release/hipify/src/device/symmetric/data_ops.h:256:5: warning: argument to '#pragma unroll' should not be in parentheses in CUDA C/C++ [-Wcuda-compat]
  256 |     NVCC_PRAGMA_UNROLL((UnrollSrcs - 1 ? UnrollSrcs - 1 : 1))
      |     ^
/work1/lmeadows/rccl-work/rccl-fakes/projects/rccl/build/release/hipify/src/include/nccl_device/utility.h:51:40: note: expanded from macro 'NVCC_PRAGMA_UNROLL'
   51 | #define NVCC_PRAGMA_UNROLL(trip_count) DO_PRAGMA(unroll trip_count)
      |                                        ^
/work1/lmeadows/rccl-work/rccl-fakes/projects/rccl/build/release/hipify/src/include/nccl_device/utility.h:50:22: note: expanded from macro 'DO_PRAGMA'
   50 | #define DO_PRAGMA(x) _Pragma(#x)
      |                      ^
<scratch space>:126:10: note: expanded from here
  126 |  unroll (UnrollSrcs - 1 ? UnrollSrcs - 1 : 1)
      |          ^
In file included from /work1/lmeadows/rccl-work/rccl-fakes/projects/rccl/build/release/hipify/gensrc/symmetric/reduce_scatter_gin_avg_f8e4m3.cpp:3:
In file included from /work1/lmeadows/rccl-work/rccl-fakes/projects/rccl/build/release/hipify/src/device/symmetric/reduce_scatter_gin.h:6:
/work1/lmeadows/rccl-work/rccl-fakes/projects/rccl/build/release/hipify/src/device/symmetric/data_ops.h:268:5: warning: argument to '#pragma unroll' should not be in parentheses in CUDA C/C++ [-Wcuda-compat]
  268 |     NVCC_PRAGMA_UNROLL((UnrollSrcs - 1 ? UnrollSrcs - 1 : 1))
      |     ^
/work1/lmeadows/rccl-work/rccl-fakes/projects/rccl/build/release/hipify/src/include/nccl_device/utility.h:51:40: note: expanded from macro 'NVCC_PRAGMA_UNROLL'
   51 | #define NVCC_PRAGMA_UNROLL(trip_count) DO_PRAGMA(unroll trip_count)
      |                                        ^
/work1/lmeadows/rccl-work/rccl-fakes/projects/rccl/build/release/hipify/src/include/nccl_device/utility.h:50:22: note: expanded from macro 'DO_PRAGMA'
   50 | #define DO_PRAGMA(x) _Pragma(#x)
      |                      ^
<scratch space>:132:10: note: expanded from here
  132 |  unroll (UnrollSrcs - 1 ? UnrollSrcs - 1 : 1)
      |          ^
2 warnings generated when compiling for host.
[4056/4366] DL compile: sym reduce_scatter_gin_avg_f8e5m2_profile (multi-arch fat object)
In file included from /work1/lmeadows/rccl-work/rccl-fakes/projects/rccl/build/release/hipify/gensrc/symmetric/reduce_scatter_gin_avg_f8e5m2_profile.cpp:3:
In file included from /work1/lmeadows/rccl-work/rccl-fakes/projects/rccl/build/release/hipify/src/device/symmetric/reduce_scatter_gin.h:6:
/work1/lmeadows/rccl-work/rccl-fakes/projects/rccl/build/release/hipify/src/device/symmetric/data_ops.h:256:5: warning: argument to '#pragma unroll' should not be in parentheses in CUDA C/C++ [-Wcuda-compat]
  256 |     NVCC_PRAGMA_UNROLL((UnrollSrcs - 1 ? UnrollSrcs - 1 : 1))
      |     ^
/work1/lmeadows/rccl-work/rccl-fakes/projects/rccl/build/release/hipify/src/include/nccl_device/utility.h:51:40: note: expanded from macro 'NVCC_PRAGMA_UNROLL'
   51 | #define NVCC_PRAGMA_UNROLL(trip_count) DO_PRAGMA(unroll trip_count)
      |                                        ^
/work1/lmeadows/rccl-work/rccl-fakes/projects/rccl/build/release/hipify/src/include/nccl_device/utility.h:50:22: note: expanded from macro 'DO_PRAGMA'
   50 | #define DO_PRAGMA(x) _Pragma(#x)
      |                      ^
<scratch space>:126:10: note: expanded from here
  126 |  unroll (UnrollSrcs - 1 ? UnrollSrcs - 1 : 1)
      |          ^
In file included from /work1/lmeadows/rccl-work/rccl-fakes/projects/rccl/build/release/hipify/gensrc/symmetric/reduce_scatter_gin_avg_f8e5m2_profile.cpp:3:
In file included from /work1/lmeadows/rccl-work/rccl-fakes/projects/rccl/build/release/hipify/src/device/symmetric/reduce_scatter_gin.h:6:
/work1/lmeadows/rccl-work/rccl-fakes/projects/rccl/build/release/hipify/src/device/symmetric/data_ops.h:268:5: warning: argument to '#pragma unroll' should not be in parentheses in CUDA C/C++ [-Wcuda-compat]
  268 |     NVCC_PRAGMA_UNROLL((UnrollSrcs - 1 ? UnrollSrcs - 1 : 1))
      |     ^
/work1/lmeadows/rccl-work/rccl-fakes/projects/rccl/build/release/hipify/src/include/nccl_device/utility.h:51:40: note: expanded from macro 'NVCC_PRAGMA_UNROLL'
   51 | #define NVCC_PRAGMA_UNROLL(trip_count) DO_PRAGMA(unroll trip_count)
      |                                        ^
/work1/lmeadows/rccl-work/rccl-fakes/projects/rccl/build/release/hipify/src/include/nccl_device/utility.h:50:22: note: expanded from macro 'DO_PRAGMA'
   50 | #define DO_PRAGMA(x) _Pragma(#x)
      |                      ^
<scratch space>:132:10: note: expanded from here
  132 |  unroll (UnrollSrcs - 1 ? UnrollSrcs - 1 : 1)
      |          ^
2 warnings generated when compiling for gfx950.
In file included from /work1/lmeadows/rccl-work/rccl-fakes/projects/rccl/build/release/hipify/gensrc/symmetric/reduce_scatter_gin_avg_f8e5m2_profile.cpp:3:
In file included from /work1/lmeadows/rccl-work/rccl-fakes/projects/rccl/build/release/hipify/src/device/symmetric/reduce_scatter_gin.h:6:
/work1/lmeadows/rccl-work/rccl-fakes/projects/rccl/build/release/hipify/src/device/symmetric/data_ops.h:256:5: warning: argument to '#pragma unroll' should not be in parentheses in CUDA C/C++ [-Wcuda-compat]
  256 |     NVCC_PRAGMA_UNROLL((UnrollSrcs - 1 ? UnrollSrcs - 1 : 1))
      |     ^
/work1/lmeadows/rccl-work/rccl-fakes/projects/rccl/build/release/hipify/src/include/nccl_device/utility.h:51:40: note: expanded from macro 'NVCC_PRAGMA_UNROLL'
   51 | #define NVCC_PRAGMA_UNROLL(trip_count) DO_PRAGMA(unroll trip_count)
      |                                        ^
/work1/lmeadows/rccl-work/rccl-fakes/projects/rccl/build/release/hipify/src/include/nccl_device/utility.h:50:22: note: expanded from macro 'DO_PRAGMA'
   50 | #define DO_PRAGMA(x) _Pragma(#x)
      |                      ^
<scratch space>:126:10: note: expanded from here
  126 |  unroll (UnrollSrcs - 1 ? UnrollSrcs - 1 : 1)
      |          ^
In file included from /work1/lmeadows/rccl-work/rccl-fakes/projects/rccl/build/release/hipify/gensrc/symmetric/reduce_scatter_gin_avg_f8e5m2_profile.cpp:3:
In file included from /work1/lmeadows/rccl-work/rccl-fakes/projects/rccl/build/release/hipify/src/device/symmetric/reduce_scatter_gin.h:6:
/work1/lmeadows/rccl-work/rccl-fakes/projects/rccl/build/release/hipify/src/device/symmetric/data_ops.h:268:5: warning: argument to '#pragma unroll' should not be in parentheses in CUDA C/C++ [-Wcuda-compat]
  268 |     NVCC_PRAGMA_UNROLL((UnrollSrcs - 1 ? UnrollSrcs - 1 : 1))
      |     ^
/work1/lmeadows/rccl-work/rccl-fakes/projects/rccl/build/release/hipify/src/include/nccl_device/utility.h:51:40: note: expanded from macro 'NVCC_PRAGMA_UNROLL'
   51 | #define NVCC_PRAGMA_UNROLL(trip_count) DO_PRAGMA(unroll trip_count)
      |                                        ^
/work1/lmeadows/rccl-work/rccl-fakes/projects/rccl/build/release/hipify/src/include/nccl_device/utility.h:50:22: note: expanded from macro 'DO_PRAGMA'
   50 | #define DO_PRAGMA(x) _Pragma(#x)
      |                      ^
<scratch space>:132:10: note: expanded from here
  132 |  unroll (UnrollSrcs - 1 ? UnrollSrcs - 1 : 1)
      |          ^
2 warnings generated when compiling for host.
[4057/4366] DL compile: sym reduce_scatter_gin_avg_f8e5m2 (multi-arch fat object)
In file included from /work1/lmeadows/rccl-work/rccl-fakes/projects/rccl/build/release/hipify/gensrc/symmetric/reduce_scatter_gin_avg_f8e5m2.cpp:3:
In file included from /work1/lmeadows/rccl-work/rccl-fakes/projects/rccl/build/release/hipify/src/device/symmetric/reduce_scatter_gin.h:6:
/work1/lmeadows/rccl-work/rccl-fakes/projects/rccl/build/release/hipify/src/device/symmetric/data_ops.h:256:5: warning: argument to '#pragma unroll' should not be in parentheses in CUDA C/C++ [-Wcuda-compat]
  256 |     NVCC_PRAGMA_UNROLL((UnrollSrcs - 1 ? UnrollSrcs - 1 : 1))
      |     ^
/work1/lmeadows/rccl-work/rccl-fakes/projects/rccl/build/release/hipify/src/include/nccl_device/utility.h:51:40: note: expanded from macro 'NVCC_PRAGMA_UNROLL'
   51 | #define NVCC_PRAGMA_UNROLL(trip_count) DO_PRAGMA(unroll trip_count)
      |                                        ^
/work1/lmeadows/rccl-work/rccl-fakes/projects/rccl/build/release/hipify/src/include/nccl_device/utility.h:50:22: note: expanded from macro 'DO_PRAGMA'
   50 | #define DO_PRAGMA(x) _Pragma(#x)
      |                      ^
<scratch space>:126:10: note: expanded from here
  126 |  unroll (UnrollSrcs - 1 ? UnrollSrcs - 1 : 1)
      |          ^
In file included from /work1/lmeadows/rccl-work/rccl-fakes/projects/rccl/build/release/hipify/gensrc/symmetric/reduce_scatter_gin_avg_f8e5m2.cpp:3:
In file included from /work1/lmeadows/rccl-work/rccl-fakes/projects/rccl/build/release/hipify/src/device/symmetric/reduce_scatter_gin.h:6:
/work1/lmeadows/rccl-work/rccl-fakes/projects/rccl/build/release/hipify/src/device/symmetric/data_ops.h:268:5: warning: argument to '#pragma unroll' should not be in parentheses in CUDA C/C++ [-Wcuda-compat]
  268 |     NVCC_PRAGMA_UNROLL((UnrollSrcs - 1 ? UnrollSrcs - 1 : 1))
      |     ^
/work1/lmeadows/rccl-work/rccl-fakes/projects/rccl/build/release/hipify/src/include/nccl_device/utility.h:51:40: note: expanded from macro 'NVCC_PRAGMA_UNROLL'
   51 | #define NVCC_PRAGMA_UNROLL(trip_count) DO_PRAGMA(unroll trip_count)
      |                                        ^
/work1/lmeadows/rccl-work/rccl-fakes/projects/rccl/build/release/hipify/src/include/nccl_device/utility.h:50:22: note: expanded from macro 'DO_PRAGMA'
   50 | #define DO_PRAGMA(x) _Pragma(#x)
      |                      ^
<scratch space>:132:10: note: expanded from here
  132 |  unroll (UnrollSrcs - 1 ? UnrollSrcs - 1 : 1)
      |          ^
2 warnings generated when compiling for gfx950.
In file included from /work1/lmeadows/rccl-work/rccl-fakes/projects/rccl/build/release/hipify/gensrc/symmetric/reduce_scatter_gin_avg_f8e5m2.cpp:3:
In file included from /work1/lmeadows/rccl-work/rccl-fakes/projects/rccl/build/release/hipify/src/device/symmetric/reduce_scatter_gin.h:6:
/work1/lmeadows/rccl-work/rccl-fakes/projects/rccl/build/release/hipify/src/device/symmetric/data_ops.h:256:5: warning: argument to '#pragma unroll' should not be in parentheses in CUDA C/C++ [-Wcuda-compat]
  256 |     NVCC_PRAGMA_UNROLL((UnrollSrcs - 1 ? UnrollSrcs - 1 : 1))
      |     ^
/work1/lmeadows/rccl-work/rccl-fakes/projects/rccl/build/release/hipify/src/include/nccl_device/utility.h:51:40: note: expanded from macro 'NVCC_PRAGMA_UNROLL'
   51 | #define NVCC_PRAGMA_UNROLL(trip_count) DO_PRAGMA(unroll trip_count)
      |                                        ^
/work1/lmeadows/rccl-work/rccl-fakes/projects/rccl/build/release/hipify/src/include/nccl_device/utility.h:50:22: note: expanded from macro 'DO_PRAGMA'
   50 | #define DO_PRAGMA(x) _Pragma(#x)
      |                      ^
<scratch space>:126:10: note: expanded from here
  126 |  unroll (UnrollSrcs - 1 ? UnrollSrcs - 1 : 1)
      |          ^
In file included from /work1/lmeadows/rccl-work/rccl-fakes/projects/rccl/build/release/hipify/gensrc/symmetric/reduce_scatter_gin_avg_f8e5m2.cpp:3:
In file included from /work1/lmeadows/rccl-work/rccl-fakes/projects/rccl/build/release/hipify/src/device/symmetric/reduce_scatter_gin.h:6:
/work1/lmeadows/rccl-work/rccl-fakes/projects/rccl/build/release/hipify/src/device/symmetric/data_ops.h:268:5: warning: argument to '#pragma unroll' should not be in parentheses in CUDA C/C++ [-Wcuda-compat]
  268 |     NVCC_PRAGMA_UNROLL((UnrollSrcs - 1 ? UnrollSrcs - 1 : 1))
      |     ^
/work1/lmeadows/rccl-work/rccl-fakes/projects/rccl/build/release/hipify/src/include/nccl_device/utility.h:51:40: note: expanded from macro 'NVCC_PRAGMA_UNROLL'
   51 | #define NVCC_PRAGMA_UNROLL(trip_count) DO_PRAGMA(unroll trip_count)
      |                                        ^
/work1/lmeadows/rccl-work/rccl-fakes/projects/rccl/build/release/hipify/src/include/nccl_device/utility.h:50:22: note: expanded from macro 'DO_PRAGMA'
   50 | #define DO_PRAGMA(x) _Pragma(#x)
      |                      ^
<scratch space>:132:10: note: expanded from here
  132 |  unroll (UnrollSrcs - 1 ? UnrollSrcs - 1 : 1)
      |          ^
2 warnings generated when compiling for host.
[4058/4366] DL compile: sym reduce_scatter_gin_avg_f8e4m3_profile (multi-arch fat object)
In file included from /work1/lmeadows/rccl-work/rccl-fakes/projects/rccl/build/release/hipify/gensrc/symmetric/reduce_scatter_gin_avg_f8e4m3_profile.cpp:3:
In file included from /work1/lmeadows/rccl-work/rccl-fakes/projects/rccl/build/release/hipify/src/device/symmetric/reduce_scatter_gin.h:6:
/work1/lmeadows/rccl-work/rccl-fakes/projects/rccl/build/release/hipify/src/device/symmetric/data_ops.h:256:5: warning: argument to '#pragma unroll' should not be in parentheses in CUDA C/C++ [-Wcuda-compat]
  256 |     NVCC_PRAGMA_UNROLL((UnrollSrcs - 1 ? UnrollSrcs - 1 : 1))
      |     ^
/work1/lmeadows/rccl-work/rccl-fakes/projects/rccl/build/release/hipify/src/include/nccl_device/utility.h:51:40: note: expanded from macro 'NVCC_PRAGMA_UNROLL'
   51 | #define NVCC_PRAGMA_UNROLL(trip_count) DO_PRAGMA(unroll trip_count)
      |                                        ^
/work1/lmeadows/rccl-work/rccl-fakes/projects/rccl/build/release/hipify/src/include/nccl_device/utility.h:50:22: note: expanded from macro 'DO_PRAGMA'
   50 | #define DO_PRAGMA(x) _Pragma(#x)
      |                      ^
<scratch space>:126:10: note: expanded from here
  126 |  unroll (UnrollSrcs - 1 ? UnrollSrcs - 1 : 1)
      |          ^
In file included from /work1/lmeadows/rccl-work/rccl-fakes/projects/rccl/build/release/hipify/gensrc/symmetric/reduce_scatter_gin_avg_f8e4m3_profile.cpp:3:
In file included from /work1/lmeadows/rccl-work/rccl-fakes/projects/rccl/build/release/hipify/src/device/symmetric/reduce_scatter_gin.h:6:
/work1/lmeadows/rccl-work/rccl-fakes/projects/rccl/build/release/hipify/src/device/symmetric/data_ops.h:268:5: warning: argument to '#pragma unroll' should not be in parentheses in CUDA C/C++ [-Wcuda-compat]
  268 |     NVCC_PRAGMA_UNROLL((UnrollSrcs - 1 ? UnrollSrcs - 1 : 1))
      |     ^
/work1/lmeadows/rccl-work/rccl-fakes/projects/rccl/build/release/hipify/src/include/nccl_device/utility.h:51:40: note: expanded from macro 'NVCC_PRAGMA_UNROLL'
   51 | #define NVCC_PRAGMA_UNROLL(trip_count) DO_PRAGMA(unroll trip_count)
      |                                        ^
/work1/lmeadows/rccl-work/rccl-fakes/projects/rccl/build/release/hipify/src/include/nccl_device/utility.h:50:22: note: expanded from macro 'DO_PRAGMA'
   50 | #define DO_PRAGMA(x) _Pragma(#x)
      |                      ^
<scratch space>:132:10: note: expanded from here
  132 |  unroll (UnrollSrcs - 1 ? UnrollSrcs - 1 : 1)
      |          ^
2 warnings generated when compiling for gfx950.
In file included from /work1/lmeadows/rccl-work/rccl-fakes/projects/rccl/build/release/hipify/gensrc/symmetric/reduce_scatter_gin_avg_f8e4m3_profile.cpp:3:
In file included from /work1/lmeadows/rccl-work/rccl-fakes/projects/rccl/build/release/hipify/src/device/symmetric/reduce_scatter_gin.h:6:
/work1/lmeadows/rccl-work/rccl-fakes/projects/rccl/build/release/hipify/src/device/symmetric/data_ops.h:256:5: warning: argument to '#pragma unroll' should not be in parentheses in CUDA C/C++ [-Wcuda-compat]
  256 |     NVCC_PRAGMA_UNROLL((UnrollSrcs - 1 ? UnrollSrcs - 1 : 1))
      |     ^
/work1/lmeadows/rccl-work/rccl-fakes/projects/rccl/build/release/hipify/src/include/nccl_device/utility.h:51:40: note: expanded from macro 'NVCC_PRAGMA_UNROLL'
   51 | #define NVCC_PRAGMA_UNROLL(trip_count) DO_PRAGMA(unroll trip_count)
      |                                        ^
/work1/lmeadows/rccl-work/rccl-fakes/projects/rccl/build/release/hipify/src/include/nccl_device/utility.h:50:22: note: expanded from macro 'DO_PRAGMA'
   50 | #define DO_PRAGMA(x) _Pragma(#x)
      |                      ^
<scratch space>:126:10: note: expanded from here
  126 |  unroll (UnrollSrcs - 1 ? UnrollSrcs - 1 : 1)
      |          ^
In file included from /work1/lmeadows/rccl-work/rccl-fakes/projects/rccl/build/release/hipify/gensrc/symmetric/reduce_scatter_gin_avg_f8e4m3_profile.cpp:3:
In file included from /work1/lmeadows/rccl-work/rccl-fakes/projects/rccl/build/release/hipify/src/device/symmetric/reduce_scatter_gin.h:6:
/work1/lmeadows/rccl-work/rccl-fakes/projects/rccl/build/release/hipify/src/device/symmetric/data_ops.h:268:5: warning: argument to '#pragma unroll' should not be in parentheses in CUDA C/C++ [-Wcuda-compat]
  268 |     NVCC_PRAGMA_UNROLL((UnrollSrcs - 1 ? UnrollSrcs - 1 : 1))
      |     ^
/work1/lmeadows/rccl-work/rccl-fakes/projects/rccl/build/release/hipify/src/include/nccl_device/utility.h:51:40: note: expanded from macro 'NVCC_PRAGMA_UNROLL'
   51 | #define NVCC_PRAGMA_UNROLL(trip_count) DO_PRAGMA(unroll trip_count)
      |                                        ^
/work1/lmeadows/rccl-work/rccl-fakes/projects/rccl/build/release/hipify/src/include/nccl_device/utility.h:50:22: note: expanded from macro 'DO_PRAGMA'
   50 | #define DO_PRAGMA(x) _Pragma(#x)
      |                      ^
<scratch space>:132:10: note: expanded from here
  132 |  unroll (UnrollSrcs - 1 ? UnrollSrcs - 1 : 1)
      |          ^
2 warnings generated when compiling for host.
[4059/4366] DL compile: dda_all_reduce_fabric_ll.cu.cpp (has device kernels)
[4060/4366] Building CXX object test/host/CMakeFiles/rccl-UnitTestsMicroTaskPrep.dir/task-posttuning-test.cc.o
[4061/4366] Linking CXX executable test/host/rccl-UnitTestsMicroTaskPrep
[4062/4366] Building CXX object test/host/CMakeFiles/rccl-UnitTestsMicro.dir/dev-runtime-test.cc.o
In file included from /work1/lmeadows/rccl-work/rccl-fakes/projects/rccl/test/host/dev-runtime-test.cc:73:
/work1/lmeadows/rccl-work/rccl-fakes/projects/rccl/build/release/hipify/src/dev_runtime.cc:466:61: warning: format specifies type 'long long' but the argument has type 'hipMemGenericAllocationHandle_t' (aka 'struct ihipMemGenericAllocationHandle *') [-Wformat]
  465 |     INFO(NCCL_REG, "[%d] Segment %d, Type : %d, numSegments : %d, Segment size : %ld, memHandle : %lld", devr->lsaSelf,
      |                                                                                                   ~~~~
  466 |          segment, msg->type, numSegments, msg->segmentSize, msg->memHandle);
      |                                                             ^~~~~~~~~~~~~~
/work1/lmeadows/rccl-work/rccl-fakes/projects/rccl/build/release/hipify/src/include/debug.h:54:79: note: expanded from macro 'INFO'
   54 |       ncclDebugLog(NCCL_LOG_INFO, (unsigned long)(FLAGS), __func__, __LINE__, __VA_ARGS__); \
      |                                                                               ^~~~~~~~~~~
1 warning generated when compiling for host.
[4063/4366] Building CXX object test/host/CMakeFiles/rccl-UnitTestsMicro.dir/p2p-test.cc.o
In file included from /work1/lmeadows/rccl-work/rccl-fakes/projects/rccl/test/host/p2p-test.cc:208:
/work1/lmeadows/rccl-work/rccl-fakes/projects/rccl/build/release/hipify/src/transport/p2p_tmp.cc:115:7: warning: logical not is only applied to the left hand side of this comparison [-Wlogical-not-parentheses]
  115 |   if (!CUDASUCCESS(hipGetDeviceCount(&ndev))) return -1;
      |       ^~~~~~~~~~~~~~~~~~~~~~~~~~~~~~~~~~~~~~
/work1/lmeadows/rccl-work/rccl-fakes/projects/rccl/build/release/hipify/src/transport/p2p_tmp.cc:115:7: note: add parentheses after the '!' to evaluate the comparison first
  115 |   if (!CUDASUCCESS(hipGetDeviceCount(&ndev))) return -1;
      |       ^                                     
      |        (                                    )
/work1/lmeadows/rccl-work/rccl-fakes/projects/rccl/build/release/hipify/src/transport/p2p_tmp.cc:115:7: note: add parentheses around left hand side expression to silence this warning
/work1/lmeadows/rccl-work/rccl-fakes/projects/rccl/build/release/hipify/src/transport/p2p_tmp.cc:118:9: warning: logical not is only applied to the left hand side of this comparison [-Wlogical-not-parentheses]
  118 |     if (!CUDASUCCESS(hipDeviceGetPCIBusId(devBusIdStr, NVML_DEVICE_PCI_BUS_ID_BUFFER_SIZE, i))) return -1;
      |         ^~~~~~~~~~~~~~~~~~~~~~~~~~~~~~~~~~~~~~~~~~~~~~~~~~~~~~~~~~~~~~~~~~~~~~~~~~~~~~~~~~~~~~
/work1/lmeadows/rccl-work/rccl-fakes/projects/rccl/build/release/hipify/src/transport/p2p_tmp.cc:118:9: note: add parentheses after the '!' to evaluate the comparison first
  118 |     if (!CUDASUCCESS(hipDeviceGetPCIBusId(devBusIdStr, NVML_DEVICE_PCI_BUS_ID_BUFFER_SIZE, i))) return -1;
      |         ^                                                                                     
      |          (                                                                                    )
/work1/lmeadows/rccl-work/rccl-fakes/projects/rccl/build/release/hipify/src/transport/p2p_tmp.cc:118:9: note: add parentheses around left hand side expression to silence this warning
/work1/lmeadows/rccl-work/rccl-fakes/projects/rccl/build/release/hipify/src/transport/p2p_tmp.cc:192:14: warning: logical not is only applied to the left hand side of this comparison [-Wlogical-not-parentheses]
  192 |   } else if (!CUDASUCCESS(hipDeviceCanAccessPeer(&p2p, cudaDev1, cudaDev2))) {
      |              ^~~~~~~~~~~~~~~~~~~~~~~~~~~~~~~~~~~~~~~~~~~~~~~~~~~~~~~~~~~~~~
/work1/lmeadows/rccl-work/rccl-fakes/projects/rccl/build/release/hipify/src/transport/p2p_tmp.cc:192:14: note: add parentheses after the '!' to evaluate the comparison first
  192 |   } else if (!CUDASUCCESS(hipDeviceCanAccessPeer(&p2p, cudaDev1, cudaDev2))) {
      |              ^                                                             
      |               (                                                            )
/work1/lmeadows/rccl-work/rccl-fakes/projects/rccl/build/release/hipify/src/transport/p2p_tmp.cc:192:14: note: add parentheses around left hand side expression to silence this warning
3 warnings generated when compiling for host.
[4064/4366] Building CXX object test/host/CMakeFiles/rccl-UnitTestsMicro.dir/wrap-test.cc.o
[4065/4366] Linking CXX executable test/host/rccl-UnitTestsMicro
[4066/4366] DL compile: onerank.cu.cpp (normal fat object)
[4067/4366] Building CXX object src/CMakeFiles/rccl.dir/git_version.cpp.o
[4068/4366] Building CXX object src/CMakeFiles/rccl.dir/__/hipify/src/misc/kernel_config.cc.o
[4069/4366] Building CXX object src/CMakeFiles/rccl.dir/__/hipify/src/misc/nvmlwrap_stub.cc.o
[4070/4366] Building CXX object src/CMakeFiles/rccl.dir/__/hipify/src/graph/trees.cc.o
[4071/4366] Building CXX object src/CMakeFiles/rccl.dir/__/hipify/src/device/ce_reduce.cc.o
[4072/4366] Building CXX object src/CMakeFiles/rccl.dir/__/hipify/src/plugin/env/default_env.cc.o
[4073/4366] Building CXX object src/CMakeFiles/rccl.dir/__/hipify/src/misc/archinfo.cc.o
[4074/4366] Building CXX object src/CMakeFiles/rccl.dir/__/hipify/src/misc/gdr_peermem.cc.o
[4075/4366] Building CXX object src/CMakeFiles/rccl.dir/__/hipify/src/plugin/tuner/tuner_v6.cc.o
[4076/4366] Building CXX object src/CMakeFiles/rccl.dir/__/hipify/src/misc/signals.cc.o
[4077/4366] Building CXX object src/CMakeFiles/rccl.dir/__/hipify/src/plugin/env.cc.o
[4078/4366] Building CXX object src/CMakeFiles/rccl.dir/__/hipify/src/transport/net_telemetry.cc.o
[4079/4366] Building CXX object src/CMakeFiles/rccl.dir/__/hipify/src/plugin/env/env_v2.cc.o
[4080/4366] Building CXX object src/CMakeFiles/rccl.dir/__/hipify/src/os/linux_socket_pair.cc.o
[4081/4366] Building CXX object src/CMakeFiles/rccl.dir/__/hipify/src/plugin/tuner/tuner_v4.cc.o
[4082/4366] Building CXX object src/CMakeFiles/rccl.dir/__/hipify/src/plugin/rma/rma_v14.cc.o
[4083/4366] Building CXX object src/CMakeFiles/rccl.dir/__/hipify/src/plugin/env/env_v1.cc.o
[4084/4366] Building CXX object src/CMakeFiles/rccl.dir/__/hipify/src/plugin/plugin_open.cc.o
[4085/4366] Building CXX object src/CMakeFiles/rccl.dir/__/hipify/src/plugin/tuner/tuner_v3.cc.o
[4086/4366] Building CXX object src/CMakeFiles/rccl.dir/__/hipify/src/graph/rccl_graph_gen.cc.o
[4087/4366] Building CXX object src/CMakeFiles/rccl.dir/__/hipify/src/misc/latency_profiler/CollTraceEvent.cc.o
[4088/4366] Building CXX object src/CMakeFiles/rccl.dir/__/hipify/src/plugin/tuner/tuner_v2.cc.o
[4089/4366] Building CXX object src/CMakeFiles/rccl.dir/__/hipify/src/algorithms/dda/ipc/ipc_gpu_barrier.cu.cpp.o
In file included from /work1/lmeadows/rccl-work/rccl-fakes/projects/rccl/build/release/hipify/src/algorithms/dda/ipc/ipc_gpu_barrier.cu.cpp:12:
/work1/lmeadows/rccl-work/rccl-fakes/projects/rccl/build/release/hipify/src/algorithms/dda/ipc/ipc_gpu_barrier.h:76:7: warning: private field 'nBlocks_' is not used [-Wunused-private-field]
   76 |   int nBlocks_;
      |       ^
/work1/lmeadows/rccl-work/rccl-fakes/projects/rccl/build/release/hipify/src/algorithms/dda/ipc/ipc_gpu_barrier.h:137:7: warning: private field 'nBlocks_' is not used [-Wunused-private-field]
  137 |   int nBlocks_{-1};
      |       ^
2 warnings generated when compiling for host.
[4090/4366] Building CXX object src/CMakeFiles/rccl.dir/__/hipify/src/plugin/rma/rma_v13.cc.o
[4091/4366] Building CXX object src/CMakeFiles/rccl.dir/__/hipify/src/plugin/tuner/tuner_v5.cc.o
[4092/4366] Building CXX object src/CMakeFiles/rccl.dir/__/hipify/src/misc/param.cc.o
[4093/4366] Building CXX object src/CMakeFiles/rccl.dir/__/hipify/src/algorithms/dda/fabric/fabric_gpu_barrier.cu.cpp.o
In file included from /work1/lmeadows/rccl-work/rccl-fakes/projects/rccl/build/release/hipify/src/algorithms/dda/fabric/fabric_gpu_barrier.cu.cpp:11:
/work1/lmeadows/rccl-work/rccl-fakes/projects/rccl/build/release/hipify/src/algorithms/dda/fabric/fabric_gpu_barrier.h:98:7: warning: private field 'nBlocks_' is not used [-Wunused-private-field]
   98 |   int nBlocks_{-1};
      |       ^
1 warning generated when compiling for host.
[4094/4366] Building CXX object src/CMakeFiles/rccl.dir/__/hipify/src/ras/client.cc.o
[4095/4366] Building CXX object src/CMakeFiles/rccl.dir/__/hipify/src/misc/strongstream.cc.o
[4096/4366] Building CXX object src/CMakeFiles/rccl.dir/__/hipify/src/param/param_registry.cc.o
[4097/4366] Building CXX object src/CMakeFiles/rccl.dir/__/hipify/src/graph/rome_topo_consensus.cc.o
[4098/4366] Building CXX object src/CMakeFiles/rccl.dir/__/hipify/src/misc/latency_profiler/CollTraceUtils.cc.o
[4099/4366] Building CXX object src/CMakeFiles/rccl.dir/__/hipify/src/gin/proxy_gpucontext/gpucontext_v1.cc.o
[4100/4366] Building CXX object src/CMakeFiles/rccl.dir/__/hipify/src/init_nvtx.cc.o
[4101/4366] Building CXX object src/CMakeFiles/rccl.dir/__/hipify/src/config/algorithm_registry.cc.o
[4102/4366] Building CXX object test/CMakeFiles/rccl-UnitTestsFixtures.dir/__/src/misc/kernel_config.cc.o
[4103/4366] Building CXX object src/CMakeFiles/rccl.dir/__/hipify/src/ras/ras_param.cc.o
[4104/4366] Building CXX object src/CMakeFiles/rccl.dir/__/hipify/src/misc/roctx.cc.o
[4105/4366] Building CXX object src/CMakeFiles/rccl.dir/__/hipify/src/config/algorithm_parser.cc.o
[4106/4366] Building CXX object src/CMakeFiles/rccl.dir/__/hipify/src/gin/proxy_gpucontext/gpucontext.cc.o
[4107/4366] Building CXX object src/CMakeFiles/rccl.dir/__/hipify/src/misc/gdr_probe.cc.o
[4108/4366] Building CXX object src/CMakeFiles/rccl.dir/__/hipify/src/config/collconfig.cc.o
[4109/4366] Building CXX object src/CMakeFiles/rccl.dir/__/hipify/src/misc/mlx5dvsymbols.cc.o
[4110/4366] Building CXX object src/CMakeFiles/rccl.dir/__/hipify/src/misc/ibvsymbols.cc.o
[4111/4366] Building CXX object src/CMakeFiles/rccl.dir/__/hipify/src/misc/mlx5dvwrap.cc.o
[4112/4366] Building CXX object src/CMakeFiles/rccl.dir/__/hipify/src/graph/rings.cc.o
[4113/4366] Building CXX object src/CMakeFiles/rccl.dir/__/hipify/src/nccl_device/cft_barrier.cc.o
[4114/4366] Building CXX object src/CMakeFiles/rccl.dir/__/hipify/src/nccl_device/ll_a2a.cc.o
[4115/4366] Building CXX object src/CMakeFiles/rccl.dir/__/hipify/src/misc/ionicdvsymbols.cc.o
[4116/4366] Building CXX object src/CMakeFiles/rccl.dir/__/hipify/src/misc/ionicdvwrap.cc.o
[4117/4366] Building CXX object src/CMakeFiles/rccl.dir/__/hipify/src/nccl_device/lsa_barrier.cc.o
[4118/4366] Building CXX object src/CMakeFiles/rccl.dir/__/hipify/src/nccl_device/gin_barrier.cc.o
[4119/4366] Building CXX object src/CMakeFiles/rccl.dir/__/hipify/src/os/linux_ipcsocket.cc.o
[4120/4366] Building CXX object src/CMakeFiles/rccl.dir/__/hipify/src/algorithms/dda/device/device_buffer.cc.o
[4121/4366] Building CXX object src/CMakeFiles/rccl.dir/__/hipify/src/param/param_tmp.cc.o
[4122/4366] Building CXX object src/CMakeFiles/rccl.dir/__/hipify/gensrc/symmetric/sym_kernels_host.cc.o
[4123/4366] Building CXX object src/CMakeFiles/rccl.dir/__/hipify/src/misc/api_trace.cc.o
[4124/4366] Building CXX object src/CMakeFiles/rccl.dir/__/hipify/src/devcomm/devcomm_v23100.cc.o
[4125/4366] Building CXX object src/CMakeFiles/rccl.dir/__/hipify/src/nccl_device/gin_scratch.cc.o
[4126/4366] Building CXX object src/CMakeFiles/rccl.dir/__/hipify/src/misc/utils.cc.o
/work1/lmeadows/rccl-work/rccl-fakes/projects/rccl/build/release/hipify/src/misc/utils.cc:21:7: warning: logical not is only applied to the left hand side of this comparison [-Wlogical-not-parentheses]
   21 |   if (!CUDASUCCESS(hipGetDevice(&cudaDev))) return 0;
      |       ^~~~~~~~~~~~~~~~~~~~~~~~~~~~~~~~~~~~
/work1/lmeadows/rccl-work/rccl-fakes/projects/rccl/build/release/hipify/src/misc/utils.cc:21:7: note: add parentheses after the '!' to evaluate the comparison first
   21 |   if (!CUDASUCCESS(hipGetDevice(&cudaDev))) return 0;
      |       ^                                   
      |        (                                  )
/work1/lmeadows/rccl-work/rccl-fakes/projects/rccl/build/release/hipify/src/misc/utils.cc:21:7: note: add parentheses around left hand side expression to silence this warning
/work1/lmeadows/rccl-work/rccl-fakes/projects/rccl/build/release/hipify/src/misc/utils.cc:23:7: warning: logical not is only applied to the left hand side of this comparison [-Wlogical-not-parentheses]
   23 |   if (!CUDASUCCESS(hipDeviceGetAttribute(&ccMajor, hipDeviceAttributeComputeCapabilityMajor, cudaDev))) return 0;
      |       ^~~~~~~~~~~~~~~~~~~~~~~~~~~~~~~~~~~~~~~~~~~~~~~~~~~~~~~~~~~~~~~~~~~~~~~~~~~~~~~~~~~~~~~~~~~~~~~~
/work1/lmeadows/rccl-work/rccl-fakes/projects/rccl/build/release/hipify/src/misc/utils.cc:23:7: note: add parentheses after the '!' to evaluate the comparison first
   23 |   if (!CUDASUCCESS(hipDeviceGetAttribute(&ccMajor, hipDeviceAttributeComputeCapabilityMajor, cudaDev))) return 0;
      |       ^                                                                                               
      |        (                                                                                              )
/work1/lmeadows/rccl-work/rccl-fakes/projects/rccl/build/release/hipify/src/misc/utils.cc:23:7: note: add parentheses around left hand side expression to silence this warning
/work1/lmeadows/rccl-work/rccl-fakes/projects/rccl/build/release/hipify/src/misc/utils.cc:24:7: warning: logical not is only applied to the left hand side of this comparison [-Wlogical-not-parentheses]
   24 |   if (!CUDASUCCESS(hipDeviceGetAttribute(&ccMinor, hipDeviceAttributeComputeCapabilityMinor, cudaDev))) return 0;
      |       ^~~~~~~~~~~~~~~~~~~~~~~~~~~~~~~~~~~~~~~~~~~~~~~~~~~~~~~~~~~~~~~~~~~~~~~~~~~~~~~~~~~~~~~~~~~~~~~~
/work1/lmeadows/rccl-work/rccl-fakes/projects/rccl/build/release/hipify/src/misc/utils.cc:24:7: note: add parentheses after the '!' to evaluate the comparison first
   24 |   if (!CUDASUCCESS(hipDeviceGetAttribute(&ccMinor, hipDeviceAttributeComputeCapabilityMinor, cudaDev))) return 0;
      |       ^                                                                                               
      |        (                                                                                              )
/work1/lmeadows/rccl-work/rccl-fakes/projects/rccl/build/release/hipify/src/misc/utils.cc:24:7: note: add parentheses around left hand side expression to silence this warning
3 warnings generated when compiling for host.
[4127/4366] Building CXX object src/CMakeFiles/rccl.dir/__/hipify/src/misc/ibvwrap.cc.o
[4128/4366] Building CXX object src/CMakeFiles/rccl.dir/__/hipify/src/plugin/gin/gin_v14.cc.o
[4129/4366] Building CXX object src/CMakeFiles/rccl.dir/__/hipify/src/plugin/gin/gin_v13.cc.o
[4130/4366] Building CXX object src/CMakeFiles/rccl.dir/__/hipify/src/plugin/net/net_v12.cc.o
[4131/4366] Building CXX object src/CMakeFiles/rccl.dir/__/hipify/src/plugin/net/net_v11.cc.o
[4132/4366] Building CXX object src/CMakeFiles/rccl.dir/__/hipify/src/plugin/net/net_v10.cc.o
[4133/4366] Building CXX object src/CMakeFiles/rccl.dir/__/hipify/src/plugin/net/net_v6.cc.o
[4134/4366] Building CXX object src/CMakeFiles/rccl.dir/__/hipify/src/misc/socket.cc.o
[4135/4366] Building CXX object test/CMakeFiles/rccl-UnitTests.dir/plugin/net_reload_plugin.cpp.o
[4136/4366] Building CXX object src/CMakeFiles/rccl.dir/__/hipify/src/misc/amdsmi_wrap.cc.o
[4137/4366] Building CXX object src/CMakeFiles/rcclras.dir/__/hipify/src/ras/ras_param.cc.o
[4138/4366] Building CXX object src/CMakeFiles/rccl.dir/__/hipify/gensrc/host_table.cpp.o
[4139/4366] Building CXX object src/CMakeFiles/rccl.dir/__/hipify/src/plugin/net/net_v7.cc.o
[4140/4366] Building CXX object src/CMakeFiles/rccl.dir/__/hipify/src/plugin/net/net_v8.cc.o
[4141/4366] Building CXX object src/CMakeFiles/rcclras.dir/__/hipify/src/ras/client.cc.o
[4142/4366] Building CXX object src/CMakeFiles/rccl.dir/__/hipify/src/transport/net_ib_cast/net_ib_ops_fault.cc.o
[4143/4366] Building CXX object src/CMakeFiles/rccl.dir/__/hipify/src/plugin/rma/rma_v15.cc.o
[4144/4366] Building CXX object src/CMakeFiles/rccl.dir/__/hipify/src/enqueue/mgmt_task_enq.cc.o
[4145/4366] Building CXX object src/CMakeFiles/rccl.dir/__/hipify/src/ras/diagnostics_gpu.cc.o
In file included from /work1/lmeadows/rccl-work/rccl-fakes/projects/rccl/build/release/hipify/src/ras/diagnostics_gpu.cc:16:
/work1/lmeadows/rccl-work/rccl-fakes/projects/rccl/build/release/hipify/src/include/cudawrap.h:28:9: warning: 'CUPFN' macro redefined [-Wmacro-redefined]
   28 | #define CUPFN(symbol) pfn_##symbol
      |         ^
/work1/lmeadows/rccl-work/rccl-fakes/projects/rccl/build/release/hipify/src/include/rocmwrap.h:96:9: note: previous definition is here
   96 | #define CUPFN(symbol) symbol
      |         ^
In file included from /work1/lmeadows/rccl-work/rccl-fakes/projects/rccl/build/release/hipify/src/ras/diagnostics_gpu.cc:16:
/work1/lmeadows/rccl-work/rccl-fakes/projects/rccl/build/release/hipify/src/include/cudawrap.h:52:9: warning: 'CUCHECK' macro redefined [-Wmacro-redefined]
   52 | #define CUCHECK(cmd) \
      |         ^
/work1/lmeadows/rccl-work/rccl-fakes/projects/rccl/build/release/hipify/src/include/rocmwrap.h:129:9: note: previous definition is here
  129 | #define CUCHECK(cmd) \
      |         ^
In file included from /work1/lmeadows/rccl-work/rccl-fakes/projects/rccl/build/release/hipify/src/ras/diagnostics_gpu.cc:16:
/work1/lmeadows/rccl-work/rccl-fakes/projects/rccl/build/release/hipify/src/include/cudawrap.h:69:9: warning: 'CUCHECKGOTO' macro redefined [-Wmacro-redefined]
   69 | #define CUCHECKGOTO(cmd, res, label) \
      |         ^
/work1/lmeadows/rccl-work/rccl-fakes/projects/rccl/build/release/hipify/src/include/rocmwrap.h:139:9: note: previous definition is here
  139 | #define CUCHECKGOTO(cmd, res, label) \
      |         ^
In file included from /work1/lmeadows/rccl-work/rccl-fakes/projects/rccl/build/release/hipify/src/ras/diagnostics_gpu.cc:16:
/work1/lmeadows/rccl-work/rccl-fakes/projects/rccl/build/release/hipify/src/include/cudawrap.h:83:9: warning: 'CUCHECKIGNORE' macro redefined [-Wmacro-redefined]
   83 | #define CUCHECKIGNORE(cmd) \
      |         ^
/work1/lmeadows/rccl-work/rccl-fakes/projects/rccl/build/release/hipify/src/include/rocmwrap.h:151:9: note: previous definition is here
  151 | #define CUCHECKIGNORE(cmd) \
      |         ^
In file included from /work1/lmeadows/rccl-work/rccl-fakes/projects/rccl/build/release/hipify/src/ras/diagnostics_gpu.cc:16:
/work1/lmeadows/rccl-work/rccl-fakes/projects/rccl/build/release/hipify/src/include/cudawrap.h:93:9: warning: 'CUCHECKTHREAD' macro redefined [-Wmacro-redefined]
   93 | #define CUCHECKTHREAD(cmd, args) \
      |         ^
/work1/lmeadows/rccl-work/rccl-fakes/projects/rccl/build/release/hipify/src/include/rocmwrap.h:159:9: note: previous definition is here
  159 | #define CUCHECKTHREAD(cmd, args) \
      |         ^
5 warnings generated when compiling for host.
[4146/4366] Building CXX object src/CMakeFiles/rccl.dir/__/hipify/src/enqueue/task_sched/p2p_sched.cc.o
[4147/4366] Building CXX object src/CMakeFiles/rccl.dir/__/hipify/src/enqueue/task_sched/sym_sched.cc.o
[4148/4366] Building CXX object src/CMakeFiles/rccl.dir/__/hipify/src/commDump.cc.o
[4149/4366] Building CXX object src/CMakeFiles/rccl.dir/__/hipify/src/ras/diagnostics_env.cc.o
[4150/4366] Building CXX object src/CMakeFiles/rccl.dir/__/hipify/src/enqueue/task_sched/allgatherv_sched.cc.o
[4151/4366] Building CXX object src/CMakeFiles/rccl.dir/__/hipify/src/enqueue/task_sched/ce_sched.cc.o
[4152/4366] Building CXX object src/CMakeFiles/rccl.dir/__/hipify/src/debug.cc.o
[4153/4366] Building CXX object src/CMakeFiles/rccl.dir/__/hipify/src/plugin/profiler/profiler_v5.cc.o
[4154/4366] Building CXX object src/CMakeFiles/rccl.dir/__/hipify/src/nccl_device/core.cc.o
[4155/4366] Building CXX object src/CMakeFiles/rccl.dir/__/hipify/src/plugin/profiler/profiler_v6.cc.o
[4156/4366] Building CXX object src/CMakeFiles/rccl.dir/__/hipify/src/rccl_arch_thresholds.cc.o
[4157/4366] Building CXX object src/CMakeFiles/rccl.dir/__/hipify/src/cft_dev_runtime.cc.o
[4158/4366] Building CXX object src/CMakeFiles/rccl.dir/__/hipify/src/enqueue/task_sched/task_sched.cc.o
[4159/4366] Building CXX object src/CMakeFiles/rccl.dir/__/hipify/src/plugin/profiler/profiler_v4.cc.o
[4160/4366] Building CXX object src/CMakeFiles/rccl.dir/__/hipify/src/plugin/profiler/profiler_v1.cc.o
[4161/4366] Building CXX object src/CMakeFiles/rccl.dir/__/hipify/src/register/sendrecv_reg.cc.o
[4162/4366] Building CXX object src/CMakeFiles/rccl.dir/__/hipify/src/tuning/ce_model.cc.o
In file included from /work1/lmeadows/rccl-work/rccl-fakes/projects/rccl/build/release/hipify/src/tuning/ce_model.cc:12:
/work1/lmeadows/rccl-work/rccl-fakes/projects/rccl/build/release/hipify/src/include/cudawrap.h:28:9: warning: 'CUPFN' macro redefined [-Wmacro-redefined]
   28 | #define CUPFN(symbol) pfn_##symbol
      |         ^
/work1/lmeadows/rccl-work/rccl-fakes/projects/rccl/build/release/hipify/src/include/rocmwrap.h:96:9: note: previous definition is here
   96 | #define CUPFN(symbol) symbol
      |         ^
In file included from /work1/lmeadows/rccl-work/rccl-fakes/projects/rccl/build/release/hipify/src/tuning/ce_model.cc:12:
/work1/lmeadows/rccl-work/rccl-fakes/projects/rccl/build/release/hipify/src/include/cudawrap.h:52:9: warning: 'CUCHECK' macro redefined [-Wmacro-redefined]
   52 | #define CUCHECK(cmd) \
      |         ^
/work1/lmeadows/rccl-work/rccl-fakes/projects/rccl/build/release/hipify/src/include/rocmwrap.h:129:9: note: previous definition is here
  129 | #define CUCHECK(cmd) \
      |         ^
In file included from /work1/lmeadows/rccl-work/rccl-fakes/projects/rccl/build/release/hipify/src/tuning/ce_model.cc:12:
/work1/lmeadows/rccl-work/rccl-fakes/projects/rccl/build/release/hipify/src/include/cudawrap.h:69:9: warning: 'CUCHECKGOTO' macro redefined [-Wmacro-redefined]
   69 | #define CUCHECKGOTO(cmd, res, label) \
      |         ^
/work1/lmeadows/rccl-work/rccl-fakes/projects/rccl/build/release/hipify/src/include/rocmwrap.h:139:9: note: previous definition is here
  139 | #define CUCHECKGOTO(cmd, res, label) \
      |         ^
In file included from /work1/lmeadows/rccl-work/rccl-fakes/projects/rccl/build/release/hipify/src/tuning/ce_model.cc:12:
/work1/lmeadows/rccl-work/rccl-fakes/projects/rccl/build/release/hipify/src/include/cudawrap.h:83:9: warning: 'CUCHECKIGNORE' macro redefined [-Wmacro-redefined]
   83 | #define CUCHECKIGNORE(cmd) \
      |         ^
/work1/lmeadows/rccl-work/rccl-fakes/projects/rccl/build/release/hipify/src/include/rocmwrap.h:151:9: note: previous definition is here
  151 | #define CUCHECKIGNORE(cmd) \
      |         ^
In file included from /work1/lmeadows/rccl-work/rccl-fakes/projects/rccl/build/release/hipify/src/tuning/ce_model.cc:12:
/work1/lmeadows/rccl-work/rccl-fakes/projects/rccl/build/release/hipify/src/include/cudawrap.h:93:9: warning: 'CUCHECKTHREAD' macro redefined [-Wmacro-redefined]
   93 | #define CUCHECKTHREAD(cmd, args) \
      |         ^
/work1/lmeadows/rccl-work/rccl-fakes/projects/rccl/build/release/hipify/src/include/rocmwrap.h:159:9: note: previous definition is here
  159 | #define CUCHECKTHREAD(cmd, args) \
      |         ^
5 warnings generated when compiling for host.
[4163/4366] Building CXX object src/CMakeFiles/rccl.dir/__/hipify/src/enqueue/task_prep/task_classify.cc.o
[4164/4366] Building CXX object src/CMakeFiles/rccl.dir/__/hipify/src/misc/shmutils.cc.o
[4165/4366] Building CXX object src/CMakeFiles/rccl.dir/__/hipify/src/enqueue/task_prep/task_prep.cc.o
[4166/4366] Building CXX object src/CMakeFiles/rccl.dir/__/hipify/src/tuning/tree.cc.o
[4167/4366] Building CXX object src/CMakeFiles/rccl.dir/__/hipify/src/tuning/pat.cc.o
[4168/4366] Building CXX object src/CMakeFiles/rccl.dir/__/hipify/src/plugin/net/net_v9.cc.o
[4169/4366] Building CXX object src/CMakeFiles/rccl.dir/__/hipify/src/misc/argcheck.cc.o
[4170/4366] Building CXX object src/CMakeFiles/rccl.dir/__/hipify/src/algorithms/dda/ipc/ipc_mem_handler.cc.o
[4171/4366] Building CXX object src/CMakeFiles/rccl.dir/__/hipify/src/diagnostics.cc.o
[4172/4366] Building CXX object src/CMakeFiles/rccl.dir/__/hipify/src/transport/nvls.cc.o
[4173/4366] Building CXX object test/CMakeFiles/rccl-UnitTestsGdr.dir/__/src/misc/gdr_peermem.cc.o
[4174/4366] Building CXX object src/CMakeFiles/rccl.dir/__/hipify/src/plugin/profiler/profiler_v7.cc.o
[4175/4366] Building CXX object src/CMakeFiles/rccl.dir/__/hipify/src/misc/alt_rsmi.cc.o
[4176/4366] Building CXX object src/CMakeFiles/rccl.dir/__/hipify/src/tuning/collnet.cc.o
[4177/4366] Building CXX object src/CMakeFiles/rccl.dir/__/hipify/src/mnnvl.cc.o
[4178/4366] Building CXX object src/CMakeFiles/rccl.dir/__/hipify/src/plugin/rma.cc.o
/work1/lmeadows/rccl-work/rccl-fakes/projects/rccl/build/release/hipify/src/plugin/rma.cc:54:59: warning: suggest braces around initialization of subobject [-Wmissing-braces]
   54 | static rmaPluginLib_t pluginLibs[NCCL_RMA_MAX_PLUGINS] = {0};
      |                                                           ^
      |                                                           {}
/work1/lmeadows/rccl-work/rccl-fakes/projects/rccl/build/release/hipify/src/plugin/rma.cc:54:59: warning: suggest braces around initialization of subobject [-Wmissing-braces]
   54 | static rmaPluginLib_t pluginLibs[NCCL_RMA_MAX_PLUGINS] = {0};
      |                                                           ^
      |                                                           {}
2 warnings generated when compiling for host.
[4179/4366] Building CXX object src/CMakeFiles/rccl.dir/__/hipify/src/tuning/ring.cc.o
[4180/4366] Building CXX object src/CMakeFiles/rccl.dir/__/hipify/src/plugin/tuner.cc.o
[4181/4366] Building CXX object src/CMakeFiles/rccl.dir/__/hipify/src/devcomm/devcomm_v22907.cc.o
[4182/4366] Building CXX object src/CMakeFiles/rccl.dir/__/hipify/src/devcomm/devcomm_v22902.cc.o
[4183/4366] Building CXX object src/CMakeFiles/rccl.dir/__/hipify/src/scheduler/allgatherv_sched_tmp.cc.o
/work1/lmeadows/rccl-work/rccl-fakes/projects/rccl/build/release/hipify/src/scheduler/allgatherv_sched_tmp.cc:146:11: warning: variable 'nBcasts' set but not used [-Wunused-but-set-variable]
  146 |       int nBcasts = 0;
      |           ^
/work1/lmeadows/rccl-work/rccl-fakes/projects/rccl/build/release/hipify/src/scheduler/allgatherv_sched_tmp.cc:38:12: warning: variable 'sumBcastBytes' set but not used [-Wunused-but-set-variable]
   38 |     size_t sumBcastBytes = 0;
      |            ^
2 warnings generated when compiling for host.
[4184/4366] Building CXX object src/CMakeFiles/rccl.dir/__/hipify/src/transport/net_ib/common.cc.o
[4185/4366] Building CXX object src/CMakeFiles/rccl.dir/__/hipify/src/tuning/nvls_tmp.cc.o
[4186/4366] Building CXX object src/CMakeFiles/rccl.dir/__/hipify/src/transport/net_ib/gdr.cc.o
[4187/4366] Building CXX object src/CMakeFiles/rccl.dir/__/hipify/src/misc/latency_profiler/CollTraceFunc.cc.o
[4188/4366] Building CXX object src/CMakeFiles/rccl.dir/__/hipify/src/tuning/tuning_general.cc.o
[4189/4366] Building CXX object src/CMakeFiles/rccl.dir/__/hipify/src/allocator.cc.o
[4190/4366] Building CXX object src/CMakeFiles/rccl.dir/__/hipify/src/transport/net_ib/reg.cc.o
[4191/4366] Building CXX object src/CMakeFiles/rccl.dir/__/hipify/src/transport/net_ib_cast/gdr_tmp.cc.o
[4192/4366] Building CXX object src/CMakeFiles/rccl.dir/__/hipify/src/ras/rasnet.cc.o
[4193/4366] Building CXX object src/CMakeFiles/rccl.dir/__/hipify/src/rma/rma_tmp.cc.o
[4194/4366] Building CXX object src/CMakeFiles/rccl.dir/__/hipify/src/algorithms/dda/fabric/fabric_mem_handler.cc.o
[4195/4366] Building CXX object src/CMakeFiles/rccl.dir/__/hipify/src/transport/generic.cc.o
[4196/4366] Building CXX object src/CMakeFiles/rccl.dir/__/hipify/src/plugin/gin.cc.o
/work1/lmeadows/rccl-work/rccl-fakes/projects/rccl/build/release/hipify/src/plugin/gin.cc:69:59: warning: suggest braces around initialization of subobject [-Wmissing-braces]
   69 | static ginPluginLib_t pluginLibs[NCCL_GIN_MAX_PLUGINS] = {0};
      |                                                           ^
      |                                                           {}
/work1/lmeadows/rccl-work/rccl-fakes/projects/rccl/build/release/hipify/src/plugin/gin.cc:69:59: warning: suggest braces around initialization of subobject [-Wmissing-braces]
   69 | static ginPluginLib_t pluginLibs[NCCL_GIN_MAX_PLUGINS] = {0};
      |                                                           ^
      |                                                           {}
2 warnings generated when compiling for host.
[4197/4366] Building CXX object src/CMakeFiles/rccl.dir/__/hipify/src/transport/net_ib_cast/common_tmp.cc.o
[4198/4366] Building CXX object test/CMakeFiles/rccl-UnitTests.dir/common/PrepDataFuncs.cpp.o
[4199/4366] Building CXX object src/CMakeFiles/rccl.dir/__/hipify/src/tuning/tuning_tmp.cc.o
[4200/4366] Building CXX object src/CMakeFiles/rccl.dir/__/hipify/src/scheduler/symmetric_sched.cc.o
[4201/4366] Building CXX object src/CMakeFiles/rccl.dir/__/hipify/src/plugin/tuner/csv_tuner.cc.o
[4202/4366] Building CXX object src/CMakeFiles/rccl.dir/__/hipify/src/plugin/net.cc.o
[4203/4366] Building CXX object src/CMakeFiles/rccl.dir/__/hipify/src/tuning/cost_model.cc.o
[4204/4366] Building CXX object test/CMakeFiles/rccl-UnitTestsGdr.dir/common/main_altrsmi.cpp.o
[4205/4366] Building CXX object src/CMakeFiles/rccl.dir/__/hipify/src/tuning/sym_model.cc.o
[4206/4366] Building CXX object src/CMakeFiles/rccl.dir/__/hipify/src/transport/net_ib_cast/reg_tmp.cc.o
[4207/4366] Building CXX object src/CMakeFiles/rccl.dir/__/hipify/src/rma/rma_proxy_progress.cc.o
[4208/4366] Building CXX object src/CMakeFiles/rccl.dir/__/hipify/src/transport/net_ib_cast/qp_sharing.cc.o
[4209/4366] Building CXX object src/CMakeFiles/rccl.dir/__/hipify/src/param/c_api.cc.o
[4210/4366] Building CXX object src/CMakeFiles/rccl.dir/__/hipify/src/register/coll_reg.cc.o
[4211/4366] Building CXX object src/CMakeFiles/rccl.dir/__/hipify/src/register/register.cc.o
[4212/4366] Building CXX object src/CMakeFiles/rccl.dir/__/hipify/src/transport/net_ib_cast/p2p_resiliency_recovery_ainic.cc.o
[4213/4366] Building CXX object src/CMakeFiles/rccl.dir/__/hipify/src/gin/gin_host.cc.o
[4214/4366] Building CXX object src/CMakeFiles/rccl.dir/__/hipify/src/transport/net_ib_cast/scheduler.cc.o
[4215/4366] Building CXX object src/CMakeFiles/rccl.dir/__/hipify/src/channel.cc.o
[4216/4366] Building CXX object src/CMakeFiles/rccl.dir/__/hipify/src/os/linux.cc.o
[4217/4366] Building CXX object src/CMakeFiles/rccl.dir/__/hipify/src/mem_manager.cc.o
[4218/4366] Building CXX object src/CMakeFiles/rccl.dir/__/hipify/src/transport/net_socket.cc.o
/work1/lmeadows/rccl-work/rccl-fakes/projects/rccl/build/release/hipify/src/transport/net_socket.cc:42:31: warning: variable 'ncclProfilerFunction' set but not used [-Wunused-but-set-global]
   42 | static ncclProfilerCallback_t ncclProfilerFunction;
      |                               ^
1 warning generated when compiling for host.
[4219/4366] Building CXX object src/CMakeFiles/rccl.dir/__/hipify/src/enqueue/task_sched/legacy_sched.cc.o
[4220/4366] Building CXX object src/CMakeFiles/rccl.dir/__/hipify/src/plugin/profiler/profiler_v3.cc.o
[4221/4366] Building CXX object src/CMakeFiles/rccl.dir/__/hipify/src/graph/tuning.cc.o
[4222/4366] Building CXX object src/CMakeFiles/rccl.dir/__/hipify/src/plugin/profiler/profiler_v2.cc.o
[4223/4366] Building CXX object src/CMakeFiles/rccl.dir/__/hipify/src/devcomm/devcomm_v23000.cc.o
[4224/4366] Building CXX object src/CMakeFiles/rccl.dir/__/hipify/src/rma/rma_proxy_launch.cc.o
[4225/4366] Building CXX object src/CMakeFiles/rccl.dir/__/hipify/src/dev_runtime_segments.cc.o
[4226/4366] Building CXX object src/CMakeFiles/rccl.dir/__/hipify/src/transport/net_ib_cast/gin_tmp.cc.o
/work1/lmeadows/rccl-work/rccl-fakes/projects/rccl/build/release/hipify/src/transport/net_ib_cast/gin_tmp.cc:15:11: warning: unused variable 'IBCAST_GIN_IB_ALLTOALL_TAG' [-Wunused-const-variable]
   15 | const int IBCAST_GIN_IB_ALLTOALL_TAG = 0xa1;
      |           ^~~~~~~~~~~~~~~~~~~~~~~~~~
1 warning generated when compiling for host.
[4227/4366] Building CXX object src/CMakeFiles/rccl.dir/__/hipify/src/transport/net_ib/p2p_tmp.cc.o
[4228/4366] Building CXX object src/CMakeFiles/rccl.dir/__/hipify/src/misc/recorder.cc.o
[4229/4366] Building CXX object src/CMakeFiles/rccl.dir/__/hipify/src/transport/net_ib_cast/init_tmp.cc.o
[4230/4366] Building CXX object src/CMakeFiles/rccl.dir/__/hipify/src/transport/net_ib/gin_tmp.cc.o
/work1/lmeadows/rccl-work/rccl-fakes/projects/rccl/build/release/hipify/src/transport/net_ib/gin_tmp.cc:14:11: warning: unused variable 'NCCL_GIN_IB_ALLTOALL_TAG' [-Wunused-const-variable]
   14 | const int NCCL_GIN_IB_ALLTOALL_TAG = 0xa1;
      |           ^~~~~~~~~~~~~~~~~~~~~~~~
1 warning generated when compiling for host.
[4231/4366] Building CXX object test/CMakeFiles/rccl-UnitTests.dir/__/src/misc/latency_profiler/CollTraceUtils.cc.o
[4232/4366] Building CXX object src/CMakeFiles/rccl.dir/__/hipify/src/rma/rma_ce.cc.o
[4233/4366] Building CXX object src/CMakeFiles/rccl.dir/__/hipify/src/misc/rocmwrap.cc.o
[4234/4366] Building CXX object src/CMakeFiles/rccl.dir/__/hipify/src/transport.cc.o
[4235/4366] Building CXX object src/CMakeFiles/rccl.dir/__/hipify/src/enqueue/task_sched/rma_sched.cc.o
[4236/4366] Building CXX object src/CMakeFiles/rccl.dir/__/hipify/src/gin/gin_host_proxy.cc.o
[4237/4366] Building CXX object src/CMakeFiles/rccl.dir/__/hipify/src/sym_kernels.cc.o
/work1/lmeadows/rccl-work/rccl-fakes/projects/rccl/build/release/hipify/src/sym_kernels.cc:51:20: warning: unused variable 'kernelMask_LSA' [-Wunused-const-variable]
   51 | constexpr uint32_t kernelMask_LSA =
      |                    ^~~~~~~~~~~~~~
1 warning generated when compiling for host.
[4238/4366] Building CXX object src/CMakeFiles/rccl.dir/__/hipify/src/enqueue/task_prep/task_pretuning.cc.o
[4239/4366] Building CXX object src/CMakeFiles/rccl.dir/__/hipify/src/transport/net_ib_cast/p2p_resiliency_tmp.cc.o
[4240/4366] Building CXX object test/CMakeFiles/rccl-UnitTestsAmdSmi.dir/common/main_altrsmi.cpp.o
[4241/4366] Building CXX object src/CMakeFiles/rccl.dir/__/hipify/src/algorithms/dda/ipc/ipc_init.cu.cpp.o
[4242/4366] Building CXX object src/CMakeFiles/rccl.dir/__/hipify/src/transport/net_ib/p2p_resiliency.cc.o
[4243/4366] Building CXX object src/CMakeFiles/rccl.dir/__/hipify/src/enqueue/task_prep/task_posttuning.cc.o
[4244/4366] Building CXX object test/CMakeFiles/rccl-UnitTestsAltRsmi.dir/common/main_altrsmi.cpp.o
[4245/4366] Building CXX object src/CMakeFiles/rccl.dir/__/hipify/src/group.cc.o
[4246/4366] Building CXX object src/CMakeFiles/rccl.dir/__/hipify/src/transport/net_ib/wqe_lat_mon.cc.o
[4247/4366] Building CXX object src/CMakeFiles/rccl.dir/__/hipify/src/misc/latency_profiler/CollTrace.cc.o
[4248/4366] Building CXX object src/CMakeFiles/rccl.dir/__/hipify/src/diagnostics/p2p.cc.o
[4249/4366] Building CXX object src/CMakeFiles/rccl.dir/__/hipify/src/plugin/profiler.cc.o
[4250/4366] Building CXX object src/CMakeFiles/rccl.dir/__/hipify/src/graph/connect.cc.o
[4251/4366] Building CXX object test/CMakeFiles/rccl-UnitTests.dir/__/src/misc/ibvsymbols.cc.o
[4252/4366] Building CXX object src/CMakeFiles/rccl.dir/__/hipify/src/rccl_wrap.cc.o
[4253/4366] Building CXX object src/CMakeFiles/rccl.dir/__/hipify/src/transport/net_ib/p2p_resiliency_recovery.cc.o
[4254/4366] Building CXX object src/CMakeFiles/rccl.dir/__/hipify/src/ras/diagnostics_checks_common.cc.o
[4255/4366] Building CXX object test/CMakeFiles/rccl-UnitTestsFixtures.dir/common/main_fixtures.cpp.o
[4256/4366] Building CXX object src/CMakeFiles/rccl.dir/__/hipify/src/transport/net_ib_cast/p2p_resiliency_recovery_tmp.cc.o
[4257/4366] Building CXX object src/CMakeFiles/rccl.dir/__/hipify/src/graph/xml.cc.o
[4258/4366] Building CXX object test/CMakeFiles/rccl-UnitTestsFixtures.dir/common/TestChecks.cpp.o
[4259/4366] Building CXX object src/CMakeFiles/rccl.dir/__/hipify/src/graph/paths.cc.o
[4260/4366] Building CXX object src/CMakeFiles/rccl.dir/__/hipify/src/ras/diagnostics_tmp.cc.o
[4261/4366] Building CXX object src/CMakeFiles/rccl.dir/__/hipify/src/algorithms/dda/fabric/fabric_init.cu.cpp.o
[4262/4366] Building CXX object test/CMakeFiles/rccl-UnitTests.dir/VersionGateTests.cpp.o
[4263/4366] Building CXX object src/CMakeFiles/rccl.dir/__/hipify/src/graph/rome_models.cc.o
[4264/4366] Building CXX object src/CMakeFiles/rccl.dir/__/hipify/src/ras/peers.cc.o
[4265/4366] Building CXX object test/CMakeFiles/rccl-UnitTestsFixtures.dir/common/EnvVars.cpp.o
[4266/4366] Building CXX object src/CMakeFiles/rccl.dir/__/hipify/src/ras/collectives_tmp.cc.o
[4267/4366] Building CXX object test/CMakeFiles/rccl-UnitTests.dir/AsymmetricVisibilityTests.cpp.o
[4268/4366] Building CXX object test/CMakeFiles/rccl-UnitTests.dir/common/PtrUnion.cpp.o
[4269/4366] Building CXX object src/CMakeFiles/rccl.dir/__/hipify/src/transport/net_ib/connect_tmp.cc.o
[4270/4366] Building CXX object test/CMakeFiles/rccl-UnitTestsFixtures.dir/IommuPassthrough_test.cpp.o
[4271/4366] Building CXX object src/CMakeFiles/rccl.dir/__/hipify/src/transport/net_ib/init_tmp.cc.o
[4272/4366] Building CXX object test/CMakeFiles/rccl-UnitTests.dir/common/CollectiveArgs.cpp.o
[4273/4366] Building CXX object test/CMakeFiles/rccl-UnitTests.dir/common/CallCollectiveForked.cpp.o
[4274/4366] Building CXX object src/CMakeFiles/rccl.dir/__/hipify/src/bootstrap.cc.o
[4275/4366] Building CXX object src/CMakeFiles/rccl.dir/__/hipify/src/transport/p2p_tmp.cc.o
/work1/lmeadows/rccl-work/rccl-fakes/projects/rccl/build/release/hipify/src/transport/p2p_tmp.cc:115:7: warning: logical not is only applied to the left hand side of this comparison [-Wlogical-not-parentheses]
  115 |   if (!CUDASUCCESS(hipGetDeviceCount(&ndev))) return -1;
      |       ^~~~~~~~~~~~~~~~~~~~~~~~~~~~~~~~~~~~~~
/work1/lmeadows/rccl-work/rccl-fakes/projects/rccl/build/release/hipify/src/transport/p2p_tmp.cc:115:7: note: add parentheses after the '!' to evaluate the comparison first
  115 |   if (!CUDASUCCESS(hipGetDeviceCount(&ndev))) return -1;
      |       ^                                     
      |        (                                    )
/work1/lmeadows/rccl-work/rccl-fakes/projects/rccl/build/release/hipify/src/transport/p2p_tmp.cc:115:7: note: add parentheses around left hand side expression to silence this warning
/work1/lmeadows/rccl-work/rccl-fakes/projects/rccl/build/release/hipify/src/transport/p2p_tmp.cc:118:9: warning: logical not is only applied to the left hand side of this comparison [-Wlogical-not-parentheses]
  118 |     if (!CUDASUCCESS(hipDeviceGetPCIBusId(devBusIdStr, NVML_DEVICE_PCI_BUS_ID_BUFFER_SIZE, i))) return -1;
      |         ^~~~~~~~~~~~~~~~~~~~~~~~~~~~~~~~~~~~~~~~~~~~~~~~~~~~~~~~~~~~~~~~~~~~~~~~~~~~~~~~~~~~~~
/work1/lmeadows/rccl-work/rccl-fakes/projects/rccl/build/release/hipify/src/transport/p2p_tmp.cc:118:9: note: add parentheses after the '!' to evaluate the comparison first
  118 |     if (!CUDASUCCESS(hipDeviceGetPCIBusId(devBusIdStr, NVML_DEVICE_PCI_BUS_ID_BUFFER_SIZE, i))) return -1;
      |         ^                                                                                     
      |          (                                                                                    )
/work1/lmeadows/rccl-work/rccl-fakes/projects/rccl/build/release/hipify/src/transport/p2p_tmp.cc:118:9: note: add parentheses around left hand side expression to silence this warning
/work1/lmeadows/rccl-work/rccl-fakes/projects/rccl/build/release/hipify/src/transport/p2p_tmp.cc:192:14: warning: logical not is only applied to the left hand side of this comparison [-Wlogical-not-parentheses]
  192 |   } else if (!CUDASUCCESS(hipDeviceCanAccessPeer(&p2p, cudaDev1, cudaDev2))) {
      |              ^~~~~~~~~~~~~~~~~~~~~~~~~~~~~~~~~~~~~~~~~~~~~~~~~~~~~~~~~~~~~~
/work1/lmeadows/rccl-work/rccl-fakes/projects/rccl/build/release/hipify/src/transport/p2p_tmp.cc:192:14: note: add parentheses after the '!' to evaluate the comparison first
  192 |   } else if (!CUDASUCCESS(hipDeviceCanAccessPeer(&p2p, cudaDev1, cudaDev2))) {
      |              ^                                                             
      |               (                                                            )
/work1/lmeadows/rccl-work/rccl-fakes/projects/rccl/build/release/hipify/src/transport/p2p_tmp.cc:192:14: note: add parentheses around left hand side expression to silence this warning
3 warnings generated when compiling for host.
[4276/4366] Building CXX object src/CMakeFiles/rccl.dir/__/hipify/src/transport/net_ib_cast/p2p_tmp.cc.o
[4277/4366] Building CXX object test/CMakeFiles/rccl-UnitTests.dir/NonBlockingTests.cpp.o
[4278/4366] Building CXX object src/CMakeFiles/rccl.dir/__/hipify/src/proxy.cc.o
/work1/lmeadows/rccl-work/rccl-fakes/projects/rccl/build/release/hipify/src/proxy.cc:1008:7: warning: logical not is only applied to the left hand side of this comparison [-Wlogical-not-parentheses]
 1008 |   if (!CUDASUCCESS(hipSetDevice(proxyState->cudaDev))) {
      |       ^~~~~~~~~~~~~~~~~~~~~~~~~~~~~~~~~~~~~~~~~~~~~~~
/work1/lmeadows/rccl-work/rccl-fakes/projects/rccl/build/release/hipify/src/proxy.cc:1008:7: note: add parentheses after the '!' to evaluate the comparison first
 1008 |   if (!CUDASUCCESS(hipSetDevice(proxyState->cudaDev))) {
      |       ^                                              
      |        (                                             )
/work1/lmeadows/rccl-work/rccl-fakes/projects/rccl/build/release/hipify/src/proxy.cc:1008:7: note: add parentheses around left hand side expression to silence this warning
/work1/lmeadows/rccl-work/rccl-fakes/projects/rccl/build/release/hipify/src/proxy.cc:1826:7: warning: logical not is only applied to the left hand side of this comparison [-Wlogical-not-parentheses]
 1826 |   if (!CUDASUCCESS(hipSetDevice(proxyState->cudaDev))) {
      |       ^~~~~~~~~~~~~~~~~~~~~~~~~~~~~~~~~~~~~~~~~~~~~~~
/work1/lmeadows/rccl-work/rccl-fakes/projects/rccl/build/release/hipify/src/proxy.cc:1826:7: note: add parentheses after the '!' to evaluate the comparison first
 1826 |   if (!CUDASUCCESS(hipSetDevice(proxyState->cudaDev))) {
      |       ^                                              
      |        (                                             )
/work1/lmeadows/rccl-work/rccl-fakes/projects/rccl/build/release/hipify/src/proxy.cc:1826:7: note: add parentheses around left hand side expression to silence this warning
/work1/lmeadows/rccl-work/rccl-fakes/projects/rccl/build/release/hipify/src/proxy.cc:2105:7: warning: logical not is only applied to the left hand side of this comparison [-Wlogical-not-parentheses]
 2105 |   if (!CUDASUCCESS(hipSetDevice(proxyState->cudaDev))) {
      |       ^~~~~~~~~~~~~~~~~~~~~~~~~~~~~~~~~~~~~~~~~~~~~~~
/work1/lmeadows/rccl-work/rccl-fakes/projects/rccl/build/release/hipify/src/proxy.cc:2105:7: note: add parentheses after the '!' to evaluate the comparison first
 2105 |   if (!CUDASUCCESS(hipSetDevice(proxyState->cudaDev))) {
      |       ^                                              
      |        (                                             )
/work1/lmeadows/rccl-work/rccl-fakes/projects/rccl/build/release/hipify/src/proxy.cc:2105:7: note: add parentheses around left hand side expression to silence this warning
3 warnings generated when compiling for host.
[4279/4366] Building CXX object src/CMakeFiles/rccl.dir/__/hipify/src/transport/coll_net.cc.o
[4280/4366] Building CXX object src/CMakeFiles/rccl.dir/__/hipify/src/transport/shm.cc.o
[4281/4366] Building CXX object test/CMakeFiles/rccl-UnitTests.dir/common/main.cpp.o
[4282/4366] Building CXX object src/CMakeFiles/rccl.dir/__/hipify/src/rma/rma_proxy.cc.o
[4283/4366] Building CXX object src/CMakeFiles/rccl.dir/__/hipify/src/dev_runtime.cc.o
/work1/lmeadows/rccl-work/rccl-fakes/projects/rccl/build/release/hipify/src/dev_runtime.cc:466:61: warning: format specifies type 'long long' but the argument has type 'hipMemGenericAllocationHandle_t' (aka 'struct ihipMemGenericAllocationHandle *') [-Wformat]
  465 |     INFO(NCCL_REG, "[%d] Segment %d, Type : %d, numSegments : %d, Segment size : %ld, memHandle : %lld", devr->lsaSelf,
      |                                                                                                   ~~~~
  466 |          segment, msg->type, numSegments, msg->segmentSize, msg->memHandle);
      |                                                             ^~~~~~~~~~~~~~
/work1/lmeadows/rccl-work/rccl-fakes/projects/rccl/build/release/hipify/src/include/debug.h:54:79: note: expanded from macro 'INFO'
   54 |       ncclDebugLog(NCCL_LOG_INFO, (unsigned long)(FLAGS), __func__, __LINE__, __VA_ARGS__); \
      |                                                                               ^~~~~~~~~~~
/work1/lmeadows/rccl-work/rccl-fakes/projects/rccl/build/release/hipify/src/dev_runtime.cc:1688:10: warning: variable 'ginAnvilNetSignalsOffset' set but not used [-Wunused-but-set-variable]
 1688 |   size_t ginAnvilNetSignalsOffset = 0;
      |          ^
2 warnings generated when compiling for host.
[4284/4366] Building CXX object test/CMakeFiles/rccl-UnitTests.dir/proxy_trace/ProxyTraceUnitTests.cpp.o
[4285/4366] Building CXX object test/CMakeFiles/rccl-UnitTests.dir/ReduceScatterTests.cpp.o
[4286/4366] Building CXX object test/CMakeFiles/rccl-UnitTests.dir/ReduceTests.cpp.o
[4287/4366] Building CXX object src/CMakeFiles/rccl.dir/__/hipify/src/transport/net_ib_cast/connect_tmp.cc.o
[4288/4366] Building CXX object test/CMakeFiles/rccl-UnitTests.dir/GinPluginInitFailTests.cpp.o
[4289/4366] Building CXX object test/CMakeFiles/rccl-UnitTests.dir/AllToAllTests.cpp.o
[4290/4366] Building CXX object src/CMakeFiles/rccl.dir/__/hipify/src/ras/client_support.cc.o
[4291/4366] Building CXX object test/CMakeFiles/rccl-UnitTests.dir/ProfilerPluginCloseTests.cpp.o
[4292/4366] Building CXX object test/CMakeFiles/rccl-UnitTests.dir/GatherTests.cpp.o
[4293/4366] Building CXX object test/CMakeFiles/rccl-UnitTests.dir/ScatterTests.cpp.o
[4294/4366] Building CXX object test/CMakeFiles/rccl-UnitTestsFixtures.dir/device/HierarchicalShuffleTests.cpp.o
[4295/4366] Building CXX object src/CMakeFiles/rccl.dir/__/hipify/src/ras/ras.cc.o
[4296/4366] Building CXX object src/CMakeFiles/rccl.dir/__/hipify/src/ce_coll.cc.o
/work1/lmeadows/rccl-work/rccl-fakes/projects/rccl/build/release/hipify/src/ce_coll.cc:2211:9: warning: unused variable 'peerSignalAddr' [-Wunused-variable]
 2211 |   void* peerSignalAddr = nullptr;
      |         ^~~~~~~~~~~~~~
1 warning generated when compiling for host.
[4297/4366] Building CXX object test/CMakeFiles/rccl-UnitTestsGdr.dir/GdrPeerMemTests.cpp.o
[4298/4366] Building CXX object test/CMakeFiles/rccl-UnitTestsAltRsmi.dir/__/src/misc/alt_rsmi.cc.o
[4299/4366] Building CXX object test/CMakeFiles/rccl-UnitTests.dir/CpuAffinityTests.cpp.o
[4300/4366] Building CXX object test/CMakeFiles/rccl-UnitTestsFixtures.dir/device/TestTDM.cpp.o
[4301/4366] Building CXX object src/CMakeFiles/rccl.dir/__/hipify/src/transport/net_tmp.cc.o
[4302/4366] Building CXX object test/CMakeFiles/rccl-UnitTests.dir/AllToAllVTests.cpp.o
[4303/4366] Building CXX object test/CMakeFiles/rccl-UnitTestsFixtures.dir/DdaCollCommonTests.cpp.o
[4304/4366] Building CXX object test/CMakeFiles/rccl-UnitTests.dir/TeardownStressTests.cpp.o
[4305/4366] Building CXX object test/CMakeFiles/rccl-UnitTestsFixtures.dir/RomeTopoConsensusTests.cpp.o
[4306/4366] Building CXX object test/CMakeFiles/rccl-UnitTests.dir/IbvSymbolsEnvTests.cpp.o
[4307/4366] Building CXX object test/CMakeFiles/rccl-UnitTests.dir/common/TestBedChild.cpp.o
[4308/4366] Building CXX object test/CMakeFiles/rccl-UnitTests.dir/common/EnvVars.cpp.o
[4309/4366] Building CXX object test/CMakeFiles/rccl-UnitTests.dir/BroadcastTests.cpp.o
[4310/4366] Building CXX object test/CMakeFiles/rccl-UnitTestsFixtures.dir/MatchSubnet_test.cpp.o
[4311/4366] Building CXX object test/CMakeFiles/rccl-UnitTestsFixtures.dir/device/GinAnvilIpcDevice_test.cpp.o
[4312/4366] Building CXX object test/CMakeFiles/rccl-UnitTestsFixtures.dir/device/LlFifoSysScopeTests.cpp.o
[4313/4366] Building CXX object test/CMakeFiles/rccl-UnitTests.dir/SendRecvTests.cpp.o
[4314/4366] Building CXX object src/CMakeFiles/rccl.dir/__/hipify/src/graph/search.cc.o
[4315/4366] Building CXX object test/CMakeFiles/rccl-UnitTests.dir/AllGatherTests.cpp.o
[4316/4366] Building CXX object src/CMakeFiles/rccl.dir/__/hipify/src/graph/topo.cc.o
[4317/4366] Building CXX object test/CMakeFiles/rccl-UnitTests.dir/__/src/misc/proxy_trace/proxy_trace.cc.o
[4318/4366] Building CXX object test/CMakeFiles/rccl-UnitTests.dir/RegisterTests.cpp.o
[4319/4366] Building CXX object test/CMakeFiles/rccl-UnitTestsAmdSmi.dir/AmdSmiFabricTests.cpp.o
[4320/4366] Building CXX object test/CMakeFiles/rccl-UnitTests.dir/RasJsonTests.cpp.o
[4321/4366] Building CXX object test/CMakeFiles/rccl-UnitTests.dir/DdaIpcTests.cpp.o
[4322/4366] Building CXX object test/CMakeFiles/rccl-UnitTests.dir/latency_profiler/LatencyProfilerUnitTest.cpp.o
[4323/4366] Building CXX object test/CMakeFiles/rccl-UnitTests.dir/AllReduceTests.cpp.o
[4324/4366] Building CXX object test/CMakeFiles/rccl-UnitTests.dir/P2pChannelScalingTests.cpp.o
[4325/4366] Building CXX object test/CMakeFiles/rccl-UnitTestsFixtures.dir/device/RcclEpTests.cpp.o
[4326/4366] Building CXX object test/CMakeFiles/rccl-UnitTests.dir/NetPluginReloadTests.cpp.o
[4327/4366] Building CXX object test/CMakeFiles/rccl-UnitTests.dir/StandaloneTests.cpp.o
[4328/4366] Building CXX object test/CMakeFiles/rccl-UnitTests.dir/GroupCallTests.cpp.o
[4329/4366] Building CXX object test/CMakeFiles/rccl-UnitTests.dir/DeviceResourceRequirementTests.cpp.o
[4330/4366] Building CXX object src/CMakeFiles/rccl.dir/__/hipify/src/enqueue/enqueue.cc.o
/work1/lmeadows/rccl-work/rccl-fakes/projects/rccl/build/release/hipify/src/enqueue/enqueue.cc:152:13: warning: logical not is only applied to the left hand side of this comparison [-Wlogical-not-parentheses]
  152 |         if (!CUDASUCCESS(hipFuncGetAttributes(&attr,reinterpret_cast<const void*>(fn)))) continue; // Silently ignore failures
      |             ^~~~~~~~~~~~~~~~~~~~~~~~~~~~~~~~~~~~~~~~~~~~~~~~~~~~~~~~~~~~~~~~~~~~~~~~~~~
/work1/lmeadows/rccl-work/rccl-fakes/projects/rccl/build/release/hipify/src/enqueue/enqueue.cc:152:13: note: add parentheses after the '!' to evaluate the comparison first
  152 |         if (!CUDASUCCESS(hipFuncGetAttributes(&attr,reinterpret_cast<const void*>(fn)))) continue; // Silently ignore failures
      |             ^                                                                          
      |              (                                                                         )
/work1/lmeadows/rccl-work/rccl-fakes/projects/rccl/build/release/hipify/src/enqueue/enqueue.cc:152:13: note: add parentheses around left hand side expression to silence this warning
1 warning generated when compiling for host.
[4331/4366] Building CXX object test/CMakeFiles/rccl-UnitTestsFixtures.dir/device/GinDeviceTests.cpp.o
In file included from /work1/lmeadows/rccl-work/rccl-fakes/projects/rccl/test/device/GinDeviceTests.cpp:15:
In file included from /work1/lmeadows/rccl-work/rccl-fakes/projects/rccl/build/release/hipify/src/include/nccl_device/impl/core__funcs.h:14:
In file included from /work1/lmeadows/rccl-work/rccl-fakes/projects/rccl/build/release/hipify/src/include/nccl_device/impl/ptr__types.h:10:
/work1/lmeadows/rccl-work/rccl-fakes/projects/rccl/build/release/hipify/src/include/nccl_device/impl/../ptr.h:20:37: warning: inline function 'ncclSymPtr<char>::ncclSymPtr' is not defined [-Wundefined-inline]
   20 |   NCCL_HOST_DEVICE_INLINE constexpr ncclSymPtr(ncclWindow_t window = nullptr, size_t offset = 0);
      |                                     ^
/work1/lmeadows/rccl-work/rccl-fakes/projects/rccl/build/release/hipify/src/include/nccl_device/impl/core__funcs.h:329:10: note: used here
  329 |   return ncclSymPtr<char>(comm.resourceWindow, size_t(h) * 128);
      |          ^
1 warning generated when compiling for gfx950.
In file included from /work1/lmeadows/rccl-work/rccl-fakes/projects/rccl/test/device/GinDeviceTests.cpp:15:
In file included from /work1/lmeadows/rccl-work/rccl-fakes/projects/rccl/build/release/hipify/src/include/nccl_device/impl/core__funcs.h:14:
In file included from /work1/lmeadows/rccl-work/rccl-fakes/projects/rccl/build/release/hipify/src/include/nccl_device/impl/ptr__types.h:10:
/work1/lmeadows/rccl-work/rccl-fakes/projects/rccl/build/release/hipify/src/include/nccl_device/impl/../ptr.h:20:37: warning: inline function 'ncclSymPtr<char>::ncclSymPtr' is not defined [-Wundefined-inline]
   20 |   NCCL_HOST_DEVICE_INLINE constexpr ncclSymPtr(ncclWindow_t window = nullptr, size_t offset = 0);
      |                                     ^
/work1/lmeadows/rccl-work/rccl-fakes/projects/rccl/build/release/hipify/src/include/nccl_device/impl/core__funcs.h:329:10: note: used here
  329 |   return ncclSymPtr<char>(comm.resourceWindow, size_t(h) * 128);
      |          ^
1 warning generated when compiling for host.
[4332/4366] Building CXX object test/CMakeFiles/rccl-UnitTestsFixtures.dir/DeviceApiTests.cpp.o
In file included from /work1/lmeadows/rccl-work/rccl-fakes/projects/rccl/test/DeviceApiTests.cpp:18:
In file included from /work1/lmeadows/rccl-work/rccl-fakes/projects/rccl/build/release/hipify/src/include/nccl_device/impl/core__funcs.h:14:
In file included from /work1/lmeadows/rccl-work/rccl-fakes/projects/rccl/build/release/hipify/src/include/nccl_device/impl/ptr__types.h:10:
/work1/lmeadows/rccl-work/rccl-fakes/projects/rccl/build/release/hipify/src/include/nccl_device/impl/../ptr.h:20:37: warning: inline function 'ncclSymPtr<char>::ncclSymPtr' is not defined [-Wundefined-inline]
   20 |   NCCL_HOST_DEVICE_INLINE constexpr ncclSymPtr(ncclWindow_t window = nullptr, size_t offset = 0);
      |                                     ^
/work1/lmeadows/rccl-work/rccl-fakes/projects/rccl/build/release/hipify/src/include/nccl_device/impl/core__funcs.h:329:10: note: used here
  329 |   return ncclSymPtr<char>(comm.resourceWindow, size_t(h) * 128);
      |          ^
1 warning generated when compiling for gfx950.
In file included from /work1/lmeadows/rccl-work/rccl-fakes/projects/rccl/test/DeviceApiTests.cpp:18:
In file included from /work1/lmeadows/rccl-work/rccl-fakes/projects/rccl/build/release/hipify/src/include/nccl_device/impl/core__funcs.h:14:
In file included from /work1/lmeadows/rccl-work/rccl-fakes/projects/rccl/build/release/hipify/src/include/nccl_device/impl/ptr__types.h:10:
/work1/lmeadows/rccl-work/rccl-fakes/projects/rccl/build/release/hipify/src/include/nccl_device/impl/../ptr.h:20:37: warning: inline function 'ncclSymPtr<char>::ncclSymPtr' is not defined [-Wundefined-inline]
   20 |   NCCL_HOST_DEVICE_INLINE constexpr ncclSymPtr(ncclWindow_t window = nullptr, size_t offset = 0);
      |                                     ^
/work1/lmeadows/rccl-work/rccl-fakes/projects/rccl/build/release/hipify/src/include/nccl_device/impl/core__funcs.h:329:10: note: used here
  329 |   return ncclSymPtr<char>(comm.resourceWindow, size_t(h) * 128);
      |          ^
1 warning generated when compiling for host.
[4333/4366] Building CXX object test/CMakeFiles/rccl-UnitTestsFixtures.dir/CheapPostSendFenceTests.cpp.o
[4334/4366] Building CXX object test/CMakeFiles/rccl-UnitTestsFixtures.dir/device/TestLdsTransfer.cpp.o
[4335/4366] Building CXX object test/CMakeFiles/rccl-UnitTestsFixtures.dir/device/TestTdmCopy.cpp.o
[4336/4366] Building CXX object test/CMakeFiles/rccl-UnitTests.dir/common/ProcessIsolatedTestRunner.cpp.o
[4337/4366] Building CXX object test/CMakeFiles/rccl-UnitTestsFixtures.dir/common/ProcessIsolatedTestRunner.cpp.o
[4338/4366] Building CXX object test/CMakeFiles/rccl-UnitTestsAltRsmi.dir/common/ProcessIsolatedTestRunner.cpp.o
[4339/4366] Building CXX object test/CMakeFiles/rccl-UnitTests.dir/common/TestBed.cpp.o
[4340/4366] Building CXX object test/CMakeFiles/rccl-UnitTests.dir/__/src/misc/recorder.cc.o
[4341/4366] Building CXX object test/CMakeFiles/rccl-UnitTestsFixtures.dir/device/TestAsyncCopy.cpp.o
[4342/4366] Building CXX object test/CMakeFiles/rccl-UnitTestsFixtures.dir/device/TestOp128.cpp.o
[4343/4366] Building CXX object test/CMakeFiles/rccl-UnitTests.dir/CollImplInfoTests.cpp.o
In file included from /work1/lmeadows/rccl-work/rccl-fakes/projects/rccl/test/CollImplInfoTests.cpp:43:
In file included from /work1/lmeadows/rccl-work/rccl-fakes/projects/rccl/build/release/hipify/src/include/rccl_common.h:27:
In file included from /work1/lmeadows/rccl-work/rccl-fakes/projects/rccl/build/release/hipify/src/include/core.h:32:
/work1/lmeadows/rccl-work/rccl-fakes/projects/rccl/build/release/hipify/src/include/checks.h:144:9: warning: 'NCCLCHECK' macro redefined [-Wmacro-redefined]
  144 | #define NCCLCHECK(call) \
      |         ^
/work1/lmeadows/rccl-work/rccl-fakes/projects/rccl/test/./common/StandaloneUtils.hpp:20:9: note: previous definition is here
   20 | #define NCCLCHECK(cmd) do {                                     \
      |         ^
/work1/lmeadows/rccl-work/rccl-fakes/projects/rccl/test/CollImplInfoTests.cpp:463:13: warning: ignoring return value of type 'hipError_t' declared with 'nodiscard' attribute [-Wunused-value]
  463 |             hipStreamDestroy(streams[j]);
      |             ^~~~~~~~~~~~~~~~~~~~~~~~~~~~
2 warnings generated when compiling for gfx950.
In file included from /work1/lmeadows/rccl-work/rccl-fakes/projects/rccl/test/CollImplInfoTests.cpp:43:
In file included from /work1/lmeadows/rccl-work/rccl-fakes/projects/rccl/build/release/hipify/src/include/rccl_common.h:27:
In file included from /work1/lmeadows/rccl-work/rccl-fakes/projects/rccl/build/release/hipify/src/include/core.h:32:
/work1/lmeadows/rccl-work/rccl-fakes/projects/rccl/build/release/hipify/src/include/checks.h:144:9: warning: 'NCCLCHECK' macro redefined [-Wmacro-redefined]
  144 | #define NCCLCHECK(call) \
      |         ^
/work1/lmeadows/rccl-work/rccl-fakes/projects/rccl/test/./common/StandaloneUtils.hpp:20:9: note: previous definition is here
   20 | #define NCCLCHECK(cmd) do {                                     \
      |         ^
/work1/lmeadows/rccl-work/rccl-fakes/projects/rccl/test/CollImplInfoTests.cpp:463:13: warning: ignoring return value of type 'hipError_t' declared with 'nodiscard' attribute [-Wunused-value]
  463 |             hipStreamDestroy(streams[j]);
      |             ^~~~~~~~~~~~~~~~~~~~~~~~~~~~
2 warnings generated when compiling for host.
[4344/4366] Building CXX object test/CMakeFiles/rccl-UnitTestsFixtures.dir/MiscTests.cpp.o
[4345/4366] Building CXX object test/CMakeFiles/rccl-UnitTests.dir/_RecorderTests.cpp.o
[4346/4366] Building CXX object test/CMakeFiles/rccl-UnitTests.dir/common/StandaloneUtils.cpp.o
[4347/4366] Building CXX object test/CMakeFiles/rccl-UnitTestsFixtures.dir/EnqueueCountTests.cpp.o
[4348/4366] Building CXX object test/CMakeFiles/rccl-UnitTestsFixtures.dir/VersionInfoTests.cpp.o
[4349/4366] Building CXX object test/CMakeFiles/rccl-UnitTestsAltRsmi.dir/AltRsmiTests.cpp.o
[4350/4366] Building CXX object test/CMakeFiles/rccl-UnitTests.dir/DoneEventOrderingTests.cpp.o
[4351/4366] Building CXX object src/CMakeFiles/rccl.dir/__/hipify/src/init.cc.o
[4352/4366] Linking CXX shared library librccl.so.1.0
Elapsed time: 0 s. (time), 0.000333 s. (clock)
[4353/4366] Creating library symlink librccl.so.1 librccl.so
[rccl] hip_fatbin tail check: OK (host window 9.6 MiB <= 2 GiB, margin 2038.4 MiB; .hip_fatbin 26.8 MiB at file offset 0x643000, at image tail)
[4354/4366] Linking CXX executable src/rcclras
[4355/4366] Linking CXX executable test/rccl-UnitTestsGdr
[4356/4366] Linking CXX executable test/rccl-UnitTestsAmdSmi
[4357/4366] Linking CXX executable test/rccl-UnitTestsAltRsmi
[4358/4366] Linking CXX executable test/rccl-UnitTests
[4359/4366] Building CXX object test/CMakeFiles/rccl-UnitTestsFixtures.dir/BitOpsTests.cpp.o
[4360/4366] Linking CXX executable test/rccl-UnitTestsFixtures
[4361/4366] Building CXX object test/host/CMakeFiles/rccl-UnitTestsMicroInit.dir/init-test.cc.o
[4362/4366] Linking CXX executable test/host/rccl-UnitTestsMicroInit
[4363/4366] Building CXX object test/host/CMakeFiles/rccl-UnitTestsMicroInit-uncached.dir/init-test.cc.o
[4364/4366] Linking CXX executable test/host/rccl-UnitTestsMicroInit-uncached
[4365/4366] Building CXX object test/host/CMakeFiles/rccl-UnitTestsMicroInit-faultinj.dir/init-test.cc.o
[4366/4366] Linking CXX executable test/host/rccl-UnitTestsMicroInit-faultinj
